No,Platform,Unit,Channel,Status,Year,Month,Videos Published,Lifetime Subscriber/Followers,New Subscribers/Followers,Views (Cumulative), Revenue (USD), Revenue (IDR),Impressions,Reach,Engagement,"View
Male (%)","View
Female (%)","View
Other (%)",13 - 17 Years,18 - 24 Years,25 - 34 Years,35 - 44 Years,45 - 54 Years,55 - 64 Years,65+ Years,Notes Demografi
961,Facebook,IDX Channel,IDX CHANNEL,Active,2024,January,"1,221","172,981",766,data tidak keluar,  -   ,  -   ,,,,,,,,,,,,,,
962,Facebook,IDX Channel,IDX CHANNEL,Active,2024,February,"1,293","173,137",156,data tidak keluar,  -   ,  -   ,,,,,,,,,,,,,,
963,Facebook,IDX Channel,IDX CHANNEL,Active,2024,March,"1,721","173,289",152,data tidak keluar,  -   ,  -   ,,,,,,,,,,,,,,
964,Facebook,IDX Channel,IDX CHANNEL,Active,2024,April,"2,122","173,666",377,data tidak keluar,  -   ,  -   ,,,,,,,,,,,,,,
965,Facebook,IDX Channel,IDX CHANNEL,Active,2024,May,"2,310","174,884","1,218",data tidak keluar,  -   ,  -   ,,,,,,,,,,,,,,
966,Facebook,IDX Channel,IDX CHANNEL,Active,2024,June,"1,857","175,125",241,data tidak keluar,  -   ,  -   ,,,,,,,,,,,,,,
967,Facebook,IDX Channel,IDX CHANNEL,Active,2024,July,"1,981","175,624",499,data tidak keluar,  -   ,  -   ,,,,,,,,,,,,,,
968,Facebook,IDX Channel,IDX CHANNEL,Active,2024,August,"1,804","175,804",180,data tidak keluar,  -   ,  -   ,,,,,,,,,,,,,,
969,Facebook,IDX Channel,IDX CHANNEL,Active,2024,September,"1,917","177,598","1,794",data tidak keluar,  -   ,  -   ,,,,,,,,,,,,,,
970,Facebook,IDX Channel,IDX CHANNEL,Active,2024,October,"2,380","179,118","1,520","9,393,996",  -   ,  -   ,,,,,,,,,,,,,,
971,Facebook,IDX Channel,IDX CHANNEL,Active,2024,November,"3,451","179,713",595,"2,080,946",  -   ,  -   ,,,,,,,,,,,,,,
972,Facebook,IDX Channel,IDX CHANNEL,Active,2024,December,"3,001","181,212","1,499","6,350,289",  -   ,  -   ,,,,,,,,,,,,,,
973,Facebook,IDX Channel,IDX CHANNEL,Active,2025,January,"2,537","181,795",583,"2,921,277",  -   ,  -   ,,"1,528,446.00","37,541",,,,,,,,,,,
974,Facebook,IDX Channel,IDX CHANNEL,Active,2025,February,"2,134","184,792","2,997","4,058,525",  -   ,  -   ,,"1,929,900.00","69,048",,,,,,,,,,,
975,Facebook,IDX Channel,IDX CHANNEL,Active,2025,March,"2,179","185,529",737,"2,485,021",  -   ,  -   ,,"934,907.00","19,729",,,,,,,,,,,
976,Facebook,IDX Channel,IDX CHANNEL,Active,2025,April,356,"185,646",117,"213,227",  -   ,  -   ,,"48,431.00","3,443",,,,,,,,,,,
977,Facebook,IDX Channel,IDX CHANNEL,Active,2025,May,559,"185,781",135,"269,578",  -   ,  -   ,,"57,035.00","3,957",,,,,,,,,,,
978,Facebook,IDX Channel,IDX CHANNEL,Active,2025,June,165,"188,444","2,663","8,649,165",  -   ,  -   ,,"3,898,013.00","59,536",,,,,,,,,,,
979,Facebook,IDX Channel,IDX CHANNEL,Active,2025,July,228,"190,927","2,730","8,910,633",  -   ,  -   ,,"4,096,097","32,554",70.70%,29.30%,,-,9.10%,35.60%,30.50%,16.00%,5.10%,3.70%,Demografi by Followers
980,Facebook,IDX Channel,IDX CHANNEL,Active,2025,August,200,"192,986","2,338","9,749,165",  1 ,"  17,000 ",,"3,870,767","41,290",70.90%,29.10%,,,8.70%,35.90%,30.50%,16.10%,5.10%,3.70%,Demografi by Followers
981,Facebook,IDX Channel,IDX CHANNEL,Active,2025,September,120,"193,717","1,290","4,253,636",  1 ,"  17,000 ",,"1,716,783","18,480",71.00%,29.00%,,,8.30%,36.10%,30.60%,16.10%,5.20%,3.70%,Demografi by Followers
982,Facebook,IDX Channel,IDX CHANNEL,Active,2025,October,93,"195,253","2,118","2,062,797",  14 ,"  238,000 ",,"857,690","13,021",71.10%,28.90%,,,7.90%,36.50%,30.60%,16.20%,5.20%,3.60%,Demografi by Followers
983,Facebook,IDX Channel,IDX CHANNEL,Active,2025,November,604,"206,445","11,690","15,379,356",  114 ,"  1,938,000 ",,"3,753,493","119,069",72.00%,28.00%,,,7.80%,37.10%,30.50%,16.00%,5.10%,3.50%,Demografi by Followers
984,Facebook,IDX Channel,IDX CHANNEL,Active,2025,December,485,"223,445","18,439","22,744,318",  189 ,"  3,213,000 ",,"7,299,612","229,872",73.30%,26.70%,,,7.70%,38.00%,30.30%,15.60%,4.90%,3.50%,Demografi by Followers
985,Facebook,IDX Channel,IDX CHANNEL,Active,2026,January,595,"251,471","26,967","17,611,124",  195 ,"  3,315,000 ",,"4,496,026","177,229",74.80%,25.20%,,,8.20%,38.90%,30.00%,15.00%,4.70%,3.20%,Demografi by Followers
986,Facebook,IDX Channel,IDX CHANNEL,Active,2026,February,583,"260,151","9,776","9,853,068",  125 ,"  2,125,000 ",,"2,347,947","89,160",75.20%,24.80%,,,8.20%,39.00%,30.00%,15.00%,4.70%,3.10%,Demografi by Followers
987,Facebook,IDX Channel,IDX CHANNEL,Active,2026,March,738,"276,877","17,848","29,697,935",  284 ,"  4,828,000 ",,"10,122,850","271,017",75.80%,24.20%,,,7.90%,38.70%,30.40%,15.20%,4.70%,3.10%,Demografi by Followers
988,Facebook,IDX Channel,IDX CHANNEL,Active,2026,April,"1,370","288,506","12,502","32,244,575",  402 ,"  6,834,000 ",,"7,615,094","243,489",76.10%,23.90%,,,7.90%,38.40%,30.60%,15.30%,4.70%,3.10%,Demografi by Followers
989,Facebook,IDX Channel,IDX CHANNEL,Active,2026,May,"1,248","293,577","6,468","22,363,681",  275 ,"  4,675,000 ",,"3,679,440","161,056",76.40%,23.60%,,,7.60%,38.60%,30.60%,15.40%,4.70%,3.10%,Demografi by Followers
990,Facebook,IDX Channel,IDX CHANNEL,Active,2026,June,934,"297,805","6,092","13,944,280",  217 ,"  3,689,000 ",,"3,792,034","161,836",76.40%,23.60%,,,7.50%,38.50%,30.70%,15.40%,4.80%,3.10%,Demografi by Followers
991,Facebook,IDX Channel,IDX CHANNEL,Active,2026,July,985,"300,595","4,374","11,142,754",  146 ,"  2,482,000 ",,"4,474,161","139,397",77.40%,22.60%,,,7.40%,38.40%,30.80%,15.70%,4.80%,2.90%,Demografi by Followers
992,Facebook,IDX Channel,IDX CHANNEL,Active,2026,August,,,,,,  -   ,,,,,,,,,,,,,,
993,Facebook,IDX Channel,IDX CHANNEL,Active,2026,September,,,,,,  -   ,,,,,,,,,,,,,,
994,Facebook,IDX Channel,IDX CHANNEL,Active,2026,October,,,,,,  -   ,,,,,,,,,,,,,,
995,Facebook,IDX Channel,IDX CHANNEL,Active,2026,November,,,,,,  -   ,,,,,,,,,,,,,,
996,Facebook,IDX Channel,IDX CHANNEL,Active,2026,December,,,,,,  -   ,,,,,,,,,,,,,,
1009,Facebook,iNews,Buletin iNews GTV,Active,2024,January,"2,876","1,112,797","13,399",data tidak keluar,  231 ,"  3,927,000 ",,,,,,,,,,,,,,
1010,Facebook,iNews,Buletin iNews GTV,Active,2024,February,"2,270","1,121,355","8,558",data tidak keluar,  247 ,"  4,199,000 ",,,,,,,,,,,,,,
1011,Facebook,iNews,Buletin iNews GTV,Active,2024,March,"3,530","1,135,403","14,048",data tidak keluar,  349 ,"  5,933,000 ",,,,,,,,,,,,,,
1012,Facebook,iNews,Buletin iNews GTV,Active,2024,April,"4,166","1,145,959","10,556",data tidak keluar,  117 ,"  1,989,000 ",,,,,,,,,,,,,,
1013,Facebook,iNews,Buletin iNews GTV,Active,2024,May,"3,571","1,157,737","11,778",data tidak keluar,  251 ,"  4,267,000 ",,,,,,,,,,,,,,
1014,Facebook,iNews,Buletin iNews GTV,Active,2024,June,"4,333","1,163,679","5,942",data tidak keluar,  118 ,"  2,006,000 ",,,,,,,,,,,,,,
1015,Facebook,iNews,Buletin iNews GTV,Active,2024,July,"2,942","1,169,335","5,656",data tidak keluar,  111 ,"  1,887,000 ",,,,,,,,,,,,,,
1016,Facebook,iNews,Buletin iNews GTV,Active,2024,August,"1,483","1,175,302","5,967",data tidak keluar,  106 ,"  1,802,000 ",,,,,,,,,,,,,,
1017,Facebook,iNews,Buletin iNews GTV,Active,2024,September,"1,729","1,190,579","15,277",data tidak keluar,  188 ,"  3,196,000 ",,,,,,,,,,,,,,
1018,Facebook,iNews,Buletin iNews GTV,Active,2024,October,"3,019","1,196,971","6,392","12,528,499",  39 ,"  663,000 ",,,,,,,,,,,,,,
1019,Facebook,iNews,Buletin iNews GTV,Active,2024,November,"4,000","1,215,574","18,603","21,457,196",  515 ,"  8,755,000 ",,,,,,,,,,,,,,
1020,Facebook,iNews,Buletin iNews GTV,Active,2024,December,"2,983","1,223,128","7,554","20,898,237",  151 ,"  2,567,000 ",,,,,,,,,,,,,,
1021,Facebook,iNews,Buletin iNews GTV,Active,2025,January,"5,032","1,229,539","6,411","23,274,700",  76 ,"  1,292,000 ",,data tidak ada,"112,745",,,,,,,,,,,
1022,Facebook,iNews,Buletin iNews GTV,Active,2025,February,"3,800","1,236,302","6,763","19,756,623",  71 ,"  1,207,000 ",,data tidak ada,"115,865",,,,,,,,,,,
1023,Facebook,iNews,Buletin iNews GTV,Active,2025,March,"3,566","1,247,775","11,473","21,729,919",  113 ,"  1,921,000 ",,data tidak ada,"152,415",,,,,,,,,,,
1024,Facebook,iNews,Buletin iNews GTV,Active,2025,April,"4,106","1,256,393","8,618","19,893,900",  79 ,"  1,343,000 ",,data tidak ada,"141,408",,,,,,,,,,,
1025,Facebook,iNews,Buletin iNews GTV,Active,2025,May,"3,721","1,264,115","7,722","17,658,638",  86 ,"  1,462,000 ",,data tidak ada,"147,084",,,,,,,,,,,
1026,Facebook,iNews,Buletin iNews GTV,Active,2025,June,825,"1,273,209","9,094","12,570,520",  90 ,"  1,530,000 ",,data tidak ada,"120,634",,,,,,,,,,,
1027,Facebook,iNews,Buletin iNews GTV,Active,2025,July,142,"1,274,852","2,711","2,969,682",  20 ,"  340,000 ",,"933,260","23,337",67.50%,32.50%,,-,17.20%,38.40%,27.70%,10.90%,3.40%,2.40%,Demografi by Followers
1028,Facebook,iNews,Buletin iNews GTV,Active,2025,August,20,"1,277,019","3,954","1,910,114",  20 ,"  340,000 ",,"945,992","25,450",67.60%,32.40%,,,16.70%,38.70%,27.70%,11.00%,3.50%,2.40%,Demografi by Followers
1029,Facebook,iNews,Buletin iNews GTV,Active,2025,September,29,"1,280,890","6,022","2,184,653",  23 ,"  391,000 ",,"1,347,092","35,786",67.50%,32.50%,,,16.30%,38.70%,27.90%,11.20%,3.50%,2.40%,Demografi by Followers
1030,Facebook,iNews,Buletin iNews GTV,Active,2025,October,47,"1,281,820","3,739","1,519,350",  17 ,"  289,000 ",,"845,873","19,824",67.70%,32.30%,,,15.80%,39.00%,28.00%,11.30%,3.50%,2.40%,Demografi by Followers
1031,Facebook,iNews,Buletin iNews GTV,Active,2025,November,22,"1,281,711","2,408","984,474",  12 ,"  204,000 ",,"510,789","11,660",67.70%,32.30%,,,15.50%,39.10%,28.10%,11.40%,3.50%,2.40%,Demografi by Followers
1032,Facebook,iNews,Buletin iNews GTV,Active,2025,December,7,"1,280,120",365,"166,205",  2 ,"  34,000 ",,"113,488","1,000",67.50%,32.50%,,,15.00%,39.10%,28.20%,11.60%,3.70%,2.40%,Demografi by Followers
1033,Facebook,iNews,Buletin iNews GTV,Active,2026,January,7,"1,278,360",340,"156,403",  -   ,  -   ,,"101,679",612,67.50%,32.50%,,,14.70%,39.20%,28.30%,11.60%,3.70%,2.50%,Demografi by Followers
1034,Facebook,iNews,Buletin iNews GTV,Active,2026,February,19,"1,276,920",264,"180,411",  -   ,  -   ,,"94,234",564,67.50%,32.50%,,,14.50%,39.20%,28.30%,11.70%,3.70%,2.60%,Demografi by Followers
1035,Facebook,iNews,Buletin iNews GTV,Active,2026,March,5,"1,275,514",337,"177,152",  -   ,  -   ,,"122,007",609,67.30%,32.70%,,,14.30%,39.20%,28.30%,11.80%,3.80%,2.60%,Demografi by Followers
1036,Facebook,iNews,Buletin iNews GTV,Active,2026,April,5,"1,273,786",322,"150,362",  -   ,  -   ,,"108,367",605,67.30%,32.70%,,,14.10%,39.30%,28.40%,11.80%,3.80%,2.60%,Demografi by Followers
1037,Facebook,iNews,Buletin iNews GTV,Active,2026,May,2,"1,271,594",319,"126,185",  -   ,  -   ,,"92,762",582,67.50%,32.50%,,,13.60%,39.50%,28.50%,12.00%,3.80%,2.60%,Demografi by Followers
1038,Facebook,iNews,Buletin iNews GTV,Active,2026,June,4,"1,268,193",263,"136,404",  -   ,  -   ,,"94,186",464,67.50%,32.50%,,,13.50%,39.50%,28.60%,12.00%,3.80%,2.60%,Demografi by Followers
1039,Facebook,iNews,Buletin iNews GTV,Active,2026,July,1,"1,265,344",316,"134,005",  -   ,  -   ,,"96,756",584,69.00%,31.00%,,,11.10%,38.40%,30.30%,13.20%,4.40%,2.60%,Demografi by Followers
1040,Facebook,iNews,Buletin iNews GTV,Active,2026,August,,,,,,  -   ,,,,,,,,,,,,,,
1041,Facebook,iNews,Buletin iNews GTV,Active,2026,September,,,,,,  -   ,,,,,,,,,,,,,,
1042,Facebook,iNews,Buletin iNews GTV,Active,2026,October,,,,,,  -   ,,,,,,,,,,,,,,
1043,Facebook,iNews,Buletin iNews GTV,Active,2026,November,,,,,,  -   ,,,,,,,,,,,,,,
1044,Facebook,iNews,Buletin iNews GTV,Active,2026,December,,,,,,  -   ,,,,,,,,,,,,,,
1057,Facebook,iNews,Lintas iNews MNCTV,Active,2024,January,"4,320","778,910",330,data tidak keluar,  5 ,"  85,000 ",,,,,,,,,,,,,,
1058,Facebook,iNews,Lintas iNews MNCTV,Active,2024,February,"2,913","779,140",230,data tidak keluar,  3 ,"  51,000 ",,,,,,,,,,,,,,
1059,Facebook,iNews,Lintas iNews MNCTV,Active,2024,March,"4,158","780,076",936,data tidak keluar,  22 ,"  374,000 ",,,,,,,,,,,,,,
1060,Facebook,iNews,Lintas iNews MNCTV,Active,2024,April,"4,949","780,322",246,data tidak keluar,  4 ,"  68,000 ",,,,,,,,,,,,,,
1061,Facebook,iNews,Lintas iNews MNCTV,Active,2024,May,"3,981","781,722","1,400",data tidak keluar,  3 ,"  51,000 ",,,,,,,,,,,,,,
1062,Facebook,iNews,Lintas iNews MNCTV,Active,2024,June,"3,332","782,107",385,data tidak keluar,  2 ,"  34,000 ",,,,,,,,,,,,,,
1063,Facebook,iNews,Lintas iNews MNCTV,Active,2024,July,"3,308","782,326",219,data tidak keluar,  1 ,"  17,000 ",,,,,,,,,,,,,,
1064,Facebook,iNews,Lintas iNews MNCTV,Active,2024,August,"3,870","782,566",240,data tidak keluar,  1 ,"  17,000 ",,,,,,,,,,,,,,
1065,Facebook,iNews,Lintas iNews MNCTV,Active,2024,September,"3,585","783,304",738,data tidak keluar,  6 ,"  102,000 ",,,,,,,,,,,,,,
1066,Facebook,iNews,Lintas iNews MNCTV,Active,2024,October,"4,305","785,514","2,210","5,998,931",  23 ,"  391,000 ",,,,,,,,,,,,,,
1067,Facebook,iNews,Lintas iNews MNCTV,Active,2024,November,"4,567","785,693",179,"4,386,122",  -   ,  -   ,,,,,,,,,,,,,,
1068,Facebook,iNews,Lintas iNews MNCTV,Active,2024,December,"1,503","788,107","2,414","8,816,735",  -   ,  -   ,,,,,,,,,,,,,,
1069,Facebook,iNews,Lintas iNews MNCTV,Active,2025,January,"1,832","794,864","6,757","8,192,077",  40 ,"  680,000 ",,data tidak ada,"69,161",,,,,,,,,,,
1070,Facebook,iNews,Lintas iNews MNCTV,Active,2025,February,768,"801,245","6,381","6,954,775",  36 ,"  612,000 ",,data tidak ada,"65,862",,,,,,,,,,,
1071,Facebook,iNews,Lintas iNews MNCTV,Active,2025,March,385,"812,216","10,971","7,580,652",  71 ,"  1,207,000 ",,data tidak ada,"83,829",,,,,,,,,,,
1072,Facebook,iNews,Lintas iNews MNCTV,Active,2025,April,206,"821,449","9,233","5,719,137",  50 ,"  850,000 ",,data tidak ada,"71,131",,,,,,,,,,,
1073,Facebook,iNews,Lintas iNews MNCTV,Active,2025,May,60,"829,257","7,808","4,182,430",  41 ,"  697,000 ",,data tidak ada,"48,913",,,,,,,,,,,
1074,Facebook,iNews,Lintas iNews MNCTV,Active,2025,June,95,"835,119","5,862","3,277,395",  63 ,"  1,071,000 ",,data tidak ada,"39,117",,,,,,,,,,,
1075,Facebook,iNews,Lintas iNews MNCTV,Active,2025,July,16,"836,739","2,344","993,094",  14 ,"  238,000 ",,"666,830","13,110",62.30%,37.70%,,-,14.00%,38.60%,29.50%,11.80%,3.60%,2.50%,Demografi by Followers
1076,Facebook,iNews,Lintas iNews MNCTV,Active,2025,August,11,"839,938","4,655","1,820,420",  24 ,"  408,000 ",,"1,141,988","25,562",62.30%,37.70%,,,13.50%,39.00%,29.50%,11.90%,3.60%,2.50%,Demografi by Followers
1077,Facebook,iNews,Lintas iNews MNCTV,Active,2025,September,17,"844,171","5,705","1,875,123",  24 ,"  408,000 ",,"1,235,781","32,816",62.20%,37.80%,,,13.30%,38.90%,29.60%,12.00%,3.70%,2.50%,Demografi by Followers
1078,Facebook,iNews,Lintas iNews MNCTV,Active,2025,October,21,"844,965","2,497","912,643",  12 ,"  204,000 ",,"577,641","12,780",62.40%,37.60%,,,12.80%,39.00%,29.80%,12.20%,3.70%,2.50%,Demografi by Followers
1079,Facebook,iNews,Lintas iNews MNCTV,Active,2025,November,13,"844,564","1,198","426,694",  5 ,"  85,000 ",,"216,962","5,084",62.30%,37.70%,,,12.60%,38.90%,30.00%,12.30%,3.70%,2.50%,Demografi by Followers
1080,Facebook,iNews,Lintas iNews MNCTV,Active,2025,December,9,"843,424",256,"119,564",  1 ,"  17,000 ",,"86,566",565,62.30%,37.70%,,,12.20%,39.00%,30.00%,12.40%,3.80%,2.60%,Demografi by Followers
1081,Facebook,iNews,Lintas iNews MNCTV,Active,2026,January,16,"842,355",288,"147,011",  1 ,"  17,000 ",,"101,813",744,62.40%,37.60%,,,12.00%,38.90%,30.10%,12.50%,3.90%,2.60%,Demografi by Followers
1082,Facebook,iNews,Lintas iNews MNCTV,Active,2026,February,25,"841,532",209,"146,560",  1 ,"  17,000 ",,"88,458",562,62.30%,37.70%,,,11.70%,39.00%,30.20%,12.60%,3.90%,2.60%,Demografi by Followers
1083,Facebook,iNews,Lintas iNews MNCTV,Active,2026,March,13,"841,711","1,406","1,591,522",  19 ,"  323,000 ",,"1,261,730","23,476",62.30%,37.70%,,,11.60%,38.90%,30.30%,12.70%,3.90%,2.60%,Demografi by Followers
1084,Facebook,iNews,Lintas iNews MNCTV,Active,2026,April,18,"840,641",291,"256,844",  1 ,"  17,000 ",,"160,796","1,370",62.30%,37.70%,,,11.40%,38.90%,30.40%,12.80%,3.90%,2.60%,Demografi by Followers
1085,Facebook,iNews,Lintas iNews MNCTV,Active,2026,May,6,"839,391",314,"206,420",  1 ,"  17,000 ",,"150,720","1,216",62.30%,37.70%,,,11.20%,38.80%,30.50%,12.90%,4.00%,2.60%,Demografi by Followers
1086,Facebook,iNews,Lintas iNews MNCTV,Active,2026,June,11,"837,412",343,"268,852",  1 ,"  17,000 ",,"165,926","1,321",62.30%,37.70%,,,11.10%,38.80%,30.50%,13.00%,4.00%,2.60%,Demografi by Followers
1087,Facebook,iNews,Lintas iNews MNCTV,Active,2026,July,1,"835,780",313,"138,131",  -   ,  -   ,,"104,940",457,62.90%,37.10%,,,9.50%,37.50%,32.00%,13.90%,4.50%,2.60%,Demografi by Followers
1088,Facebook,iNews,Lintas iNews MNCTV,Active,2026,August,,,,,,  -   ,,,,,,,,,,,,,,
1089,Facebook,iNews,Lintas iNews MNCTV,Active,2026,September,,,,,,  -   ,,,,,,,,,,,,,,
1090,Facebook,iNews,Lintas iNews MNCTV,Active,2026,October,,,,,,  -   ,,,,,,,,,,,,,,
1091,Facebook,iNews,Lintas iNews MNCTV,Active,2026,November,,,,,,  -   ,,,,,,,,,,,,,,
1092,Facebook,iNews,Lintas iNews MNCTV,Active,2026,December,,,,,,  -   ,,,,,,,,,,,,,,
1105,Facebook,iNews,MNC Trijaya,Active,2024,January,423,"7,125",19,data tidak keluar,  -   ,  -   ,,,,,,,,,,,,,,
1106,Facebook,iNews,MNC Trijaya,Active,2024,February,256,"7,154",29,data tidak keluar,  -   ,  -   ,,,,,,,,,,,,,,
1107,Facebook,iNews,MNC Trijaya,Active,2024,March,151,"7,162",8,data tidak keluar,  -   ,  -   ,,,,,,,,,,,,,,
1108,Facebook,iNews,MNC Trijaya,Active,2024,April,76,"7,182",20,data tidak keluar,  -   ,  -   ,,,,,,,,,,,,,,
1109,Facebook,iNews,MNC Trijaya,Active,2024,May,111,"7,208",26,data tidak keluar,  -   ,  -   ,,,,,,,,,,,,,,
1110,Facebook,iNews,MNC Trijaya,Active,2024,June,99,"7,221",13,data tidak keluar,  -   ,  -   ,,,,,,,,,,,,,,
1111,Facebook,iNews,MNC Trijaya,Active,2024,July,98,"7,225",4,data tidak keluar,  -   ,  -   ,,,,,,,,,,,,,,
1112,Facebook,iNews,MNC Trijaya,Active,2024,August,79,"7,234",9,data tidak keluar,  -   ,  -   ,,,,,,,,,,,,,,
1113,Facebook,iNews,MNC Trijaya,Active,2024,September,46,"7,251",17,data tidak keluar,  -   ,  -   ,,,,,,,,,,,,,,
1114,Facebook,iNews,MNC Trijaya,Active,2024,October,201,"7,272",21,"11,828",  -   ,  -   ,,,,,,,,,,,,,,
1115,Facebook,iNews,MNC Trijaya,Active,2024,November,190,"7,277",5,"8,801",  -   ,  -   ,,,,,,,,,,,,,,
1116,Facebook,iNews,MNC Trijaya,Active,2024,December,35,"7,294",17,"6,822",  -   ,  -   ,,,,,,,,,,,,,,
1117,Facebook,iNews,MNC Trijaya,Active,2025,January,30,"7,304",10,"7,265",  -   ,  -   ,,data tidak ada,593,,,,,,,,,,,
1118,Facebook,iNews,MNC Trijaya,Active,2025,February,23,"7,350",46,"226,045",  -   ,  -   ,,data tidak ada,"4,828",,,,,,,,,,,
1119,Facebook,iNews,MNC Trijaya,Active,2025,March,20,"7,376",26,"38,713",  -   ,  -   ,,data tidak ada,808,,,,,,,,,,,
1120,Facebook,iNews,MNC Trijaya,Active,2025,April,25,"7,422",46,"189,842",  -   ,  -   ,,data tidak ada,"3,423",,,,,,,,,,,
1121,Facebook,iNews,MNC Trijaya,Active,2025,May,20,"7,492",70,"201,708",  -   ,  -   ,,data tidak ada,"3,664",,,,,,,,,,,
1122,Facebook,iNews,MNC Trijaya,Active,2025,June,17,"7,503",11,"14,195",  -   ,  -   ,,data tidak ada,90,,,,,,,,,,,
1123,Facebook,iNews,MNC Trijaya,Active,2025,July,27,"7,512",13,"25,940",  -   ,  -   ,,"16,958","1,129",70.20%,29.80%,,-,8.30%,32.70%,28.10%,19.60%,7.00%,4.30%,Demografi by Followers
1124,Facebook,iNews,MNC Trijaya,Active,2025,August,46,"7,629",125,"401,368",  -   ,  -   ,,"266,331","3,925",70.70%,29.30%,,,8.00%,32.60%,28.20%,19.70%,7.20%,4.30%,Demografi by Followers
1125,Facebook,iNews,MNC Trijaya,Active,2025,September,161,"7,815",215,"960,735",  -   ,  -   ,,"621,438","4,562",71.10%,28.90%,,,7.80%,32.40%,28.50%,20.00%,7.10%,4.20%,Demografi by Followers
1126,Facebook,iNews,MNC Trijaya,Active,2025,October,110,"15,160","7,358","7,555,603",  -   ,  -   ,,"5,154,681","163,440",66.00%,34.00%,,,7.30%,32.00%,31.60%,19.20%,6.60%,3.30%,Demografi by Followers
1127,Facebook,iNews,MNC Trijaya,Active,2025,November,146,"17,970","2,855","1,958,440",  -   ,  -   ,,"1,202,587","56,774",67.00%,33.00%,,,7.40%,32.10%,32.50%,18.50%,6.40%,3.10%,Demografi by Followers
1128,Facebook,iNews,MNC Trijaya,Active,2025,December,73,"22,851","5,188","2,066,921",  -   ,  -   ,,"1,545,369","93,944",69.60%,30.40%,,,7.10%,31.90%,32.70%,19.20%,6.30%,2.80%,Demografi by Followers
1129,Facebook,iNews,MNC Trijaya,Active,2026,January,48,"24,050","1,331","1,599,958",  -   ,  -   ,,"1,356,479","39,008",70.10%,29.90%,,,7.00%,31.80%,33.00%,19.10%,6.30%,2.80%,Demografi by Followers
1130,Facebook,iNews,MNC Trijaya,Active,2026,February,47,"25,079","1,180","1,324,678",  -   ,  -   ,,"1,079,369","24,481",70.30%,29.70%,,,7.20%,32.30%,32.80%,18.70%,6.20%,2.80%,Demografi by Followers
1131,Facebook,iNews,MNC Trijaya,Active,2026,March,67,"25,223",256,"346,689",  -   ,  -   ,,"268,752","5,834",70.40%,29.60%,,,7.10%,32.20%,33.00%,18.80%,6.20%,2.70%,Demografi by Followers
1132,Facebook,iNews,MNC Trijaya,Active,2026,April,0,"25,166",35,"13,860",  -   ,  -   ,,"11,306",478,70.30%,29.70%,,,7.10%,32.00%,32.90%,19.00%,6.30%,2.70%,Demografi by Followers
1133,Facebook,iNews,MNC Trijaya,Active,2026,May,3,"25,071",16,"6,097",  -   ,  -   ,,"4,688",27,70.20%,29.80%,,,7.00%,31.90%,33.00%,19.00%,6.40%,2.70%,Demografi by Followers
1134,Facebook,iNews,MNC Trijaya,Active,2026,June,4,"24,913",21,"6,489",  -   ,  -   ,,"4,820",25,70.20%,29.80%,,,7.00%,31.80%,32.90%,19.10%,6.50%,2.70%,Demografi by Followers
1135,Facebook,iNews,MNC Trijaya,Active,2026,July,3,"24,808",24,"5,127",  -   ,  -   ,,"4,018",36,70.40%,29.60%,,,6.90%,31.20%,32.80%,19.60%,6.60%,2.90%,Demografi by Followers
1136,Facebook,iNews,MNC Trijaya,Active,2026,August,,,,,,  -   ,,,,,,,,,,,,,,
1137,Facebook,iNews,MNC Trijaya,Active,2026,September,,,,,,  -   ,,,,,,,,,,,,,,
1138,Facebook,iNews,MNC Trijaya,Active,2026,October,,,,,,  -   ,,,,,,,,,,,,,,
1139,Facebook,iNews,MNC Trijaya,Active,2026,November,,,,,,  -   ,,,,,,,,,,,,,,
1140,Facebook,iNews,MNC Trijaya,Active,2026,December,,,,,,  -   ,,,,,,,,,,,,,,
1153,Facebook,iNews,Official iNews,Active,2024,January,"6,180","2,835,818","15,968",data tidak keluar,  385 ,"  6,545,000 ",,,,,,,,,,,,,,
1154,Facebook,iNews,Official iNews,Active,2024,February,"5,566","2,849,427","13,609",data tidak keluar,  271 ,"  4,607,000 ",,,,,,,,,,,,,,
1155,Facebook,iNews,Official iNews,Active,2024,March,"6,110","2,868,597","19,170",data tidak keluar,  636 ,"  10,812,000 ",,,,,,,,,,,,,,
1156,Facebook,iNews,Official iNews,Active,2024,April,421,"2,894,895","26,298",data tidak keluar,  773 ,"  13,141,000 ",,,,,,,,,,,,,,
1157,Facebook,iNews,Official iNews,Active,2024,May,"7,424","2,929,828","34,933",data tidak keluar,"  1,990 ","  33,830,000 ",,,,,,,,,,,,,,
1158,Facebook,iNews,Official iNews,Active,2024,June,"7,049","2,950,021","20,193",data tidak keluar,"  1,000 ","  17,000,000 ",,,,,,,,,,,,,,
1159,Facebook,iNews,Official iNews,Active,2024,July,"6,720","2,970,588","20,567",data tidak keluar,  795 ,"  13,515,000 ",,,,,,,,,,,,,,
1160,Facebook,iNews,Official iNews,Active,2024,August,"6,961","2,986,927","16,339",data tidak keluar,  541 ,"  9,197,000 ",,,,,,,,,,,,,,
1161,Facebook,iNews,Official iNews,Active,2024,September,"9,107","3,005,777","18,850",data tidak keluar,  317 ,"  5,389,000 ",,,,,,,,,,,,,,
1162,Facebook,iNews,Official iNews,Active,2024,October,"9,532","3,021,749","15,972","122,515,398",  420 ,"  7,140,000 ",,,,,,,,,,,,,,
1163,Facebook,iNews,Official iNews,Active,2024,November,"9,621","3,033,128","11,379","100,433,423",  425 ,"  7,225,000 ",,,,,,,,,,,,,,
1164,Facebook,iNews,Official iNews,Active,2024,December,"9,884","3,048,826","15,698","125,748,042",  410 ,"  6,970,000 ",,,,,,,,,,,,,,
1165,Facebook,iNews,Official iNews,Active,2025,January,"9,502","3,081,534","32,708","147,406,825",  382 ,"  6,494,000 ",,data tidak ada,"1,230,607",,,,,,,,,,,
1166,Facebook,iNews,Official iNews,Active,2025,February,"7,941","3,100,117","18,583","133,054,424",  419 ,"  7,123,000 ",,data tidak ada,"1,131,968",,,,,,,,,,,
1167,Facebook,iNews,Official iNews,Active,2025,March,"8,532","3,140,368","40,251","145,161,314",  797 ,"  13,549,000 ",,data tidak ada,"1,378,947",,,,,,,,,,,
1168,Facebook,iNews,Official iNews,Active,2025,April,"6,358","3,173,285","32,917","115,221,782",  781 ,"  13,277,000 ",,data tidak ada,"1,353,981",,,,,,,,,,,
1169,Facebook,iNews,Official iNews,Active,2025,May,"6,084","3,233,694","60,409","128,588,334","  1,607 ","  27,319,000 ",,data tidak ada,"2,273,526",,,,,,,,,,,
1170,Facebook,iNews,Official iNews,Active,2025,June,"5,086","3,298,095","64,401","182,540,590","  1,252 ","  21,284,000 ",,data tidak ada,"3,178,718",,,,,,,,,,,
1171,Facebook,iNews,Official iNews,Active,2025,July,"4,386","3,353,591","59,440","185,739,137","  1,228 ","  20,876,000 ",,"28,418,173","2,575,529",62.40%,37.60%,,-,10.30%,34.30%,31.00%,15.40%,5.80%,3.20%,Demografi by Followers
1172,Facebook,iNews,Official iNews,Active,2025,August,"3,880","3,481,404","134,237","248,725,317","  4,897 ","  83,249,000 ",,"42,989,376","4,603,916",62.80%,37.20%,,,10.00%,34.50%,31.10%,15.50%,5.80%,3.10%,Demografi by Followers
1173,Facebook,iNews,Official iNews,Active,2025,September,"3,675","3,571,221","102,807","205,031,670","  3,131 ","  53,227,000 ",,"34,241,513","3,725,296",63.20%,36.80%,,,9.60%,34.50%,31.30%,15.70%,5.80%,3.10%,Demografi by Followers
1174,Facebook,iNews,Official iNews,Active,2025,October,"3,383","3,636,697","75,345","190,208,367","  2,511 ","  42,687,000 ",,"31,578,463","4,006,325",63.30%,36.70%,,,9.30%,34.40%,31.40%,15.90%,5.90%,3.10%,Demografi by Followers
1175,Facebook,iNews,Official iNews,Active,2025,November,"2,520","3,729,793","104,953","230,439,088","  3,059 ","  52,003,000 ",,"38,882,956","5,434,990",63.60%,36.40%,,,9.10%,34.40%,31.40%,16.00%,6.00%,3.10%,Demografi by Followers
1176,Facebook,iNews,Official iNews,Active,2025,December,"2,961","3,824,052","110,394","286,446,188","  2,801 ","  47,617,000 ",,"65,133,818","4,966,832",63.90%,36.10%,,,8.70%,34.50%,31.50%,16.20%,6.00%,3.10%,Demografi by Followers
1177,Facebook,iNews,Official iNews,Active,2026,January,"2,967","3,897,886","77,494","230,030,440","  2,150 ","  36,550,000 ",,"58,761,183","3,258,593",73.30%,26.70%,,,6.00%,36.10%,32.20%,17.10%,5.60%,3.00%,Demografi by Followers
1178,Facebook,iNews,Official iNews,Active,2026,February,"2,479","3,983,016","87,311","209,188,976","  2,148 ","  36,516,000 ",,"51,487,154","4,325,425",64.40%,35.60%,,,8.50%,34.30%,31.70%,16.40%,6.00%,3.10%,Demografi by Followers
1179,Facebook,iNews,Official iNews,Active,2026,March,"2,593","4,083,377","118,886","255,432,845","  2,785 ","  47,345,000 ",,"40,581,723","5,571,662",64.50%,35.50%,,,8.50%,34.20%,31.80%,16.40%,6.00%,3.10%,Demografi by Followers
1180,Facebook,iNews,Official iNews,Active,2026,April,"2,295","4,130,858","59,380","157,530,641","  1,643 ","  27,931,000 ",,"32,121,841","2,881,075",64.50%,35.50%,,,8.30%,34.20%,31.80%,16.60%,6.00%,3.10%,Demografi by Followers
1181,Facebook,iNews,Official iNews,Active,2026,May,"2,064","4,197,148","86,510","235,364,167","  2,257 ","  38,369,000 ",,"44,976,016","4,879,474",64.60%,35.40%,,,8.10%,34.20%,31.90%,16.60%,6.10%,3.10%,Demografi by Followers
1182,Facebook,iNews,Official iNews,Active,2026,June,"2,054","4,273,527","93,707","258,208,482","  3,401 ","  57,817,000 ",,"53,172,570","5,019,536",64.60%,35.40%,,,8.10%,34.00%,32.00%,16.60%,6.20%,3.10%,Demografi by Followers
1183,Facebook,iNews,Official iNews,Active,2026,July,"1,779","4,342,726","84,736","233,398,950","  2,827 ","  48,059,000 ",,"45,107,507","4,134,798",64.30%,35.70%,,,7.20%,33.50%,32.60%,17.10%,6.40%,3.20%,Demografi by Followers
1184,Facebook,iNews,Official iNews,Active,2026,August,,,,,,  -   ,,,,,,,,,,,,,,
1185,Facebook,iNews,Official iNews,Active,2026,September,,,,,,  -   ,,,,,,,,,,,,,,
1186,Facebook,iNews,Official iNews,Active,2026,October,,,,,,  -   ,,,,,,,,,,,,,,
1187,Facebook,iNews,Official iNews,Active,2026,November,,,,,,  -   ,,,,,,,,,,,,,,
1188,Facebook,iNews,Official iNews,Active,2026,December,,,,,,  -   ,,,,,,,,,,,,,,
1201,Facebook,iNews,Seputar iNews RCTI,Active,2024,January,"5,480","980,042","12,664",data tidak keluar,  246 ,"  4,182,000 ",,,,,,,,,,,,,,
1202,Facebook,iNews,Seputar iNews RCTI,Active,2024,February,"4,717","988,009","7,967",data tidak keluar,  112 ,"  1,904,000 ",,,,,,,,,,,,,,
1203,Facebook,iNews,Seputar iNews RCTI,Active,2024,March,"5,862","1,001,702","13,693",data tidak keluar,  356 ,"  6,052,000 ",,,,,,,,,,,,,,
1204,Facebook,iNews,Seputar iNews RCTI,Active,2024,April,"6,669","1,011,384","9,682",data tidak keluar,  148 ,"  2,516,000 ",,,,,,,,,,,,,,
1205,Facebook,iNews,Seputar iNews RCTI,Active,2024,May,"7,273","1,021,260","9,876",data tidak keluar,  274 ,"  4,658,000 ",,,,,,,,,,,,,,
1206,Facebook,iNews,Seputar iNews RCTI,Active,2024,June,"6,894","1,036,175","14,915",data tidak keluar,  187 ,"  3,179,000 ",,,,,,,,,,,,,,
1207,Facebook,iNews,Seputar iNews RCTI,Active,2024,July,"7,130","1,042,971","6,796",data tidak keluar,  94 ,"  1,598,000 ",,,,,,,,,,,,,,
1208,Facebook,iNews,Seputar iNews RCTI,Active,2024,August,"6,790","1,056,070","13,099",data tidak keluar,  171 ,"  2,907,000 ",,,,,,,,,,,,,,
1209,Facebook,iNews,Seputar iNews RCTI,Active,2024,September,"9,512","1,064,951","8,881",data tidak keluar,  80 ,"  1,360,000 ",,,,,,,,,,,,,,
1210,Facebook,iNews,Seputar iNews RCTI,Active,2024,October,"10,466","1,079,393","14,442","32,295,219",  126 ,"  2,142,000 ",,,,,,,,,,,,,,
1211,Facebook,iNews,Seputar iNews RCTI,Active,2024,November,"9,947","1,105,930","26,537","34,042,242",  380 ,"  6,460,000 ",,,,,,,,,,,,,,
1212,Facebook,iNews,Seputar iNews RCTI,Active,2024,December,"8,960","1,125,893","19,963","40,026,939",  336 ,"  5,712,000 ",,,,,,,,,,,,,,
1213,Facebook,iNews,Seputar iNews RCTI,Active,2025,January,"8,400","1,141,613","15,720","48,885,154",  187 ,"  3,179,000 ",,data tidak ada,"373,548",,,,,,,,,,,
1214,Facebook,iNews,Seputar iNews RCTI,Active,2025,February,"6,965","1,157,368","15,755","47,107,114",  185 ,"  3,145,000 ",,data tidak ada,"421,943",,,,,,,,,,,
1215,Facebook,iNews,Seputar iNews RCTI,Active,2025,March,"6,221","1,177,037","19,669","40,728,466",  190 ,"  3,230,000 ",,data tidak ada,"370,521",,,,,,,,,,,
1216,Facebook,iNews,Seputar iNews RCTI,Active,2025,April,"4,480","1,184,967","7,930","21,290,922",  92 ,"  1,564,000 ",,data tidak ada,"150,383",,,,,,,,,,,
1217,Facebook,iNews,Seputar iNews RCTI,Active,2025,May,"3,350","1,191,180","6,213","13,702,695",  88 ,"  1,496,000 ",,data tidak ada,"123,586",,,,,,,,,,,
1218,Facebook,iNews,Seputar iNews RCTI,Active,2025,June,903,"1,204,161","12,981","15,115,457",  264 ,"  4,488,000 ",,data tidak ada,"220,012",,,,,,,,,,,
1219,Facebook,iNews,Seputar iNews RCTI,Active,2025,July,121,"1,205,676","2,580","2,994,255",  24 ,"  408,000 ",,"1,005,018","22,406",63.90%,36.10%,,-,16.00%,34.20%,29.00%,13.60%,4.50%,2.70%,Demografi by Followers
1220,Facebook,iNews,Seputar iNews RCTI,Active,2025,August,34,"1,206,907","2,963","2,002,988",  14 ,"  238,000 ",,"902,299","22,468",64.10%,35.90%,,,15.50%,34.60%,29.00%,13.60%,4.60%,2.70%,Demografi by Followers
1221,Facebook,iNews,Seputar iNews RCTI,Active,2025,September,50,"1,209,056","4,315","2,030,816",  16 ,"  272,000 ",,"1,021,191","29,359",64.10%,35.90%,,,15.20%,34.80%,29.10%,13.60%,4.60%,2.70%,Demografi by Followers
1222,Facebook,iNews,Seputar iNews RCTI,Active,2025,October,82,"1,208,487","1,902","1,302,891",  11 ,"  187,000 ",,"696,704","11,971",64.20%,35.80%,,,14.80%,34.80%,29.30%,13.80%,4.60%,2.70%,Demografi by Followers
1223,Facebook,iNews,Seputar iNews RCTI,Active,2025,November,58,"1,206,909",741,"683,308",  4 ,"  68,000 ",,"232,244","5,496",64.10%,35.90%,,,14.50%,34.90%,29.30%,13.90%,4.70%,2.70%,Demografi by Followers
1224,Facebook,iNews,Seputar iNews RCTI,Active,2025,December,23,"1,205,269",300,"283,990",  2 ,"  34,000 ",,"165,159","1,902",64.00%,36.00%,,,14.00%,34.90%,29.40%,14.10%,4.80%,2.80%,Demografi by Followers
1225,Facebook,iNews,Seputar iNews RCTI,Active,2026,January,56,"1,203,576",299,"341,849",  3 ,"  51,000 ",,"157,662","2,001",64.00%,36.00%,,,13.80%,34.90%,29.40%,14.20%,4.80%,2.90%,Demografi by Followers
1226,Facebook,iNews,Seputar iNews RCTI,Active,2026,February,79,"1,202,438",492,"909,264",  11 ,"  187,000 ",,"373,629","6,331",64.10%,35.90%,,,13.60%,34.90%,29.50%,14.20%,4.90%,2.90%,Demografi by Followers
1227,Facebook,iNews,Seputar iNews RCTI,Active,2026,March,94,"1,206,976","6,661","8,056,649",  96 ,"  1,632,000 ",,"4,983,564","179,258",64.20%,35.80%,,,13.40%,35.00%,29.50%,14.30%,4.90%,2.90%,Demografi by Followers
1228,Facebook,iNews,Seputar iNews RCTI,Active,2026,April,144,"1,206,208","1,351","2,515,117",  24 ,"  408,000 ",,"1,201,717","35,967",64.10%,35.90%,,,13.20%,35.00%,29.60%,14.40%,4.90%,2.90%,Demografi by Followers
1229,Facebook,iNews,Seputar iNews RCTI,Active,2026,May,102,"1,206,918","3,173","4,035,899",  36 ,"  612,000 ",,"2,374,226","47,339",64.10%,35.90%,,,13.00%,35.10%,29.60%,14.50%,4.90%,2.90%,Demografi by Followers
1230,Facebook,iNews,Seputar iNews RCTI,Active,2026,June,9,"1,206,301","3,050","3,429,426",  13 ,"  221,000 ",,"2,448,018","30,872",64.10%,35.90%,,,12.90%,35.10%,29.60%,14.50%,5.00%,2.90%,Demografi by Followers
1231,Facebook,iNews,Seputar iNews RCTI,Active,2026,July,3,"1,203,636",328,"157,370",  -   ,  -   ,,"119,141",611,65.30%,34.70%,,,10.00%,34.10%,31.50%,15.90%,5.50%,3.00%,Demografi by Followers
1232,Facebook,iNews,Seputar iNews RCTI,Active,2026,August,,,,,,  -   ,,,,,,,,,,,,,,
1233,Facebook,iNews,Seputar iNews RCTI,Active,2026,September,,,,,,  -   ,,,,,,,,,,,,,,
1234,Facebook,iNews,Seputar iNews RCTI,Active,2026,October,,,,,,  -   ,,,,,,,,,,,,,,
1235,Facebook,iNews,Seputar iNews RCTI,Active,2026,November,,,,,,  -   ,,,,,,,,,,,,,,
1236,Facebook,iNews,Seputar iNews RCTI,Active,2026,December,,,,,,  -   ,,,,,,,,,,,,,,
1249,Facebook,Okezone,Global Radio 88.4 FM Jakarta,Active,2024,January,56,"94,414",80,data tidak keluar,  -   ,  -   ,,,,,,,,,,,,,,
1250,Facebook,Okezone,Global Radio 88.4 FM Jakarta,Active,2024,February,45,"94,445",31,data tidak keluar,  -   ,  -   ,,,,,,,,,,,,,,
1251,Facebook,Okezone,Global Radio 88.4 FM Jakarta,Active,2024,March,58,"94,464",19,data tidak keluar,  -   ,  -   ,,,,,,,,,,,,,,
1252,Facebook,Okezone,Global Radio 88.4 FM Jakarta,Active,2024,April,54,"94,493",29,data tidak keluar,  -   ,  -   ,,,,,,,,,,,,,,
1253,Facebook,Okezone,Global Radio 88.4 FM Jakarta,Active,2024,May,75,"94,505",12,data tidak keluar,  -   ,  -   ,,,,,,,,,,,,,,
1254,Facebook,Okezone,Global Radio 88.4 FM Jakarta,Active,2024,June,86,"94,519",14,data tidak keluar,  -   ,  -   ,,,,,,,,,,,,,,
1255,Facebook,Okezone,Global Radio 88.4 FM Jakarta,Active,2024,July,88,"94,532",13,data tidak keluar,  -   ,  -   ,,,,,,,,,,,,,,
1256,Facebook,Okezone,Global Radio 88.4 FM Jakarta,Active,2024,August,69,"94,551",19,data tidak keluar,  -   ,  -   ,,,,,,,,,,,,,,
1257,Facebook,Okezone,Global Radio 88.4 FM Jakarta,Active,2024,September,94,"94,564",13,data tidak keluar,  -   ,  -   ,,,,,,,,,,,,,,
1258,Facebook,Okezone,Global Radio 88.4 FM Jakarta,Active,2024,October,92,"94,576",12,"21,024",  -   ,  -   ,,,,,,,,,,,,,,
1259,Facebook,Okezone,Global Radio 88.4 FM Jakarta,Active,2024,November,75,"94,585",9,"17,461",  -   ,  -   ,,,,,,,,,,,,,,
1260,Facebook,Okezone,Global Radio 88.4 FM Jakarta,Active,2024,December,80,"94,596",11,"17,721",  -   ,  -   ,,,,,,,,,,,,,,
1261,Facebook,Okezone,Global Radio 88.4 FM Jakarta,Active,2025,January,88,"94,609",13,"17,033",  -   ,  -   ,,data tidak ada,57,,,,,,,,,,,
1262,Facebook,Okezone,Global Radio 88.4 FM Jakarta,Active,2025,February,85,"94,622",13,"9,380",  -   ,  -   ,,data tidak ada,38,,,,,,,,,,,
1263,Facebook,Okezone,Global Radio 88.4 FM Jakarta,Active,2025,March,101,"94,645",23,"9,556",  -   ,  -   ,,data tidak ada,26,,,,,,,,,,,
1264,Facebook,Okezone,Global Radio 88.4 FM Jakarta,Active,2025,April,44,"94,661",16,"60,177",  -   ,  -   ,,data tidak ada,695,,,,,,,,,,,
1265,Facebook,Okezone,Global Radio 88.4 FM Jakarta,Active,2025,May,45,"94,678",17,"11,356",  -   ,  -   ,,data tidak ada,100,,,,,,,,,,,
1266,Facebook,Okezone,Global Radio 88.4 FM Jakarta,Active,2025,June,13,"94,696",18,"36,780",  -   ,  -   ,,data tidak ada,134,,,,,,,,,,,
1267,Facebook,Okezone,Global Radio 88.4 FM Jakarta,Active,2025,July,2,"94,677",16,"2,036",  -   ,  -   ,,907,26,57.90%,42.10%,,-,8.30%,52.30%,28.80%,6.70%,1.70%,2.20%,Demografi by Followers
1268,Facebook,Okezone,Global Radio 88.4 FM Jakarta,Active,2025,August,4,"94,623",12,"1,908",  -   ,  -   ,,959,5,58.00%,42.00%,,,7.80%,52.30%,29.20%,6.80%,1.70%,2.20%,Demografi by Followers
1269,Facebook,Okezone,Global Radio 88.4 FM Jakarta,Active,2025,September,7,"94,533",9,985,  -   ,  -   ,,507,3,57.90%,42.10%,,,7.50%,51.90%,29.60%,7.00%,1.70%,2.30%,Demografi by Followers
1270,Facebook,Okezone,Global Radio 88.4 FM Jakarta,Active,2025,October,58,"94,443",8,"5,837",  -   ,  -   ,,"2,616",31,57.90%,42.10%,,,7.10%,51.90%,30.00%,7.00%,1.70%,2.30%,Demografi by Followers
1271,Facebook,Okezone,Global Radio 88.4 FM Jakarta,Active,2025,November,114,"94,368",17,"8,849",  -   ,  -   ,,"4,104",75,57.90%,42.10%,,,6.80%,51.60%,30.40%,7.10%,1.80%,2.30%,Demografi by Followers
1272,Facebook,Okezone,Global Radio 88.4 FM Jakarta,Active,2025,December,105,"94,287",7,"9,342",  -   ,  -   ,,"4,407",57,58.00%,42.00%,,,6.50%,51.30%,30.90%,7.20%,1.80%,2.30%,Demografi by Followers
1273,Facebook,Okezone,Global Radio 88.4 FM Jakarta,Active,2026,January,118,"94,196",17,"21,097",  -   ,  -   ,,"11,655",94,57.80%,42.20%,,,6.20%,51.10%,31.30%,7.30%,1.80%,2.30%,Demografi by Followers
1274,Facebook,Okezone,Global Radio 88.4 FM Jakarta,Active,2026,February,182,"94,076",12,"25,796",  -   ,  -   ,,"13,837",223,57.90%,42.10%,,,6.00%,50.90%,31.60%,7.40%,1.80%,2.30%,Demografi by Followers
1275,Facebook,Okezone,Global Radio 88.4 FM Jakarta,Active,2026,March,213,"94,011",8,"28,654",  -   ,  -   ,,"13,131",260,57.90%,42.10%,,,5.80%,50.70%,32.00%,7.40%,1.80%,2.30%,Demografi by Followers
1276,Facebook,Okezone,Global Radio 88.4 FM Jakarta,Active,2026,April,133,"93,945",14,"17,727",  -   ,  -   ,,"7,005",253,58.00%,42.00%,,,5.60%,50.60%,32.30%,7.40%,1.80%,2.30%,Demografi by Followers
1277,Facebook,Okezone,Global Radio 88.4 FM Jakarta,Active,2026,May,77,"93,837",12,"16,795",  -   ,  -   ,,"7,533",101,57.90%,42.10%,,,5.30%,50.10%,32.80%,7.60%,1.90%,2.30%,Demografi by Followers
1278,Facebook,Okezone,Global Radio 88.4 FM Jakarta,Active,2026,June,40,"94,317",645,"529,485",  -   ,  -   ,,"401,396","8,567",57.90%,42.10%,,,5.30%,49.90%,33.00%,7.60%,1.90%,2.30%,Demografi by Followers
1279,Facebook,Okezone,Global Radio 88.4 FM Jakarta,Active,2026,July,76,"94,199",27,"24,117",  -   ,  -   ,,"14,189",382,57.80%,42.20%,,,5.10%,49.80%,33.10%,7.70%,2.00%,2.30%,Demografi by Followers
1280,Facebook,Okezone,Global Radio 88.4 FM Jakarta,Active,2026,August,,,,,,  -   ,,,,,,,,,,,,,,
1281,Facebook,Okezone,Global Radio 88.4 FM Jakarta,Active,2026,September,,,,,,  -   ,,,,,,,,,,,,,,
1282,Facebook,Okezone,Global Radio 88.4 FM Jakarta,Active,2026,October,,,,,,  -   ,,,,,,,,,,,,,,
1283,Facebook,Okezone,Global Radio 88.4 FM Jakarta,Active,2026,November,,,,,,  -   ,,,,,,,,,,,,,,
1284,Facebook,Okezone,Global Radio 88.4 FM Jakarta,Active,2026,December,,,,,,  -   ,,,,,,,,,,,,,,
1297,Facebook,Okezone,MNC Update,Active,2024,January,533,"880,859",651,data tidak keluar,  -   ,  -   ,,,,,,,,,,,,,,
1298,Facebook,Okezone,MNC Update,Active,2024,February,408,"881,493",634,data tidak keluar,  -   ,  -   ,,,,,,,,,,,,,,
1299,Facebook,Okezone,MNC Update,Active,2024,March,247,"882,113",620,data tidak keluar,  -   ,  -   ,,,,,,,,,,,,,,
1300,Facebook,Okezone,MNC Update,Active,2024,April,530,"883,068",955,data tidak keluar,  -   ,  -   ,,,,,,,,,,,,,,
1301,Facebook,Okezone,MNC Update,Active,2024,May,"2,583","883,625",557,data tidak keluar,  -   ,  -   ,,,,,,,,,,,,,,
1302,Facebook,Okezone,MNC Update,Active,2024,June,"2,277","883,933",308,data tidak keluar,  -   ,  -   ,,,,,,,,,,,,,,
1303,Facebook,Okezone,MNC Update,Active,2024,July,"1,589","884,533",600,data tidak keluar,  -   ,  -   ,,,,,,,,,,,,,,
1304,Facebook,Okezone,MNC Update,Active,2024,August,"1,983","884,875",342,data tidak keluar,  -   ,  -   ,,,,,,,,,,,,,,
1305,Facebook,Okezone,MNC Update,Active,2024,September,"2,531","885,073",198,data tidak keluar,  -   ,  -   ,,,,,,,,,,,,,,
1306,Facebook,Okezone,MNC Update,Active,2024,October,"3,589","885,595",522,"2,138,245",  -   ,  -   ,,,,,,,,,,,,,,
1307,Facebook,Okezone,MNC Update,Active,2024,November,"3,695","885,863",268,"2,295,207",  -   ,  -   ,,,,,,,,,,,,,,
1308,Facebook,Okezone,MNC Update,Active,2024,December,"2,950","886,556",693,"3,163,129",  -   ,  -   ,,,,,,,,,,,,,,
1309,Facebook,Okezone,MNC Update,Active,2025,January,"2,757","887,085",529,"3,607,520",  -   ,  -   ,,data tidak ada,"6,719",,,,,,,,,,,
1310,Facebook,Okezone,MNC Update,Active,2025,February,"2,136","887,281",196,"2,828,627",  -   ,  -   ,,data tidak ada,"2,862",,,,,,,,,,,
1311,Facebook,Okezone,MNC Update,Active,2025,March,"2,292","887,504",223,"3,103,208",  -   ,  -   ,,data tidak ada,"4,108",,,,,,,,,,,
1312,Facebook,Okezone,MNC Update,Active,2025,April,29,"887,746",242,"237,088",  -   ,  -   ,,data tidak ada,"2,072",,,,,,,,,,,
1313,Facebook,Okezone,MNC Update,Active,2025,May,77,"887,941",195,"469,452",  -   ,  -   ,,data tidak ada,"2,388",,,,,,,,,,,
1314,Facebook,Okezone,MNC Update,Active,2025,June,50,"888,159",218,"645,127",  4 ,"  68,000 ",,data tidak ada,"4,756",,,,,,,,,,,
1315,Facebook,Okezone,MNC Update,Active,2025,July,17,"888,351",192,"112,104",  1 ,"  17,000 ",,"63,446",804,44.50%,55.50%,,-,16.00%,42.60%,25.70%,9.70%,3.50%,2.50%,Demografi by Followers
1316,Facebook,Okezone,MNC Update,Active,2025,August,50,"887,647",176,"307,291",  2 ,"  34,000 ",,"89,963","1,095",55.50%,44.50%,,,15.60%,42.80%,25.80%,9.80%,3.50%,2.50%,Demografi by Followers
1317,Facebook,Okezone,MNC Update,Active,2025,September,54,"886,761",179,"228,521",  1 ,"  17,000 ",,"70,587",899,55.60%,44.40%,,,15.30%,43.00%,25.90%,9.80%,3.50%,2.50%,Demografi by Followers
1318,Facebook,Okezone,MNC Update,Active,2025,October,21,"885,735",192,"153,980",  -   ,  -   ,,"73,642",749,55.50%,44.50%,,,15.00%,43.00%,26.10%,9.90%,3.50%,2.50%,Demografi by Followers
1319,Facebook,Okezone,MNC Update,Active,2025,November,3,"884,795",193,"53,328",  -   ,  -   ,,"25,447",520,55.50%,44.50%,,,14.70%,43.00%,26.20%,10.00%,3.60%,2.50%,Demografi by Followers
1320,Facebook,Okezone,MNC Update,Active,2025,December,48,"883,991",175,"135,721",  1 ,"  17,000 ",,"56,914",617,55.60%,44.40%,,,14.40%,42.90%,26.40%,10.10%,3.70%,2.50%,Demografi by Followers
1321,Facebook,Okezone,MNC Update,Active,2026,January,128,"883,135",181,"509,705",  2 ,"  34,000 ",,"205,322","1,310",44.20%,55.80%,,,14.10%,43.00%,26.50%,10.20%,3.70%,2.50%,Demografi by Followers
1322,Facebook,Okezone,MNC Update,Active,2026,February,111,"882,380",121,"267,946",  2 ,"  34,000 ",,"80,088",872,44.20%,55.80%,,,13.90%,43.00%,26.60%,10.30%,3.70%,2.50%,Demografi by Followers
1323,Facebook,Okezone,MNC Update,Active,2026,March,23,"881,717",159,"104,817",  -   ,  -   ,,"43,133",527,44.30%,55.70%,,,13.80%,43.00%,26.70%,10.30%,3.70%,2.50%,Demografi by Followers
1324,Facebook,Okezone,MNC Update,Active,2026,April,10,"880,854",131,"78,833",  -   ,  -   ,,"40,435",437,44.20%,55.80%,,,13.60%,43.00%,26.80%,10.40%,3.70%,2.50%,Demografi by Followers
1325,Facebook,Okezone,MNC Update,Active,2026,May,27,"879,742",174,"170,506",  1 ,"  17,000 ",,"86,314",868,44.30%,55.70%,,,13.30%,42.80%,27.00%,10.50%,3.80%,2.60%,Demografi by Followers
1326,Facebook,Okezone,MNC Update,Active,2026,June,103,"878,864",753,"795,353",  4 ,"  68,000 ",,"375,931","17,925",44.20%,55.80%,,,13.20%,43.00%,27.00%,10.40%,3.80%,2.60%,Demografi by Followers
1327,Facebook,Okezone,MNC Update,Active,2026,July,110,"878,251",810,"4,636,853",  40 ,"  680,000 ",,"1,833,734","30,574",44.30%,55.70%,,,12.70%,42.70%,27.30%,10.70%,4.00%,2.60%,Demografi by Followers
1328,Facebook,Okezone,MNC Update,Active,2026,August,,,,,,  -   ,,,,,,,,,,,,,,
1329,Facebook,Okezone,MNC Update,Active,2026,September,,,,,,  -   ,,,,,,,,,,,,,,
1330,Facebook,Okezone,MNC Update,Active,2026,October,,,,,,  -   ,,,,,,,,,,,,,,
1331,Facebook,Okezone,MNC Update,Active,2026,November,,,,,,  -   ,,,,,,,,,,,,,,
1332,Facebook,Okezone,MNC Update,Active,2026,December,,,,,,  -   ,,,,,,,,,,,,,,
1345,Facebook,Okezone,Okezone,Active,2024,January,"4,914","2,702,128","5,541",data tidak keluar,  41 ,"  697,000 ",,,,,,,,,,,,,,
1346,Facebook,Okezone,Okezone,Active,2024,February,"5,142","2,707,883","5,755",data tidak keluar,  52 ,"  884,000 ",,,,,,,,,,,,,,
1347,Facebook,Okezone,Okezone,Active,2024,March,"5,641","2,715,316","7,433",data tidak keluar,  311 ,"  5,287,000 ",,,,,,,,,,,,,,
1348,Facebook,Okezone,Okezone,Active,2024,April,"4,912","2,719,812","4,496",data tidak keluar,  137 ,"  2,329,000 ",,,,,,,,,,,,,,
1349,Facebook,Okezone,Okezone,Active,2024,May,"6,088","2,722,893","3,081",data tidak keluar,  89 ,"  1,513,000 ",,,,,,,,,,,,,,
1350,Facebook,Okezone,Okezone,Active,2024,June,"6,380","2,725,881","2,988",data tidak keluar,  57 ,"  969,000 ",,,,,,,,,,,,,,
1351,Facebook,Okezone,Okezone,Active,2024,July,"6,538","2,729,021","3,140",data tidak keluar,  30 ,"  510,000 ",,,,,,,,,,,,,,
1352,Facebook,Okezone,Okezone,Active,2024,August,"6,748","2,731,725","2,704",data tidak keluar,  30 ,"  510,000 ",,,,,,,,,,,,,,
1353,Facebook,Okezone,Okezone,Active,2024,September,"5,489","2,735,882","4,157",data tidak keluar,  38 ,"  646,000 ",,,,,,,,,,,,,,
1354,Facebook,Okezone,Okezone,Active,2024,October,"5,760","2,736,612",730,"26,954,672",  4 ,"  68,000 ",,,,,,,,,,,,,,
1355,Facebook,Okezone,Okezone,Active,2024,November,"6,321","2,737,088",476,"28,224,721",  4 ,"  68,000 ",,,,,,,,,,,,,,
1356,Facebook,Okezone,Okezone,Active,2024,December,"6,218","2,739,984","2,896","38,202,755",  19 ,"  323,000 ",,,,,,,,,,,,,,
1357,Facebook,Okezone,Okezone,Active,2025,January,"7,003","2,741,733","1,749","35,794,366",  11 ,"  187,000 ",,data tidak ada,"187,455",,,,,,,,,,,
1358,Facebook,Okezone,Okezone,Active,2025,February,"7,359","2,744,778","3,045","45,483,956",  34 ,"  578,000 ",,data tidak ada,"256,487",,,,,,,,,,,
1359,Facebook,Okezone,Okezone,Active,2025,March,"9,224","2,747,154","2,376","37,802,585",  38 ,"  646,000 ",,data tidak ada,"191,527",,,,,,,,,,,
1360,Facebook,Okezone,Okezone,Active,2025,April,"4,396","2,749,192","2,038","23,959,918",  34 ,"  578,000 ",,data tidak ada,"161,762",,,,,,,,,,,
1361,Facebook,Okezone,Okezone,Active,2025,May,"3,584","2,753,365","4,173","27,639,819",  39 ,"  663,000 ",,data tidak ada,"291,963",,,,,,,,,,,
1362,Facebook,Okezone,Okezone,Active,2025,June,"2,541","2,756,084","2,719","29,891,752",  119 ,"  2,023,000 ",,data tidak ada,"219,645",,,,,,,,,,,
1363,Facebook,Okezone,Okezone,Active,2025,July,"1,115","2,764,752","8,668","40,439,589",  393 ,"  6,681,000 ",,"11,652,177","334,813",61.40%,38.60%,,-,13.10%,39.90%,28.20%,12.20%,3.60%,3.00%,Demografi by Followers
1364,Facebook,Okezone,Okezone,Active,2025,August,564,"2,769,423","7,116","31,025,420",  -   ,  -   ,,"9,927,727","256,969",61.30%,38.70%,,,12.60%,40.20%,28.30%,12.40%,3.60%,2.90%,Demografi by Followers
1365,Facebook,Okezone,Okezone,Active,2025,September,962,"2,775,846","9,708","27,753,745",  -   ,  -   ,,"8,193,258","230,070",61.40%,38.60%,,,12.20%,40.20%,28.40%,12.50%,3.70%,3.00%,Demografi by Followers
1366,Facebook,Okezone,Okezone,Active,2025,October,906,"2,781,817","9,945","20,971,071",  -   ,  -   ,,"7,463,062","265,293",61.30%,38.70%,,,11.70%,40.20%,28.50%,12.70%,3.80%,3.10%,Demografi by Followers
1367,Facebook,Okezone,Okezone,Active,2025,November,"1,215","2,789,405","11,368","33,708,814",  35 ,"  595,000 ",,"11,555,202","446,683",61.40%,38.60%,,,11.30%,40.30%,28.70%,12.80%,3.80%,3.10%,Demografi by Followers
1368,Facebook,Okezone,Okezone,Active,2025,December,"1,188","2,809,231","24,546","61,901,566",  353 ,"  6,001,000 ",,"20,321,598","718,667",61.40%,38.60%,,,10.80%,40.40%,28.70%,13.10%,3.90%,3.10%,Demografi by Followers
1369,Facebook,Okezone,Okezone,Active,2026,January,"1,090","2,840,039","31,978","88,828,943",  662 ,"  11,254,000 ",,"23,462,692","947,166",61.60%,38.40%,,,10.50%,40.40%,28.90%,13.20%,3.90%,3.10%,Demografi by Followers
1370,Facebook,Okezone,Okezone,Active,2026,February,"1,114","2,894,904","58,470","100,069,613","  1,049 ","  17,833,000 ",,"26,147,279","1,095,117",61.90%,38.10%,,,10.30%,40.40%,29.20%,13.20%,3.90%,3.00%,Demografi by Followers
1371,Facebook,Okezone,Okezone,Active,2026,March,687,"2,924,572","35,639","83,073,492",  763 ,"  12,971,000 ",,"25,560,637","918,540",62.10%,37.90%,,,10.00%,40.60%,29.30%,13.30%,3.90%,2.90%,Demografi by Followers
1372,Facebook,Okezone,Okezone,Active,2026,April,"1,353","2,930,789","10,944","43,651,412",  384 ,"  6,528,000 ",,"11,466,305","369,610",62.20%,37.80%,,,9.80%,40.70%,29.30%,13.30%,4.00%,2.90%,Demografi by Followers
1373,Facebook,Okezone,Okezone,Active,2026,May,"1,210","2,935,011","9,779","29,512,864",  211 ,"  3,587,000 ",,"8,265,618","325,292",62.30%,37.70%,,,9.40%,40.70%,29.40%,13.50%,4.00%,3.00%,Demografi by Followers
1374,Facebook,Okezone,Okezone,Active,2026,June,"1,001","2,933,187","5,451","20,233,770",  140 ,"  2,380,000 ",,"5,478,703","227,365",62.20%,37.80%,,,9.30%,40.70%,29.40%,13.60%,4.00%,3.00%,Demografi by Followers
1375,Facebook,Okezone,Okezone,Active,2026,July,"1,160","2,953,394","27,038","51,096,636",  342 ,"  5,814,000 ",,"14,633,593","588,755",62.10%,37.90%,,,8.50%,40.00%,30.00%,14.00%,4.40%,3.10%,Demografi by Followers
1376,Facebook,Okezone,Okezone,Active,2026,August,,,,,,  -   ,,,,,,,,,,,,,,
1377,Facebook,Okezone,Okezone,Active,2026,September,,,,,,  -   ,,,,,,,,,,,,,,
1378,Facebook,Okezone,Okezone,Active,2026,October,,,,,,  -   ,,,,,,,,,,,,,,
1379,Facebook,Okezone,Okezone,Active,2026,November,,,,,,  -   ,,,,,,,,,,,,,,
1380,Facebook,Okezone,Okezone,Active,2026,December,,,,,,  -   ,,,,,,,,,,,,,,
1393,Facebook,Okezone,RDI 97.1 FM Jakarta,Active,2024,January,237,"79,307","2,243",data tidak keluar,  -   ,  -   ,,,,,,,,,,,,,,
1394,Facebook,Okezone,RDI 97.1 FM Jakarta,Active,2024,February,213,"80,665","1,358",data tidak keluar,  -   ,  -   ,,,,,,,,,,,,,,
1395,Facebook,Okezone,RDI 97.1 FM Jakarta,Active,2024,March,235,"82,430","1,765",data tidak keluar,  -   ,  -   ,,,,,,,,,,,,,,
1396,Facebook,Okezone,RDI 97.1 FM Jakarta,Active,2024,April,213,"84,132","1,702",data tidak keluar,  -   ,  -   ,,,,,,,,,,,,,,
1397,Facebook,Okezone,RDI 97.1 FM Jakarta,Active,2024,May,201,"84,505",373,data tidak keluar,  -   ,  -   ,,,,,,,,,,,,,,
1398,Facebook,Okezone,RDI 97.1 FM Jakarta,Active,2024,June,216,"84,648",143,data tidak keluar,  -   ,  -   ,,,,,,,,,,,,,,
1399,Facebook,Okezone,RDI 97.1 FM Jakarta,Active,2024,July,221,"84,749",101,data tidak keluar,  -   ,  -   ,,,,,,,,,,,,,,
1400,Facebook,Okezone,RDI 97.1 FM Jakarta,Active,2024,August,214,"84,836",87,data tidak keluar,  -   ,  -   ,,,,,,,,,,,,,,
1401,Facebook,Okezone,RDI 97.1 FM Jakarta,Active,2024,September,232,"85,048",212,data tidak keluar,  -   ,  -   ,,,,,,,,,,,,,,
1402,Facebook,Okezone,RDI 97.1 FM Jakarta,Active,2024,October,282,"85,360",312,"886,683",  -   ,  -   ,,,,,,,,,,,,,,
1403,Facebook,Okezone,RDI 97.1 FM Jakarta,Active,2024,November,193,"85,479",119,"283,440",  -   ,  -   ,,,,,,,,,,,,,,
1404,Facebook,Okezone,RDI 97.1 FM Jakarta,Active,2024,December,184,"85,684",205,"276,087",  -   ,  -   ,,,,,,,,,,,,,,
1405,Facebook,Okezone,RDI 97.1 FM Jakarta,Active,2025,January,219,"85,881",197,"298,467",  -   ,  -   ,,data tidak ada,"26,491",,,,,,,,,,,
1406,Facebook,Okezone,RDI 97.1 FM Jakarta,Active,2025,February,214,"86,069",188,"222,210",  -   ,  -   ,,data tidak ada,"27,339",,,,,,,,,,,
1407,Facebook,Okezone,RDI 97.1 FM Jakarta,Active,2025,March,245,"86,193",124,"223,976",  -   ,  -   ,,data tidak ada,"25,896",,,,,,,,,,,
1408,Facebook,Okezone,RDI 97.1 FM Jakarta,Active,2025,April,170,"86,338",145,"192,867",  -   ,  -   ,,data tidak ada,"19,363",,,,,,,,,,,
1409,Facebook,Okezone,RDI 97.1 FM Jakarta,Active,2025,May,185,"86,555",217,"184,288",  -   ,  -   ,,data tidak ada,"21,737",,,,,,,,,,,
1410,Facebook,Okezone,RDI 97.1 FM Jakarta,Active,2025,June,242,"86,758",203,"239,193",  -   ,  -   ,,data tidak ada,"25,099",,,,,,,,,,,
1411,Facebook,Okezone,RDI 97.1 FM Jakarta,Active,2025,July,270,"87,056",298,"346,188",  -   ,  -   ,,"68,480","30,793",52.50%,47.50%,,-,13.30%,45.00%,27.00%,9.50%,2.70%,2.50%,Demografi by Followers
1412,Facebook,Okezone,RDI 97.1 FM Jakarta,Active,2025,August,280,"87,211",315,"421,274",  -   ,  -   ,,"98,183","29,743",52.60%,47.40%,,,12.90%,45.20%,27.20%,9.60%,2.70%,2.40%,Demografi by Followers
1413,Facebook,Okezone,RDI 97.1 FM Jakarta,Active,2025,September,302,"88,051","1,083","459,699",  -   ,  -   ,,"170,578","28,171",52.40%,47.60%,,,12.60%,44.90%,27.50%,9.80%,2.80%,2.40%,Demografi by Followers
1414,Facebook,Okezone,RDI 97.1 FM Jakarta,Active,2025,October,431,"88,237",409,"470,334",  -   ,  -   ,,"145,106","24,961",52.50%,47.50%,,,12.30%,44.80%,27.60%,10.00%,2.90%,2.40%,Demografi by Followers
1415,Facebook,Okezone,RDI 97.1 FM Jakarta,Active,2025,November,281,"88,381",363,"460,818",  -   ,  -   ,,"155,894","20,054",52.70%,47.30%,,,12.00%,44.70%,27.90%,10.10%,2.90%,2.40%,Demografi by Followers
1416,Facebook,Okezone,RDI 97.1 FM Jakarta,Active,2025,December,245,"88,506",479,"671,289",  -   ,  -   ,,"261,130","21,838",52.50%,47.50%,,,11.50%,44.90%,28.00%,10.20%,3.00%,2.40%,Demografi by Followers
1417,Facebook,Okezone,RDI 97.1 FM Jakarta,Active,2026,January,227,"93,598","5,174","3,325,910",  -   ,  -   ,,"1,765,652","63,263",53.10%,46.90%,,,11.50%,44.10%,28.40%,10.50%,3.10%,2.40%,Demografi by Followers
1418,Facebook,Okezone,RDI 97.1 FM Jakarta,Active,2026,February,246,"93,774",393,"570,334",  3 ,"  51,000 ",,"178,051","19,810",53.20%,46.80%,,,11.40%,44.10%,28.50%,10.50%,3.10%,2.40%,Demografi by Followers
1419,Facebook,Okezone,RDI 97.1 FM Jakarta,Active,2026,March,231,"94,098",534,"524,681",  2 ,"  34,000 ",,"223,380","17,916",53.20%,46.80%,,,11.30%,43.90%,28.70%,10.60%,3.10%,2.40%,Demografi by Followers
1420,Facebook,Okezone,RDI 97.1 FM Jakarta,Active,2026,April,185,"94,188",302,"496,726",  1 ,"  17,000 ",,"176,483","16,029",53.10%,46.90%,,,11.20%,43.70%,28.90%,10.70%,3.10%,2.40%,Demografi by Followers
1421,Facebook,Okezone,RDI 97.1 FM Jakarta,Active,2026,May,188,"94,110",161,"745,849",  4 ,"  68,000 ",,"270,308","16,722",53.30%,46.70%,,,11.00%,43.70%,28.90%,10.80%,3.20%,2.40%,Demografi by Followers
1422,Facebook,Okezone,RDI 97.1 FM Jakarta,Active,2026,June,227,"94,395",661,"2,446,271",  20 ,"  340,000 ",,"1,085,095","23,923",53.20%,46.80%,,,10.80%,43.70%,29.10%,10.80%,3.20%,2.40%,Demografi by Followers
1423,Facebook,Okezone,RDI 97.1 FM Jakarta,Active,2026,July,247,"94,358",312,"1,809,775",  20 ,"  340,000 ",,"747,637","24,380",50.10%,49.90%,,,10.70%,42.20%,29.40%,11.60%,3.70%,2.40%,Demografi by Followers
1424,Facebook,Okezone,RDI 97.1 FM Jakarta,Active,2026,August,,,,,,  -   ,,,,,,,,,,,,,,
1425,Facebook,Okezone,RDI 97.1 FM Jakarta,Active,2026,September,,,,,,  -   ,,,,,,,,,,,,,,
1426,Facebook,Okezone,RDI 97.1 FM Jakarta,Active,2026,October,,,,,,  -   ,,,,,,,,,,,,,,
1427,Facebook,Okezone,RDI 97.1 FM Jakarta,Active,2026,November,,,,,,  -   ,,,,,,,,,,,,,,
1428,Facebook,Okezone,RDI 97.1 FM Jakarta,Active,2026,December,,,,,,  -   ,,,,,,,,,,,,,,
1441,Facebook,Okezone,V Radio,Active,2024,January,99,"10,461",275,data tidak keluar,  -   ,  -   ,,,,,,,,,,,,,,
1442,Facebook,Okezone,V Radio,Active,2024,February,116,"10,553",92,data tidak keluar,  -   ,  -   ,,,,,,,,,,,,,,
1443,Facebook,Okezone,V Radio,Active,2024,March,108,"11,388",835,data tidak keluar,  -   ,  -   ,,,,,,,,,,,,,,
1444,Facebook,Okezone,V Radio,Active,2024,April,82,"11,732",344,data tidak keluar,  -   ,  -   ,,,,,,,,,,,,,,
1445,Facebook,Okezone,V Radio,Active,2024,May,102,"12,133",401,data tidak keluar,  -   ,  -   ,,,,,,,,,,,,,,
1446,Facebook,Okezone,V Radio,Active,2024,June,113,"12,210",77,data tidak keluar,  -   ,  -   ,,,,,,,,,,,,,,
1447,Facebook,Okezone,V Radio,Active,2024,July,84,"12,234",24,data tidak keluar,  -   ,  -   ,,,,,,,,,,,,,,
1448,Facebook,Okezone,V Radio,Active,2024,August,82,"12,242",8,data tidak keluar,  -   ,  -   ,,,,,,,,,,,,,,
1449,Facebook,Okezone,V Radio,Active,2024,September,90,"12,255",13,data tidak keluar,  -   ,  -   ,,,,,,,,,,,,,,
1450,Facebook,Okezone,V Radio,Active,2024,October,95,"12,260",5,"21,894",  -   ,  -   ,,,,,,,,,,,,,,
1451,Facebook,Okezone,V Radio,Active,2024,November,87,"12,264",4,"12,989",  -   ,  -   ,,,,,,,,,,,,,,
1452,Facebook,Okezone,V Radio,Active,2024,December,90,"12,277",13,"19,443",  -   ,  -   ,,,,,,,,,,,,,,
1453,Facebook,Okezone,V Radio,Active,2025,January,72,"12,307",30,"27,760",  -   ,  -   ,,data tidak ada,274,,,,,,,,,,,
1454,Facebook,Okezone,V Radio,Active,2025,February,55,"12,332",25,"113,666",  -   ,  -   ,,data tidak ada,"1,649",,,,,,,,,,,
1455,Facebook,Okezone,V Radio,Active,2025,March,62,"12,396",64,"85,706",  -   ,  -   ,,data tidak ada,"1,319",,,,,,,,,,,
1456,Facebook,Okezone,V Radio,Active,2025,April,63,"12,601",205,"1,296,506",  -   ,  -   ,,data tidak ada,"14,879",,,,,,,,,,,
1457,Facebook,Okezone,V Radio,Active,2025,May,70,"12,678",77,"435,406",  -   ,  -   ,,data tidak ada,"3,475",,,,,,,,,,,
1458,Facebook,Okezone,V Radio,Active,2025,June,77,"12,692",14,"42,853",  -   ,  -   ,,data tidak ada,230,,,,,,,,,,,
1459,Facebook,Okezone,V Radio,Active,2025,July,84,"12,728",36,"49,701",  -   ,  -   ,,"22,966",278,47.60%,52.40%,,-,9.90%,30.40%,30.40%,18.60%,7.00%,3.70%,Demografi by Followers
1460,Facebook,Okezone,V Radio,Active,2025,August,100,"12,734",22,"54,514",  -   ,  -   ,,"20,842",424,52.30%,47.70%,,,9.70%,30.30%,30.40%,18.80%,7.10%,3.70%,Demografi by Followers
1461,Facebook,Okezone,V Radio,Active,2025,September,102,"12,742",37,"114,298",  -   ,  -   ,,"51,951",871,52.30%,47.70%,,,9.50%,30.40%,30.40%,18.70%,7.30%,3.70%,Demografi by Followers
1462,Facebook,Okezone,V Radio,Active,2025,October,133,"12,758",49,"223,181",  -   ,  -   ,,"80,757","2,437",52.30%,47.70%,,,9.40%,30.30%,30.40%,19.00%,7.10%,3.80%,Demografi by Followers
1463,Facebook,Okezone,V Radio,Active,2025,November,199,"12,769",41,"139,654",  -   ,  -   ,,"60,729","1,149",52.40%,47.60%,,,9.10%,30.30%,30.50%,19.00%,7.30%,3.80%,Demografi by Followers
1464,Facebook,Okezone,V Radio,Active,2025,December,127,"12,768",28,"213,196",  -   ,  -   ,,"115,842",988,52.40%,47.60%,,,8.90%,30.40%,30.50%,19.10%,7.30%,3.80%,Demografi by Followers
1465,Facebook,Okezone,V Radio,Active,2026,January,118,"12,777",41,"178,988",  -   ,  -   ,,"85,659","1,061",47.50%,52.50%,,,8.80%,30.10%,30.50%,19.30%,7.60%,3.80%,Demografi by Followers
1466,Facebook,Okezone,V Radio,Active,2026,February,138,"12,787",45,"254,329",  -   ,  -   ,,"150,037",746,47.40%,52.60%,,,8.60%,30.10%,30.80%,19.20%,7.60%,3.70%,Demografi by Followers
1467,Facebook,Okezone,V Radio,Active,2026,March,131,"13,286",531,"383,040",  -   ,  -   ,,"272,994","6,976",46.10%,53.90%,,,8.60%,30.60%,30.70%,18.90%,7.50%,3.70%,Demografi by Followers
1468,Facebook,Okezone,V Radio,Active,2026,April,161,"13,273",26,"272,365",  -   ,  -   ,,"114,721",501,46.40%,53.60%,,,8.50%,30.20%,30.70%,19.10%,7.70%,3.80%,Demografi by Followers
1469,Facebook,Okezone,V Radio,Active,2026,May,163,"13,263",27,"30,335",  -   ,  -   ,,"16,167",223,46.20%,53.80%,,,8.40%,30.10%,31.00%,19.10%,7.60%,3.80%,Demografi by Followers
1470,Facebook,Okezone,V Radio,Active,2026,June,186,"13,432",225,"218,563",  2 ,"  34,000 ",,"119,441","5,270",46.30%,53.70%,,,8.30%,30.20%,31.00%,19.10%,7.60%,3.80%,Demografi by Followers
1471,Facebook,Okezone,V Radio,Active,2026,July,152,"13,440",47,"67,004",  -   ,  -   ,,"34,366",510,45.90%,54.10%,,,9.60%,30.40%,28.60%,18.90%,8.50%,4.00%,Demografi by Followers
1472,Facebook,Okezone,V Radio,Active,2026,August,,,,,,  -   ,,,,,,,,,,,,,,
1473,Facebook,Okezone,V Radio,Active,2026,September,,,,,,  -   ,,,,,,,,,,,,,,
1474,Facebook,Okezone,V Radio,Active,2026,October,,,,,,  -   ,,,,,,,,,,,,,,
1475,Facebook,Okezone,V Radio,Active,2026,November,,,,,,  -   ,,,,,,,,,,,,,,
1476,Facebook,Okezone,V Radio,Active,2026,December,,,,,,  -   ,,,,,,,,,,,,,,
1489,Facebook,Sindonews,SINDOnews,Active,2024,January,"4,068","1,091,024","3,968",data tidak keluar,  20 ,"  340,000 ",,,,,,,,,,,,,,
1490,Facebook,Sindonews,SINDOnews,Active,2024,February,"3,226","1,096,695","5,671",data tidak keluar,  38 ,"  646,000 ",,,,,,,,,,,,,,
1491,Facebook,Sindonews,SINDOnews,Active,2024,March,"3,496","1,101,010","4,315",data tidak keluar,  240 ,"  4,080,000 ",,,,,,,,,,,,,,
1492,Facebook,Sindonews,SINDOnews,Active,2024,April,"3,525","1,110,125","9,115",data tidak keluar,  348 ,"  5,916,000 ",,,,,,,,,,,,,,
1493,Facebook,Sindonews,SINDOnews,Active,2024,May,"5,313","1,110,675",550,data tidak keluar,  5 ,"  85,000 ",,,,,,,,,,,,,,
1494,Facebook,Sindonews,SINDOnews,Active,2024,June,"4,426","1,110,944",269,data tidak keluar,  -   ,  -   ,,,,,,,,,,,,,,
1495,Facebook,Sindonews,SINDOnews,Active,2024,July,"4,077","1,111,223",279,data tidak keluar,  1 ,"  17,000 ",,,,,,,,,,,,,,
1496,Facebook,Sindonews,SINDOnews,Active,2024,August,"4,573","1,111,697",474,data tidak keluar,  13 ,"  221,000 ",,,,,,,,,,,,,,
1497,Facebook,Sindonews,SINDOnews,Active,2024,September,"3,643","1,112,210",513,data tidak keluar,  19 ,"  323,000 ",,,,,,,,,,,,,,
1498,Facebook,Sindonews,SINDOnews,Active,2024,October,"3,817","1,112,749",539,"5,828,743",  15 ,"  255,000 ",,,,,,,,,,,,,,
1499,Facebook,Sindonews,SINDOnews,Active,2024,November,"4,199","1,113,487",738,"6,625,785",  19 ,"  323,000 ",,,,,,,,,,,,,,
1500,Facebook,Sindonews,SINDOnews,Active,2024,December,"5,149","1,114,064",577,"13,720,157",  13 ,"  221,000 ",,,,,,,,,,,,,,
1501,Facebook,Sindonews,SINDOnews,Active,2025,January,"7,281","1,116,073","2,009","22,080,024",  46 ,"  782,000 ",,data tidak ada,"216,989",,,,,,,,,,,
1502,Facebook,Sindonews,SINDOnews,Active,2025,February,"7,043","1,118,029","1,956","21,485,015",  35 ,"  595,000 ",,data tidak ada,"223,805",,,,,,,,,,,
1503,Facebook,Sindonews,SINDOnews,Active,2025,March,"6,224","1,132,857","14,828","24,264,881",  147 ,"  2,499,000 ",,data tidak ada,"371,163",,,,,,,,,,,
1504,Facebook,Sindonews,SINDOnews,Active,2025,April,"2,625","1,139,202","6,345","14,136,347",  55 ,"  935,000 ",,data tidak ada,"178,649",,,,,,,,,,,
1505,Facebook,Sindonews,SINDOnews,Active,2025,May,"2,029","1,145,706","6,504","11,733,105",  78 ,"  1,326,000 ",,data tidak ada,"216,209",,,,,,,,,,,
1506,Facebook,Sindonews,SINDOnews,Active,2025,June,978,"1,158,234","12,528","20,366,829",  166 ,"  2,822,000 ",,data tidak ada,"417,127",,,,,,,,,,,
1507,Facebook,Sindonews,SINDOnews,Active,2025,July,743,"1,165,447","13,760","29,792,602",  133 ,"  2,261,000 ",,"8,589,093","465,126",72.40%,27.60%,,-,7.40%,36.50%,31.80%,16.20%,5.10%,3.00%,Demografi by Followers
1508,Facebook,Sindonews,SINDOnews,Active,2025,August,733,"1,191,142","26,595","29,913,171",  319 ,"  5,423,000 ",,"11,348,300","476,609",72.50%,27.60%,,,7.10%,36.60%,31.90%,16.40%,5.10%,2.90%,Demografi by Followers
1509,Facebook,Sindonews,SINDOnews,Active,2025,September,694,"1,208,661","20,412","34,366,289",  323 ,"  5,491,000 ",,"10,329,333","486,980",72.60%,27.40%,,,6.90%,36.60%,31.90%,16.50%,5.20%,2.90%,Demografi by Followers
1510,Facebook,Sindonews,SINDOnews,Active,2025,October,761,"1,216,300","10,327","15,110,501",  182 ,"  3,094,000 ",,"5,962,067","211,284",72.50%,27.50%,,,6.60%,36.50%,32.00%,16.60%,5.40%,2.90%,Demografi by Followers
1511,Facebook,Sindonews,SINDOnews,Active,2025,November,838,"1,235,198","21,547","21,246,988",  307 ,"  5,219,000 ",,"8,336,205","446,099",72.70%,27.30%,,,6.40%,36.30%,32.10%,16.80%,5.40%,3.00%,Demografi by Followers
1512,Facebook,Sindonews,SINDOnews,Active,2025,December,"1,143","1,265,093","40,888","35,408,835",  557 ,"  9,469,000 ",,"13,729,658","716,566",73.00%,27.00%,,,6.20%,36.30%,32.10%,16.90%,5.50%,3.00%,Demografi by Followers
1513,Facebook,Sindonews,SINDOnews,Active,2026,January,"1,467","1,305,294","37,260","40,290,788",  539 ,"  9,163,000 ",,"12,315,803","786,018",73.30%,26.70%,,,6.00%,36.10%,32.20%,17.10%,5.60%,3.00%,Demografi by Followers
1514,Facebook,Sindonews,SINDOnews,Active,2026,February,"1,320","1,341,610","40,566","58,905,603",  729 ,"  12,393,000 ",,"17,325,975","1,035,134",73.50%,26.50%,,,6.00%,36.30%,32.30%,17.00%,5.50%,2.90%,Demografi by Followers
1515,Facebook,Sindonews,SINDOnews,Active,2026,March,"1,450","1,391,633","55,901","94,489,263",  997 ,"  16,949,000 ",,"22,687,398","1,546,079",73.60%,26.40%,,,5.90%,36.10%,32.50%,17.10%,5.50%,2.90%,Demografi by Followers
1516,Facebook,Sindonews,SINDOnews,Active,2026,April,"1,833","1,449,568","61,149","66,558,737",  907 ,"  15,419,000 ",,"16,223,291","1,310,726",73.90%,26.10%,,,5.90%,35.90%,32.50%,17.20%,5.60%,2.90%,Demografi by Followers
1517,Facebook,Sindonews,SINDOnews,Active,2026,May,"1,613","1,491,841","48,044","52,969,492",  811 ,"  13,787,000 ",,"15,492,011","1,132,892",74.30%,25.70%,,,5.70%,35.70%,32.70%,17.30%,5.70%,2.90%,Demografi by Followers
1518,Facebook,Sindonews,SINDOnews,Active,2026,June,"1,187","1,506,793","22,562","31,948,023",  447 ,"  7,599,000 ",,"12,074,904","583,514",74.30%,25.70%,,,5.70%,35.70%,32.70%,17.30%,5.70%,2.90%,Demografi by Followers
1519,Facebook,Sindonews,SINDOnews,Active,2026,July,"1,341","1,536,260","34,763","46,803,990",  665 ,"  11,305,000 ",,"16,661,318","842,388",74.80%,25.20%,,,5.90%,35.10%,32.60%,17.50%,5.90%,3.00%,Demografi by Followers
1520,Facebook,Sindonews,SINDOnews,Active,2026,August,,,,,,  -   ,,,,,,,,,,,,,,
1521,Facebook,Sindonews,SINDOnews,Active,2026,September,,,,,,  -   ,,,,,,,,,,,,,,
1522,Facebook,Sindonews,SINDOnews,Active,2026,October,,,,,,  -   ,,,,,,,,,,,,,,
1523,Facebook,Sindonews,SINDOnews,Active,2026,November,,,,,,  -   ,,,,,,,,,,,,,,
1524,Facebook,Sindonews,SINDOnews,Active,2026,December,,,,,,  -   ,,,,,,,,,,,,,,
1537,Instagram,IDX Channel,IDX CHANNEL,Active,2024,January,449,-,data tdk keluar,data tdk keluar,,  -   ,,,,,,,,,,,,,,
1538,Instagram,IDX Channel,IDX CHANNEL,Active,2024,February,346,-,data tdk keluar,data tdk keluar,,  -   ,,,,,,,,,,,,,,
1539,Instagram,IDX Channel,IDX CHANNEL,Active,2024,March,364,-,data tdk keluar,data tdk keluar,,  -   ,,,,,,,,,,,,,,
1540,Instagram,IDX Channel,IDX CHANNEL,Active,2024,April,337,-,data tdk keluar,data tdk keluar,,  -   ,,,,,,,,,,,,,,
1541,Instagram,IDX Channel,IDX CHANNEL,Active,2024,May,382,-,data tdk keluar,data tdk keluar,,  -   ,,,,,,,,,,,,,,
1542,Instagram,IDX Channel,IDX CHANNEL,Active,2024,June,437,-,data tdk keluar,data tdk keluar,,  -   ,,,,,,,,,,,,,,
1543,Instagram,IDX Channel,IDX CHANNEL,Active,2024,July,519,-,data tdk keluar,data tdk keluar,,  -   ,,,,,,,,,,,,,,
1544,Instagram,IDX Channel,IDX CHANNEL,Active,2024,August,493,-,data tdk keluar,data tdk keluar,,  -   ,,,,,,,,,,,,,,
1545,Instagram,IDX Channel,IDX CHANNEL,Active,2024,September,473,"798,514",data tdk keluar,data tdk keluar,,  -   ,,,,,,,,,,,,,,
1546,Instagram,IDX Channel,IDX CHANNEL,Active,2024,October,516,"809,966","11,452",data tdk keluar,,  -   ,,,,,,,,,,,,,,
1547,Instagram,IDX Channel,IDX CHANNEL,Active,2024,November,526,"824,170","14,204",data tdk keluar,,  -   ,,,,,,,,,,,,,,
1548,Instagram,IDX Channel,IDX CHANNEL,Active,2024,December,467,"838,033","13,863","3,031,440",,  -   ,,,,,,,,,,,,,,
1549,Instagram,IDX Channel,IDX CHANNEL,Active,2025,January,391,"853,269","15,236","42,962,430",,  -   ,,"3,079,324",data tidak ada,,,,,,,,,,,
1550,Instagram,IDX Channel,IDX CHANNEL,Active,2025,February,338,"872,133","18,864","35,386,414",,  -   ,,"4,297,051",data tidak ada,,,,,,,,,,,
1551,Instagram,IDX Channel,IDX CHANNEL,Active,2025,March,408,"892,745","20,612","40,071,975",,  -   ,,"4,036,183",data tidak ada,,,,,,,,,,,
1552,Instagram,IDX Channel,IDX CHANNEL,Active,2025,April,345,"916,683","23,938","39,458,567",,  -   ,,"4,455,461",data tidak ada,,,,,,,,,,,
1553,Instagram,IDX Channel,IDX CHANNEL,Active,2025,May,501,"933,284","16,601","33,467,546",,  -   ,,"2,504,052",data tidak ada,,,,,,,,,,,
1554,Instagram,IDX Channel,IDX CHANNEL,Active,2025,June,499,"949,796","16,512","43,440,961",,  -   ,,"3,818,451",data tidak ada,,,,,,,,,,,
1555,Instagram,IDX Channel,IDX CHANNEL,Active,2025,July,561,"963,156","24,803","43,452,877",,  -   ,,"3,388,041","829,251",70.00%,30.00%,,-,13.10%,53.80%,23.00%,7.00%,1.90%,1.20%,Demografi by Followers
1556,Instagram,IDX Channel,IDX CHANNEL,Active,2025,August,522,"976,240","22,801","44,356,237",,  -   ,,"3,367,464","708,523",70.10%,29.90%,,,12.90%,53.70%,23.10%,7.10%,2.00%,1.20%,Demografi by Followers
1557,Instagram,IDX Channel,IDX CHANNEL,Active,2025,September,570,"1,001,800","35,499","61,711,463",,  -   ,,"5,439,564","970,181",70.40%,29.60%,,,12.90%,53.30%,23.30%,7.30%,2.00%,1.20%,Demografi by Followers
1558,Instagram,IDX Channel,IDX CHANNEL,Active,2025,October,704,"1,032,255","41,232","68,481,755",,  -   ,,"4,794,503","1,168,938",70.70%,29.30%,,,13.00%,53.10%,23.40%,7.30%,2.00%,1.20%,Demografi by Followers
1559,Instagram,IDX Channel,IDX CHANNEL,Active,2025,November,517,"1,045,889","23,819","49,811,348",,  -   ,,"3,262,924","761,763",70.90%,29.10%,,,12.80%,53.10%,23.50%,7.40%,2.00%,1.20%,Demografi by Followers
1560,Instagram,IDX Channel,IDX CHANNEL,Active,2025,December,657,"1,070,822","37,455","53,287,624",,  -   ,,"4,083,490","936,180",71.20%,28.80%,,,12.90%,53.00%,23.50%,7.40%,2%,1.20%,Demografi by Followers
1561,Instagram,IDX Channel,IDX CHANNEL,Active,2026,January,697,"1,122,300","61,386","62,107,610",,  -   ,,"3,645,161","1,289,710",71.80%,28.20%,,,13.50%,52.80%,23.30%,7.30%,2%,1.10%,Demografi by Followers
1562,Instagram,IDX Channel,IDX CHANNEL,Active,2026,February,673,"1,138,922","29,363","49,144,105",,  -   ,,"3,480,085","795,742",72.10%,27.90%,,,13.70%,52.70%,23.20%,7.30%,2.00%,1.10%,Demografi by Followers
1563,Instagram,IDX Channel,IDX CHANNEL,Active,2026,March,853,"1,147,015","19,662","74,339,803",,  -   ,,"5,637,297","1,125,005",72.10%,27.90%,,,13.40%,52.60%,23.40%,7.40%,2.00%,1.20%,Demografi by Followers
1564,Instagram,IDX Channel,IDX CHANNEL,Active,2026,April,"1,161","1,156,760","23,164","66,607,431",,  -   ,,"4,608,142","1,092,190",72.30%,27.70%,,,13.20%,52.40%,23.60%,7.50%,2.10%,1.20%,Demografi by Followers
1565,Instagram,IDX Channel,IDX CHANNEL,Active,2026,May,"1,104","1,155,969","18,116","52,980,240",,  -   ,,"2,538,526","804,693",72.30%,27.70%,,,13.10%,52.30%,23.80%,7.50%,2.10%,1.20%,Demografi by Followers
1566,Instagram,IDX Channel,IDX CHANNEL,Active,2026,June,"1,006","1,162,881","21,498","49,313,158",,  -   ,,"3,171,997","787,044",72.40%,27.60%,,,12.90%,52.20%,23.90%,7.60%,2.20%,1.20%,Demografi by Followers
1567,Instagram,IDX Channel,IDX CHANNEL,Active,2026,July,"1,047","1,175,299","26,544","45,414,215",,  -   ,,"4,502,138","699,263",72.20%,27.80%,,,12.70%,52.00%,24.10%,7.80%,2.20%,1.20%,Demografi by Followers
1568,Instagram,IDX Channel,IDX CHANNEL,Active,2026,August,,,,,,  -   ,,,,,,,,,,,,,,
1569,Instagram,IDX Channel,IDX CHANNEL,Active,2026,September,,,,,,  -   ,,,,,,,,,,,,,,
1570,Instagram,IDX Channel,IDX CHANNEL,Active,2026,October,,,,,,  -   ,,,,,,,,,,,,,,
1571,Instagram,IDX Channel,IDX CHANNEL,Active,2026,November,,,,,,  -   ,,,,,,,,,,,,,,
1572,Instagram,IDX Channel,IDX CHANNEL,Active,2026,December,,,,,,  -   ,,,,,,,,,,,,,,
1585,Instagram,iNews,Buletin iNews GTV,Active,2024,January,498,-,data tdk keluar,data tdk keluar,,  -   ,,,,,,,,,,,,,,
1586,Instagram,iNews,Buletin iNews GTV,Active,2024,February,334,-,data tdk keluar,data tdk keluar,,  -   ,,,,,,,,,,,,,,
1587,Instagram,iNews,Buletin iNews GTV,Active,2024,March,287,-,data tdk keluar,data tdk keluar,,  -   ,,,,,,,,,,,,,,
1588,Instagram,iNews,Buletin iNews GTV,Active,2024,April,180,-,data tdk keluar,data tdk keluar,,  -   ,,,,,,,,,,,,,,
1589,Instagram,iNews,Buletin iNews GTV,Active,2024,May,232,-,data tdk keluar,data tdk keluar,,  -   ,,,,,,,,,,,,,,
1590,Instagram,iNews,Buletin iNews GTV,Active,2024,June,189,-,data tdk keluar,data tdk keluar,,  -   ,,,,,,,,,,,,,,
1591,Instagram,iNews,Buletin iNews GTV,Active,2024,July,164,-,data tdk keluar,data tdk keluar,,  -   ,,,,,,,,,,,,,,
1592,Instagram,iNews,Buletin iNews GTV,Active,2024,August,133,-,data tdk keluar,data tdk keluar,,  -   ,,,,,,,,,,,,,,
1593,Instagram,iNews,Buletin iNews GTV,Active,2024,September,101,"175,990",data tdk keluar,data tdk keluar,,  -   ,,,,,,,,,,,,,,
1594,Instagram,iNews,Buletin iNews GTV,Active,2024,October,65,"176,438",448,data tdk keluar,,  -   ,,,,,,,,,,,,,,
1595,Instagram,iNews,Buletin iNews GTV,Active,2024,November,59,"176,875",437,data tdk keluar,,  -   ,,,,,,,,,,,,,,
1596,Instagram,iNews,Buletin iNews GTV,Active,2024,December,50,"177,417",542,"20,326",,  -   ,,,,,,,,,,,,,,
1597,Instagram,iNews,Buletin iNews GTV,Active,2025,January,31,"178,015",598,"1,087,752",,  -   ,,"623,028",data tidak ada,,,,,,,,,,,
1598,Instagram,iNews,Buletin iNews GTV,Active,2025,February,13,"178,427",412,"179,947",,  -   ,,"99,409",data tidak ada,,,,,,,,,,,
1599,Instagram,iNews,Buletin iNews GTV,Active,2025,March,32,"178,735",308,"115,969",,  -   ,,"46,066",data tidak ada,,,,,,,,,,,
1600,Instagram,iNews,Buletin iNews GTV,Active,2025,April,4,"179,072",337,"58,179",,  -   ,,"38,986",data tidak ada,,,,,,,,,,,
1601,Instagram,iNews,Buletin iNews GTV,Active,2025,May,9,"179,393",321,"24,946",,  -   ,,"18,608",data tidak ada,,,,,,,,,,,
1602,Instagram,iNews,Buletin iNews GTV,Active,2025,June,3,"179,668",275,"33,327",,  -   ,,"18,608",data tidak ada,,,,,,,,,,,
1603,Instagram,iNews,Buletin iNews GTV,Active,2025,July,4,"179,623",279,"30,197",,  -   ,,"20,307",331,66.50%,33.50%,,-,8.00%,39.10%,33.90%,13.00%,3.70%,2.30%,Demografi by Followers
1604,Instagram,iNews,Buletin iNews GTV,Active,2025,August,12,"179,453",320,"32,250",,  -   ,,"23,705",495,66.60%,33.40%,,,7.70%,39.10%,34.20%,13.10%,3.70%,2.20%,Demografi by Followers
1605,Instagram,iNews,Buletin iNews GTV,Active,2025,September,22,"179,314",312,"32,625",,  -   ,,"16,330",286,66.50%,33.50%,,,7.50%,39.00%,34.20%,13.20%,3.90%,2.20%,Demografi by Followers
1606,Instagram,iNews,Buletin iNews GTV,Active,2025,October,7,"179,076",278,"34,938",,  -   ,,"20,201",436,66.50%,33.50%,,,7.30%,38.80%,34.50%,13.30%,3.90%,2.20%,Demografi by Followers
1607,Instagram,iNews,Buletin iNews GTV,Active,2025,November,9,"178,853",269,"93,077",,  -   ,,"43,958",747,66.40%,33.60%,,,7.10%,38.60%,34.60%,13.50%,3.90%,2.30%,Demografi by Followers
1608,Instagram,iNews,Buletin iNews GTV,Active,2025,December,26,"178,646",265,"333,752",,  -   ,,"21,633","4,883",66.50%,33.50%,,,6.80%,38.60%,34.70%,13.60%,4.00%,2.30%,Demografi by Followers
1609,Instagram,iNews,Buletin iNews GTV,Active,2026,January,64,"178,785",566,"1,597,870",,  -   ,,"44,492","52,537",66.40%,33.60%,,,6.80%,38.20%,34.90%,13.80%,4.00%,2.30%,Demografi by Followers
1610,Instagram,iNews,Buletin iNews GTV,Active,2026,February,72,"179,189",792,"2,043,842",,  -   ,,"137,531","72,509",66.40%,33.60%,,,6.70%,38.00%,35.00%,13.80%,4.20%,2.30%,Demografi by Followers
1611,Instagram,iNews,Buletin iNews GTV,Active,2026,March,95,"179,348",692,"4,236,559",,  -   ,,"108,909","168,702",66.40%,33.60%,,,6.60%,37.80%,35.20%,13.90%,4.20%,2.30%,Demografi by Followers
1612,Instagram,iNews,Buletin iNews GTV,Active,2026,April,123,"179,473",641,"3,790,478",,  -   ,,"66,705","96,421",66.40%,33.60%,,,6.40%,37.60%,35.40%,14.10%,4.20%,2.30%,Demografi by Followers
1613,Instagram,iNews,Buletin iNews GTV,Active,2026,May,94,"177,304","1,082","7,315,720",,  -   ,,"367,108","241,905",66.50%,33.50%,,,6.30%,37.30%,35.50%,14.30%,4.30%,2.30%,Demografi by Followers
1614,Instagram,iNews,Buletin iNews GTV,Active,2026,June,14,"177,125",475,"1,819,627",,  -   ,,"289,949","58,296",66.50%,33.50%,,,6.10%,37.10%,35.70%,14.50%,4.30%,2.30%,Demografi by Followers
1615,Instagram,iNews,Buletin iNews GTV,Active,2026,July,1,"179,987",376,"422,574",,  -   ,,"295,085","27,560",66.50%,33.50%,,,6.00%,36.80%,35.80%,14.80%,4.30%,2.30%,Demografi by Followers
1616,Instagram,iNews,Buletin iNews GTV,Active,2026,August,,,,,,  -   ,,,,,,,,,,,,,,
1617,Instagram,iNews,Buletin iNews GTV,Active,2026,September,,,,,,  -   ,,,,,,,,,,,,,,
1618,Instagram,iNews,Buletin iNews GTV,Active,2026,October,,,,,,  -   ,,,,,,,,,,,,,,
1619,Instagram,iNews,Buletin iNews GTV,Active,2026,November,,,,,,  -   ,,,,,,,,,,,,,,
1620,Instagram,iNews,Buletin iNews GTV,Active,2026,December,,,,,,  -   ,,,,,,,,,,,,,,
1633,Instagram,iNews,iNews Sports,Active,2024,January,2,-,data tidak keluar,data tidak keluar,,  -   ,,,,,,,,,,,,,,
1634,Instagram,iNews,iNews Sports,Active,2024,February,8,-,data tidak keluar,data tidak keluar,,  -   ,,,,,,,,,,,,,,
1635,Instagram,iNews,iNews Sports,Active,2024,March,13,-,data tidak keluar,data tidak keluar,,  -   ,,,,,,,,,,,,,,
1636,Instagram,iNews,iNews Sports,Active,2024,April,16,-,data tidak keluar,data tidak keluar,,  -   ,,,,,,,,,,,,,,
1637,Instagram,iNews,iNews Sports,Active,2024,May,62,-,data tidak keluar,data tidak keluar,,  -   ,,,,,,,,,,,,,,
1638,Instagram,iNews,iNews Sports,Active,2024,June,104,-,data tidak keluar,data tidak keluar,,  -   ,,,,,,,,,,,,,,
1639,Instagram,iNews,iNews Sports,Active,2024,July,131,-,data tidak keluar,data tidak keluar,,  -   ,,,,,,,,,,,,,,
1640,Instagram,iNews,iNews Sports,Active,2024,August,122,-,data tidak keluar,data tidak keluar,,  -   ,,,,,,,,,,,,,,
1641,Instagram,iNews,iNews Sports,Active,2024,September,146,"15,598",data tidak keluar,data tidak keluar,,  -   ,,,,,,,,,,,,,,
1642,Instagram,iNews,iNews Sports,Active,2024,October,124,"15,990",392,data tidak keluar,,  -   ,,,,,,,,,,,,,,
1643,Instagram,iNews,iNews Sports,Active,2024,November,128,"16,674",684,data tidak keluar,,  -   ,,,,,,,,,,,,,,
1644,Instagram,iNews,iNews Sports,Active,2024,December,90,"17,568",894,233,,  -   ,,,,,,,,,,,,,,
1645,Instagram,iNews,iNews Sports,Active,2025,January,97,"18,236",668,"14,193",,  -   ,,"10,655",data tidak ada,,,,,,,,,,,
1646,Instagram,iNews,iNews Sports,Active,2025,February,76,"18,825",589,"6,604",,  -   ,,"5,158",data tidak ada,,,,,,,,,,,
1647,Instagram,iNews,iNews Sports,Active,2025,March,67,"19,548",723,"7,112",,  -   ,,"5,256",data tidak ada,,,,,,,,,,,
1648,Instagram,iNews,iNews Sports,Active,2025,April,9,"20,594","1,046","6,735",,  -   ,,"4,496",data tidak ada,,,,,,,,,,,
1649,Instagram,iNews,iNews Sports,Active,2025,May,9,"20,994",400,"7,678",,  -   ,,"5,794",data tidak ada,,,,,,,,,,,
1650,Instagram,iNews,iNews Sports,Active,2025,June,1,"21,607",613,"8,715",,  -   ,,"4,924",data tidak ada,,,,,,,,,,,
1651,Instagram,iNews,iNews Sports,Active,2025,July,1,"21,626",195,"13,616",,  -   ,,"3,815",54,77.20%,22.80%,,-,13.80%,41.90%,29.10%,10.60%,2.70%,1.90%,Demografi by Followers
1652,Instagram,iNews,iNews Sports,Active,2025,August,15,"22,014",548,"113,719",,  -   ,,"50,819","2,282",77.40%,22.60%,,,13.40%,41.90%,29.40%,10.60%,2.80%,1.90%,Demografi by Followers
1653,Instagram,iNews,iNews Sports,Active,2025,September,25,"22,446",618,"460,250",,  -   ,,"118,223","4,380",77.70%,22.30%,,,13.00%,41.60%,29.60%,11.00%,2.90%,1.90%,Demografi by Followers
1654,Instagram,iNews,iNews Sports,Active,2025,October,45,"24,068","1,815","3,511,344",,  -   ,,"1,683,587","217,972",78.60%,21.40%,,,12.30%,41.30%,29.90%,11.50%,3.10%,1.90%,Demografi by Followers
1655,Instagram,iNews,iNews Sports,Active,2025,November,18,"24,456",578,"999,301",,  -   ,,"550,093","48,594",78.80%,21.20%,,,11.90%,41.10%,30.20%,11.80%,3.10%,1.90%,Demografi by Followers
1656,Instagram,iNews,iNews Sports,Active,2025,December,46,"26,045","1,845","1,428,940",,  -   ,,"740,468","85,452",79.70%,20.30%,,,11.20%,40.40%,30.70%,12.50%,3.30%,1.90%,Demografi by Followers
1657,Instagram,iNews,iNews Sports,Active,2026,January,13,"26,366",521,"688,323",,  -   ,,"238,452","34,308",79.80%,20.20%,,,11.00%,40.20%,30.80%,12.60%,3.40%,2.00%,Demografi by Followers
1658,Instagram,iNews,iNews Sports,Active,2026,February,11,"26,443",271,"561,156",,  -   ,,"155,607","21,525",79.90%,20.10%,,,10.70%,40.20%,30.90%,12.70%,3.50%,2.00%,Demografi by Followers
1659,Instagram,iNews,iNews Sports,Active,2026,March,2,"26,539",275,"70,848",,  -   ,,"50,130","1,979",79.80%,20.20%,,,10.60%,40.00%,31.10%,12.90%,3.40%,2.00%,Demografi by Followers
1660,Instagram,iNews,iNews Sports,Active,2026,April,0,"26,588",259,"7,036",,  -   ,,"6,447",117,80.00%,20.00%,,,10.30%,40.00%,31.30%,13.00%,3.40%,2.00%,Demografi by Followers
1661,Instagram,iNews,iNews Sports,Active,2026,May,1,"26,598",291,"8,762",,  -   ,,"6,901",225,80.00%,20.00%,,,10.30%,39.70%,31.40%,13.10%,3.50%,2.00%,Demografi by Followers
1662,Instagram,iNews,iNews Sports,Active,2026,June,17,"26,768",374,"258,224",,  -   ,,"33,650","4,719",80.10%,19.90%,,,10.00%,39.50%,31.40%,13.40%,3.70%,2.00%,Demografi by Followers
1663,Instagram,iNews,iNews Sports,Active,2026,July,3,"26,954",409,"110,299",,  -   ,,"46,648","2,204",80.00%,20.00%,,,9.90%,39.30%,31.70%,13.40%,3.60%,2.10%,Demografi by Followers
1664,Instagram,iNews,iNews Sports,Active,2026,August,,,,,,  -   ,,,,,,,,,,,,,,
1665,Instagram,iNews,iNews Sports,Active,2026,September,,,,,,  -   ,,,,,,,,,,,,,,
1666,Instagram,iNews,iNews Sports,Active,2026,October,,,,,,  -   ,,,,,,,,,,,,,,
1667,Instagram,iNews,iNews Sports,Active,2026,November,,,,,,  -   ,,,,,,,,,,,,,,
1668,Instagram,iNews,iNews Sports,Active,2026,December,,,,,,  -   ,,,,,,,,,,,,,,
1681,Instagram,iNews,Lintas iNews MNCTV,Active,2024,January,533,-,data tdk keluar,data tdk keluar,,  -   ,,,,,,,,,,,,,,
1682,Instagram,iNews,Lintas iNews MNCTV,Active,2024,February,374,-,data tdk keluar,data tdk keluar,,  -   ,,,,,,,,,,,,,,
1683,Instagram,iNews,Lintas iNews MNCTV,Active,2024,March,281,-,data tdk keluar,data tdk keluar,,  -   ,,,,,,,,,,,,,,
1684,Instagram,iNews,Lintas iNews MNCTV,Active,2024,April,219,-,data tdk keluar,data tdk keluar,,  -   ,,,,,,,,,,,,,,
1685,Instagram,iNews,Lintas iNews MNCTV,Active,2024,May,261,-,data tdk keluar,data tdk keluar,,  -   ,,,,,,,,,,,,,,
1686,Instagram,iNews,Lintas iNews MNCTV,Active,2024,June,223,-,data tdk keluar,data tdk keluar,,  -   ,,,,,,,,,,,,,,
1687,Instagram,iNews,Lintas iNews MNCTV,Active,2024,July,188,-,data tdk keluar,data tdk keluar,,  -   ,,,,,,,,,,,,,,
1688,Instagram,iNews,Lintas iNews MNCTV,Active,2024,August,143,-,data tdk keluar,data tdk keluar,,  -   ,,,,,,,,,,,,,,
1689,Instagram,iNews,Lintas iNews MNCTV,Active,2024,September,126,"364,811",data tdk keluar,data tdk keluar,,  -   ,,,,,,,,,,,,,,
1690,Instagram,iNews,Lintas iNews MNCTV,Active,2024,October,87,"365,912","1,101",data tdk keluar,,  -   ,,,,,,,,,,,,,,
1691,Instagram,iNews,Lintas iNews MNCTV,Active,2024,November,72,"367,031","1,119",data tdk keluar,,  -   ,,,,,,,,,,,,,,
1692,Instagram,iNews,Lintas iNews MNCTV,Active,2024,December,71,"368,497","1,466","62,216",,  -   ,,,,,,,,,,,,,,
1693,Instagram,iNews,Lintas iNews MNCTV,Active,2025,January,37,"370,046","1,549","1,630,561",,  -   ,,"802,669",data tidak ada,,,,,,,,,,,
1694,Instagram,iNews,Lintas iNews MNCTV,Active,2025,February,11,"371,327","1,281","1,503,195",,  -   ,,"1,034,122",data tidak ada,,,,,,,,,,,
1695,Instagram,iNews,Lintas iNews MNCTV,Active,2025,March,16,"372,194",867,"144,841",,  -   ,,"53,854",data tidak ada,,,,,,,,,,,
1696,Instagram,iNews,Lintas iNews MNCTV,Active,2025,April,7,"373,240","1,046","134,147",,  -   ,,"45,926",data tidak ada,,,,,,,,,,,
1697,Instagram,iNews,Lintas iNews MNCTV,Active,2025,May,18,"374,211",971,"58,528",,  -   ,,"28,364",data tidak ada,,,,,,,,,,,
1698,Instagram,iNews,Lintas iNews MNCTV,Active,2025,June,3,"375,144",933,"33,952",,  -   ,,"21,868",data tidak ada,,,,,,,,,,,
1699,Instagram,iNews,Lintas iNews MNCTV,Active,2025,July,3,"375,252",881,"28,663",,  -   ,,"17,087",272,66.50%,33.50%,,-,7.30%,35.70%,35.10%,14.80%,4.50%,2.60%,Demografi by Followers
1700,Instagram,iNews,Lintas iNews MNCTV,Active,2025,August,12,"375,226",980,"43,278",,  -   ,,"25,885",607,66.50%,33.50%,,,7.10%,35.80%,35.10%,14.90%,4.50%,2.60%,Demografi by Followers
1701,Instagram,iNews,Lintas iNews MNCTV,Active,2025,September,23,"375,323","1,147","41,289",,  -   ,,"21,493",365,66.50%,33.50%,,,7.00%,35.60%,35.20%,15.00%,4.60%,2.60%,Demografi by Followers
1702,Instagram,iNews,Lintas iNews MNCTV,Active,2025,October,8,"375,211",945,"39,999",,  -   ,,"20,635",359,66.50%,33.50%,,,6.70%,35.50%,35.40%,15.20%,4.60%,2.60%,Demografi by Followers
1703,Instagram,iNews,Lintas iNews MNCTV,Active,2025,November,17,"375,147",914,"60,355",,  -   ,,"27,591",508,66.50%,33.50%,,,6.50%,35.30%,35.50%,15.30%,4.80%,2.60%,Demografi by Followers
1704,Instagram,iNews,Lintas iNews MNCTV,Active,2025,December,28,"375,021",887,"349,858",,  -   ,,"56,800","4,552",66.50%,33.50%,,,6.30%,35.20%,35.70%,15.40%,5%,2.60%,Demografi by Followers
1705,Instagram,iNews,Lintas iNews MNCTV,Active,2026,January,63,"375,154","1,059","1,588,491",,  -   ,,"188,371","52,222",66.50%,33.50%,,,6.20%,34.90%,35.80%,15.70%,5%,2.60%,Demografi by Followers
1706,Instagram,iNews,Lintas iNews MNCTV,Active,2026,February,78,"375,597","1,173","2,077,247",,  -   ,,"129,837","72,705",66.50%,33.50%,,,6.10%,34.70%,35.90%,15.80%,4.90%,2.60%,Demografi by Followers
1707,Instagram,iNews,Lintas iNews MNCTV,Active,2026,March,95,"375,867","1,152","4,339,396",,  -   ,,"144,102","172,027",66.50%,33.50%,,,6.10%,34.60%,35.90%,15.90%,4.90%,2.60%,Demografi by Followers
1708,Instagram,iNews,Lintas iNews MNCTV,Active,2026,April,126,"376,111","1,269","3,891,279",,  -   ,,"139,425","99,300",66.50%,33.50%,,,5.90%,34.40%,36.00%,16.10%,5.00%,2.60%,Demografi by Followers
1709,Instagram,iNews,Lintas iNews MNCTV,Active,2026,May,93,"369,993","1,491","7,290,848",,  -   ,,"132,218","241,409",66.40%,33.60%,,,5.80%,34.10%,36.20%,16.20%,5.10%,2.60%,Demografi by Followers
1710,Instagram,iNews,Lintas iNews MNCTV,Active,2026,June,15,"369,678",950,"1,896,110",,  -   ,,"265,381","58,584",66.60%,33.40%,,,5.60%,33.90%,36.40%,16.40%,5.10%,2.60%,Demografi by Followers
1711,Instagram,iNews,Lintas iNews MNCTV,Active,2026,July,1,"369,404",798,"423,866",,  -   ,,"22,214","27,341",66.60%,33.40%,,,5.50%,33.60%,36.40%,16.60%,5.20%,2.70%,Demografi by Followers
1712,Instagram,iNews,Lintas iNews MNCTV,Active,2026,August,,,,,,  -   ,,,,,,,,,,,,,,
1713,Instagram,iNews,Lintas iNews MNCTV,Active,2026,September,,,,,,  -   ,,,,,,,,,,,,,,
1714,Instagram,iNews,Lintas iNews MNCTV,Active,2026,October,,,,,,  -   ,,,,,,,,,,,,,,
1715,Instagram,iNews,Lintas iNews MNCTV,Active,2026,November,,,,,,  -   ,,,,,,,,,,,,,,
1716,Instagram,iNews,Lintas iNews MNCTV,Active,2026,December,,,,,,  -   ,,,,,,,,,,,,,,
1729,Instagram,iNews,MNC Trijaya,Active,2024,January,316,-,data tdk keluar,data tdk keluar,,  -   ,,,,,,,,,,,,,,
1730,Instagram,iNews,MNC Trijaya,Active,2024,February,191,-,data tdk keluar,data tdk keluar,,  -   ,,,,,,,,,,,,,,
1731,Instagram,iNews,MNC Trijaya,Active,2024,March,172,-,data tdk keluar,data tdk keluar,,  -   ,,,,,,,,,,,,,,
1732,Instagram,iNews,MNC Trijaya,Active,2024,April,104,-,data tdk keluar,data tdk keluar,,  -   ,,,,,,,,,,,,,,
1733,Instagram,iNews,MNC Trijaya,Active,2024,May,115,-,data tdk keluar,data tdk keluar,,  -   ,,,,,,,,,,,,,,
1734,Instagram,iNews,MNC Trijaya,Active,2024,June,110,-,data tdk keluar,data tdk keluar,,  -   ,,,,,,,,,,,,,,
1735,Instagram,iNews,MNC Trijaya,Active,2024,July,111,-,data tdk keluar,data tdk keluar,,  -   ,,,,,,,,,,,,,,
1736,Instagram,iNews,MNC Trijaya,Active,2024,August,84,-,data tdk keluar,data tdk keluar,,  -   ,,,,,,,,,,,,,,
1737,Instagram,iNews,MNC Trijaya,Active,2024,September,85,"15,381",data tdk keluar,data tdk keluar,,  -   ,,,,,,,,,,,,,,
1738,Instagram,iNews,MNC Trijaya,Active,2024,October,80,"15,510",129,data tdk keluar,,  -   ,,,,,,,,,,,,,,
1739,Instagram,iNews,MNC Trijaya,Active,2024,November,54,"15,768",258,data tdk keluar,,  -   ,,,,,,,,,,,,,,
1740,Instagram,iNews,MNC Trijaya,Active,2024,December,65,"15,978",210,"20,015",,  -   ,,,,,,,,,,,,,,
1741,Instagram,iNews,MNC Trijaya,Active,2025,January,69,"16,199",221,"97,184",,  -   ,,"49,957",data tidak ada,,,,,,,,,,,
1742,Instagram,iNews,MNC Trijaya,Active,2025,February,31,"16,420",221,"34,637",,  -   ,,"17,111",data tidak ada,,,,,,,,,,,
1743,Instagram,iNews,MNC Trijaya,Active,2025,March,41,"16,605",185,"36,521",,  -   ,,"15,961",data tidak ada,,,,,,,,,,,
1744,Instagram,iNews,MNC Trijaya,Active,2025,April,31,"16,732",127,"20,915",,  -   ,,"6,898",data tidak ada,,,,,,,,,,,
1745,Instagram,iNews,MNC Trijaya,Active,2025,May,23,"17,047",315,"75,080",,  -   ,,"23,050",data tidak ada,,,,,,,,,,,
1746,Instagram,iNews,MNC Trijaya,Active,2025,June,27,"17,251",204,"40,027",,  -   ,,"10,090",data tidak ada,,,,,,,,,,,
1747,Instagram,iNews,MNC Trijaya,Active,2025,July,30,"17,303",150,"62,234",,  -   ,,"21,127",677,64.00%,36.00%,,-,7.00%,28.50%,31.80%,21.40%,8.60%,2.70%,Demografi by Followers
1748,Instagram,iNews,MNC Trijaya,Active,2025,August,111,"17,696",477,"672,028",,  -   ,,"380,984","20,432",64.00%,36.00%,,,7.10%,28.60%,31.50%,21.40%,8.70%,2.70%,Demografi by Followers
1749,Instagram,iNews,MNC Trijaya,Active,2025,September,207,"18,092",542,"753,423",,  -   ,,"352,384","13,644",64.50%,35.50%,,,6.90%,28.20%,31.40%,21.70%,8.90%,2.90%,Demografi by Followers
1750,Instagram,iNews,MNC Trijaya,Active,2025,October,158,"18,722",726,"584,930",,  -   ,,"301,853","12,128",65.10%,34.90%,,,6.60%,27.80%,31.10%,22.10%,9.40%,3.00%,Demografi by Followers
1751,Instagram,iNews,MNC Trijaya,Active,2025,November,101,"19,138",528,"319,485",,  -   ,,"183,497","7,457",64.90%,35.10%,,,6.40%,27.50%,30.70%,22.30%,9.90%,3.20%,Demografi by Followers
1752,Instagram,iNews,MNC Trijaya,Active,2025,December,73,"19,706",705,"671,160",,  -   ,,"467,481","27,973",64.90%,35.10%,,,6.20%,27.40%,30.80%,22.40%,9.90%,3.30%,Demografi by Followers
1753,Instagram,iNews,MNC Trijaya,Active,2026,January,50,"19,923",297,"275,936",,  -   ,,"195,556","7,992",64.80%,35.20%,,,6.20%,27.10%,30.70%,22.50%,10.20%,3.30%,Demografi by Followers
1754,Instagram,iNews,MNC Trijaya,Active,2026,February,47,"20,252",426,"396,382",,  -   ,,"292,525","11,160",64.60%,35.40%,,,6.00%,27.10%,30.70%,22.60%,10.20%,3.40%,Demografi by Followers
1755,Instagram,iNews,MNC Trijaya,Active,2026,March,71,"20,398",260,"301,833",,  -   ,,"206,846","6,024",64.60%,35.40%,,,5.90%,26.90%,30.60%,22.80%,10.40%,3.40%,Demografi by Followers
1756,Instagram,iNews,MNC Trijaya,Active,2026,April,12,"20,386",117,"15,400",,  -   ,,"9,722",274,64.60%,35.40%,,,5.60%,26.90%,30.70%,22.90%,10.50%,3.40%,Demografi by Followers
1757,Instagram,iNews,MNC Trijaya,Active,2026,May,17,"20,151",118,"15,377",,  -   ,,"6,723",313,64.60%,35.40%,,,5.60%,26.70%,30.70%,23.00%,10.60%,3.40%,Demografi by Followers
1758,Instagram,iNews,MNC Trijaya,Active,2026,June,13,"20,125",117,"38,278",,  -   ,,"19,706",407,64.80%,35.20%,,,5.60%,26.60%,30.70%,23.00%,10.60%,3.50%,Demografi by Followers
1759,Instagram,iNews,MNC Trijaya,Active,2026,July,10,"20,126",114,"19,810",,  -   ,,"9,585",282,64.70%,35.30%,,,5.50%,17.50%,30.60%,23.00%,10.80%,3.60%,Demografi by Followers
1760,Instagram,iNews,MNC Trijaya,Active,2026,August,,,,,,  -   ,,,,,,,,,,,,,,
1761,Instagram,iNews,MNC Trijaya,Active,2026,September,,,,,,  -   ,,,,,,,,,,,,,,
1762,Instagram,iNews,MNC Trijaya,Active,2026,October,,,,,,  -   ,,,,,,,,,,,,,,
1763,Instagram,iNews,MNC Trijaya,Active,2026,November,,,,,,  -   ,,,,,,,,,,,,,,
1764,Instagram,iNews,MNC Trijaya,Active,2026,December,,,,,,  -   ,,,,,,,,,,,,,,
1777,Instagram,iNews,Official iNews,Active,2024,January,"1,270",-,data tdk keluar,data tdk keluar,,  -   ,,,,,,,,,,,,,,
1778,Instagram,iNews,Official iNews,Active,2024,February,"1,173",-,data tdk keluar,data tdk keluar,,  -   ,,,,,,,,,,,,,,
1779,Instagram,iNews,Official iNews,Active,2024,March,"1,192",-,data tdk keluar,data tdk keluar,,  -   ,,,,,,,,,,,,,,
1780,Instagram,iNews,Official iNews,Active,2024,April,"1,063",-,data tdk keluar,data tdk keluar,,  -   ,,,,,,,,,,,,,,
1781,Instagram,iNews,Official iNews,Active,2024,May,"1,378",-,data tdk keluar,data tdk keluar,,  -   ,,,,,,,,,,,,,,
1782,Instagram,iNews,Official iNews,Active,2024,June,"1,234",-,data tdk keluar,data tdk keluar,,  -   ,,,,,,,,,,,,,,
1783,Instagram,iNews,Official iNews,Active,2024,July,"1,277",-,data tdk keluar,data tdk keluar,,  -   ,,,,,,,,,,,,,,
1784,Instagram,iNews,Official iNews,Active,2024,August,"1,265",-,data tdk keluar,data tdk keluar,,  -   ,,,,,,,,,,,,,,
1785,Instagram,iNews,Official iNews,Active,2024,September,"1,127","916,968",data tdk keluar,data tdk keluar,,  -   ,,,,,,,,,,,,,,
1786,Instagram,iNews,Official iNews,Active,2024,October,"1,303","928,144","11,176",data tdk keluar,,  -   ,,,,,,,,,,,,,,
1787,Instagram,iNews,Official iNews,Active,2024,November,"1,050","939,860","11,716",data tdk keluar,,  -   ,,,,,,,,,,,,,,
1788,Instagram,iNews,Official iNews,Active,2024,December,899,"952,510","12,650","4,643,200",,  -   ,,,,,,,,,,,,,,
1789,Instagram,iNews,Official iNews,Active,2025,January,"1,012","973,874","21,364","54,707,533",,  -   ,,"12,164,687",data tidak ada,,,,,,,,,,,
1790,Instagram,iNews,Official iNews,Active,2025,February,"1,043","996,913","23,039","52,763,230",,  -   ,,"9,472,843",data tidak ada,,,,,,,,,,,
1791,Instagram,iNews,Official iNews,Active,2025,March,990,"1,010,698","13,785","43,299,045",,  -   ,,"7,677,476",data tidak ada,,,,,,,,,,,
1792,Instagram,iNews,Official iNews,Active,2025,April,824,"1,045,284","34,586","52,358,037",,  -   ,,"12,849,566",data tidak ada,,,,,,,,,,,
1793,Instagram,iNews,Official iNews,Active,2025,May,963,"1,072,242","26,958","68,826,976",,  -   ,,"14,507,571",data tidak ada,,,,,,,,,,,
1794,Instagram,iNews,Official iNews,Active,2025,June,719,"1,106,712","34,470","78,782,443",,  -   ,,"12,897,633",data tidak ada,,,,,,,,,,,
1795,Instagram,iNews,Official iNews,Active,2025,July,663,"1,129,715","33,430","87,121,057",,  -   ,,"14,009,604","3,613,992",64.30%,35.70%,,-,9.30%,36.40%,32.30%,14.40%,5.00%,2.60%,Demografi by Followers
1796,Instagram,iNews,Official iNews,Active,2025,August,733,"1,200,561","70,658","157,767,617",,  -   ,,"22,241,054","6,775,784",64.20%,35.90%,,,9.10%,36.50%,32.30%,14.60%,5.00%,2.50%,Demografi by Followers
1797,Instagram,iNews,Official iNews,Active,2025,September,694,"1,247,131","55,447","153,725,344",,  -   ,,"20,095,706","4,813,103",64.00%,36.00%,,,8.90%,36.30%,32.40%,14.80%,5.10%,2.50%,Demografi by Followers
1798,Instagram,iNews,Official iNews,Active,2025,October,778,"1,285,858","46,804","150,946,494",,  -   ,,"18,325,785","5,950,940",64.20%,35.80%,,,8.70%,36.00%,32.40%,15.00%,5.30%,2.60%,Demografi by Followers
1799,Instagram,iNews,Official iNews,Active,2025,November,701,"1,316,689","37,624","130,099,097",,  -   ,,"15,348,122","4,707,783",64.30%,35.70%,,,8.50%,35.80%,32.50%,15.20%,5.40%,2.60%,Demografi by Followers
1800,Instagram,iNews,Official iNews,Active,2025,December,878,"1,345,371","38,562","151,278,388",,  -   ,,"27,066,702","5,494,416",63.90%,36.10%,,,8.70%,34.50%,31.50%,16.20%,6.00%,3.10%,Demografi by Followers
1801,Instagram,iNews,Official iNews,Active,2026,January,717,"1,365,596","28,398","117,114,178",,  -   ,,"19,502,484","3,997,754",69.50%,30.50%,,,6.30%,32.70%,34.80%,17.50%,6.00%,2.80%,Demografi by Followers
1802,Instagram,iNews,Official iNews,Active,2026,February,667,"1,382,245","20,766","96,667,107",,  -   ,,"18,381,524","3,480,396",64.30%,35.70%,,,7.90%,35.30%,32.80%,15.70%,5.60%,2.70%,Demografi by Followers
1803,Instagram,iNews,Official iNews,Active,2026,March,717,"1,407,151","32,877","128,984,554",,  -   ,,"15,893,181","4,696,604",64.40%,35.60%,,,7.80%,35.10%,32.90%,15.80%,5.70%,2.70%,Demografi by Followers
1804,Instagram,iNews,Official iNews,Active,2026,April,662,"1,423,563","24,595","91,136,759",,  -   ,,"13,741,927","3,624,669",64.30%,35.70%,,,7.70%,34.90%,34.00%,15.90%,5.80%,2.70%,Demografi by Followers
1805,Instagram,iNews,Official iNews,Active,2026,May,594,"1,429,593","29,134","118,363,994",,  -   ,,"20,774,989","5,610,603",64.20%,35.80%,,,7.60%,34.80%,33.00%,16.10%,5.80%,2.70%,Demografi by Followers
1806,Instagram,iNews,Official iNews,Active,2026,June,597,"1,449,051","30,884","131,892,198",,  -   ,,"25,865,535","5,551,592",64.20%,35.80%,,,7.60%,34.60%,33.00%,16.10%,5.90%,2.80%,Demografi by Followers
1807,Instagram,iNews,Official iNews,Active,2026,July,592,"1,476,130","36,869","129,215,399",,  -   ,,"26,821,494","6,054,859",64.30%,35.70%,,,7.60%,34.20%,33.00%,16.40%,6.00%,2.80%,Demografi by Followers
1808,Instagram,iNews,Official iNews,Active,2026,August,,,,,,  -   ,,,,,,,,,,,,,,
1809,Instagram,iNews,Official iNews,Active,2026,September,,,,,,  -   ,,,,,,,,,,,,,,
1810,Instagram,iNews,Official iNews,Active,2026,October,,,,,,  -   ,,,,,,,,,,,,,,
1811,Instagram,iNews,Official iNews,Active,2026,November,,,,,,  -   ,,,,,,,,,,,,,,
1812,Instagram,iNews,Official iNews,Active,2026,December,,,,,,  -   ,,,,,,,,,,,,,,
1825,Instagram,iNews,Seputar iNews RCTI,Active,2024,January,529,-,data tdk keluar,data tdk keluar,,  -   ,,,,,,,,,,,,,,
1826,Instagram,iNews,Seputar iNews RCTI,Active,2024,February,326,-,data tdk keluar,data tdk keluar,,  -   ,,,,,,,,,,,,,,
1827,Instagram,iNews,Seputar iNews RCTI,Active,2024,March,274,-,data tdk keluar,data tdk keluar,,  -   ,,,,,,,,,,,,,,
1828,Instagram,iNews,Seputar iNews RCTI,Active,2024,April,191,-,data tdk keluar,data tdk keluar,,  -   ,,,,,,,,,,,,,,
1829,Instagram,iNews,Seputar iNews RCTI,Active,2024,May,254,-,data tdk keluar,data tdk keluar,,  -   ,,,,,,,,,,,,,,
1830,Instagram,iNews,Seputar iNews RCTI,Active,2024,June,232,-,data tdk keluar,data tdk keluar,,  -   ,,,,,,,,,,,,,,
1831,Instagram,iNews,Seputar iNews RCTI,Active,2024,July,174,-,data tdk keluar,data tdk keluar,,  -   ,,,,,,,,,,,,,,
1832,Instagram,iNews,Seputar iNews RCTI,Active,2024,August,134,-,data tdk keluar,data tdk keluar,,  -   ,,,,,,,,,,,,,,
1833,Instagram,iNews,Seputar iNews RCTI,Active,2024,September,116,"270,724",data tdk keluar,data tdk keluar,,  -   ,,,,,,,,,,,,,,
1834,Instagram,iNews,Seputar iNews RCTI,Active,2024,October,77,"271,506",782,data tdk keluar,,  -   ,,,,,,,,,,,,,,
1835,Instagram,iNews,Seputar iNews RCTI,Active,2024,November,62,"272,287",781,data tdk keluar,,  -   ,,,,,,,,,,,,,,
1836,Instagram,iNews,Seputar iNews RCTI,Active,2024,December,46,"273,212",925,"209,901",,  -   ,,,,,,,,,,,,,,
1837,Instagram,iNews,Seputar iNews RCTI,Active,2025,January,24,"274,277","1,065","1,566,459",,  -   ,,"450,030",data tidak ada,,,,,,,,,,,
1838,Instagram,iNews,Seputar iNews RCTI,Active,2025,February,16,"275,042",765,"591,715",,  -   ,,"192,623",data tidak ada,,,,,,,,,,,
1839,Instagram,iNews,Seputar iNews RCTI,Active,2025,March,22,"275,632",590,"393,129",,  -   ,,"137,775",data tidak ada,,,,,,,,,,,
1840,Instagram,iNews,Seputar iNews RCTI,Active,2025,April,3,"276,238",606,"210,956",,  -   ,,"80,855",data tidak ada,,,,,,,,,,,
1841,Instagram,iNews,Seputar iNews RCTI,Active,2025,May,19,"277,262","1,024","290,036",,  -   ,,"180,223",data tidak ada,,,,,,,,,,,
1842,Instagram,iNews,Seputar iNews RCTI,Active,2025,June,5,"278,605","1,343","77,387",,  -   ,,"54,574",data tidak ada,,,,,,,,,,,
1843,Instagram,iNews,Seputar iNews RCTI,Active,2025,July,3,"278,629",573,"33,986",,  -   ,,"23,592",461,66.50%,33.50%,,-,7.10%,36.50%,34.10%,14.90%,4.80%,2.60%,Demografi by Followers
1844,Instagram,iNews,Seputar iNews RCTI,Active,2025,August,12,"278,290",511,"52,887",,  -   ,,"31,615",804,66.60%,33.40%,,,6.80%,36.50%,34.20%,15.10%,4.80%,2.60%,Demografi by Followers
1845,Instagram,iNews,Seputar iNews RCTI,Active,2025,September,23,"278,210",694,"43,523",,  -   ,,"23,952",358,66.60%,33.40%,,,6.60%,36.30%,34.30%,15.20%,5.00%,2.60%,Demografi by Followers
1846,Instagram,iNews,Seputar iNews RCTI,Active,2025,October,7,"278,135",725,"38,268",,  -   ,,"19,458",312,66.40%,33.60%,,,6.40%,36.10%,34.60%,15.30%,5.00%,2.60%,Demografi by Followers
1847,Instagram,iNews,Seputar iNews RCTI,Active,2025,November,9,"277,913",552,"257,072",,  -   ,,"124,274","4,002",66.50%,33.50%,,,6.20%,35.90%,34.60%,15.60%,5.10%,2.60%,Demografi by Followers
1848,Instagram,iNews,Seputar iNews RCTI,Active,2025,December,25,"277,685",534,"405,462",,  -   ,,"123,609","5,797",66.40%,33.60%,,,14.00%,34.90%,29.40%,14.15%,4.80%,2.80%,Demografi by Followers
1849,Instagram,iNews,Seputar iNews RCTI,Active,2026,January,65,"277,776",825,"1,611,515",,  -   ,,"530,630","53,513",66.40%,33.60%,,,5.90%,35.90%,34.90%,15.80%,5.20%,2.60%,Demografi by Followers
1850,Instagram,iNews,Seputar iNews RCTI,Active,2026,February,75,"278,382","1,265","2,076,058",,  -   ,,"768,311","74,534",66.50%,33.50%,,,5.30%,35.80%,35.00%,15.90%,5.30%,2.70%,Demografi by Followers
1851,Instagram,iNews,Seputar iNews RCTI,Active,2026,March,101,"278,695","1,124","4,460,819",,  -   ,,"1,587,989","179,593",66.40%,33.60%,,,5.70%,35.10%,35.20%,16.00%,5.30%,2.70%,Demografi by Followers
1852,Instagram,iNews,Seputar iNews RCTI,Active,2026,April,123,"279,103","1,369","3,940,087",,  -   ,,"1,025,295","101,100",66.50%,33.50%,,,5.50%,34.90%,35.30%,16.20%,5.40%,2.70%,Demografi by Followers
1853,Instagram,iNews,Seputar iNews RCTI,Active,2026,May,94,"276,379","2,017","7,370,533",,  -   ,,"3,331,049","250,252",66.60%,33.40%,,,5.50%,34.60%,35.40%,16.40%,5.40%,2.70%,Demografi by Followers
1854,Instagram,iNews,Seputar iNews RCTI,Active,2026,June,14,"276,250","1,004","1,980,091",,  -   ,,"821,341","61,292",66.60%,33.40%,,,5.40%,34.30%,35.50%,16.50%,5.60%,2.70%,Demografi by Followers
1855,Instagram,iNews,Seputar iNews RCTI,Active,2026,July,1,"275,940",582,"422,639",,  -   ,,"27,714","27,586",66.60%,33.40%,,,5.20%,34.20%,35.70%,16.60%,5.60%,2.70%,Demografi by Followers
1856,Instagram,iNews,Seputar iNews RCTI,Active,2026,August,,,,,,  -   ,,,,,,,,,,,,,,
1857,Instagram,iNews,Seputar iNews RCTI,Active,2026,September,,,,,,  -   ,,,,,,,,,,,,,,
1858,Instagram,iNews,Seputar iNews RCTI,Active,2026,October,,,,,,  -   ,,,,,,,,,,,,,,
1859,Instagram,iNews,Seputar iNews RCTI,Active,2026,November,,,,,,  -   ,,,,,,,,,,,,,,
1860,Instagram,iNews,Seputar iNews RCTI,Active,2026,December,,,,,,  -   ,,,,,,,,,,,,,,
1873,Instagram,Okezone,Global Radio 88.4 FM Jakarta,Active,2024,January,180,-,data tdk keluar,data tdk keluar,,  -   ,,,,,,,,,,,,,,
1874,Instagram,Okezone,Global Radio 88.4 FM Jakarta,Active,2024,February,157,-,data tdk keluar,data tdk keluar,,  -   ,,,,,,,,,,,,,,
1875,Instagram,Okezone,Global Radio 88.4 FM Jakarta,Active,2024,March,171,-,data tdk keluar,data tdk keluar,,  -   ,,,,,,,,,,,,,,
1876,Instagram,Okezone,Global Radio 88.4 FM Jakarta,Active,2024,April,123,-,data tdk keluar,data tdk keluar,,  -   ,,,,,,,,,,,,,,
1877,Instagram,Okezone,Global Radio 88.4 FM Jakarta,Active,2024,May,152,-,data tdk keluar,data tdk keluar,,  -   ,,,,,,,,,,,,,,
1878,Instagram,Okezone,Global Radio 88.4 FM Jakarta,Active,2024,June,183,-,data tdk keluar,data tdk keluar,,  -   ,,,,,,,,,,,,,,
1879,Instagram,Okezone,Global Radio 88.4 FM Jakarta,Active,2024,July,178,-,data tdk keluar,data tdk keluar,,  -   ,,,,,,,,,,,,,,
1880,Instagram,Okezone,Global Radio 88.4 FM Jakarta,Active,2024,August,150,-,data tdk keluar,data tdk keluar,,  -   ,,,,,,,,,,,,,,
1881,Instagram,Okezone,Global Radio 88.4 FM Jakarta,Active,2024,September,165,"30,655",data tdk keluar,data tdk keluar,,  -   ,,,,,,,,,,,,,,
1882,Instagram,Okezone,Global Radio 88.4 FM Jakarta,Active,2024,October,166,"31,013",358,data tdk keluar,,  -   ,,,,,,,,,,,,,,
1883,Instagram,Okezone,Global Radio 88.4 FM Jakarta,Active,2024,November,137,"31,522",509,data tdk keluar,,  -   ,,,,,,,,,,,,,,
1884,Instagram,Okezone,Global Radio 88.4 FM Jakarta,Active,2024,December,138,"32,358",836,"22,649",,  -   ,,,,,,,,,,,,,,
1885,Instagram,Okezone,Global Radio 88.4 FM Jakarta,Active,2025,January,136,"32,894",536,"475,021",,  -   ,,"172,026",data tidak ada,,,,,,,,,,,
1886,Instagram,Okezone,Global Radio 88.4 FM Jakarta,Active,2025,February,149,"33,421",527,"795,112",,  -   ,,"358,921",data tidak ada,,,,,,,,,,,
1887,Instagram,Okezone,Global Radio 88.4 FM Jakarta,Active,2025,March,161,"33,768",347,"293,872",,  -   ,,"119,123",data tidak ada,,,,,,,,,,,
1888,Instagram,Okezone,Global Radio 88.4 FM Jakarta,Active,2025,April,134,"34,142",374,"333,517",,  -   ,,"133,349",data tidak ada,,,,,,,,,,,
1889,Instagram,Okezone,Global Radio 88.4 FM Jakarta,Active,2025,May,146,"34,732",590,"529,577",,  -   ,,"269,310",data tidak ada,,,,,,,,,,,
1890,Instagram,Okezone,Global Radio 88.4 FM Jakarta,Active,2025,June,136,"35,446",714,"449,588",,  -   ,,"166,455",data tidak ada,,,,,,,,,,,
1891,Instagram,Okezone,Global Radio 88.4 FM Jakarta,Active,2025,July,180,"35,600",743,"834,264",,  -   ,,"410,491","28,295",45.10%,54.90%,,-,16.20%,45.40%,26.40%,8.80%,2.00%,1.20%,Demografi by Followers
1892,Instagram,Okezone,Global Radio 88.4 FM Jakarta,Active,2025,August,247,"35,580",388,"887,070",,  -   ,,"376,906","14,652",45.10%,54.90%,,,15.80%,45.50%,26.60%,8.90%,2.00%,1.20%,Demografi by Followers
1893,Instagram,Okezone,Global Radio 88.4 FM Jakarta,Active,2025,September,241,"36,205","1,007","6,502,864",,  -   ,,"4,902,661","281,943",54.70%,45.30%,,,15.60%,45.60%,26.40%,9.10%,2.10%,1.20%,Demografi by Followers
1894,Instagram,Okezone,Global Radio 88.4 FM Jakarta,Active,2025,October,297,"36,687",981,"6,859,095",,  -   ,,"4,156,763","279,967",54.80%,45.20%,,,15.30%,45.50%,26.70%,9.20%,2.10%,1.20%,Demografi by Followers
1895,Instagram,Okezone,Global Radio 88.4 FM Jakarta,Active,2025,November,245,"37,402","1,191","5,582,046",,  -   ,,"4,166,632","195,118",54.60%,45.40%,,,15.00%,45.70%,26.70%,9.20%,2.20%,1.20%,Demografi by Followers
1896,Instagram,Okezone,Global Radio 88.4 FM Jakarta,Active,2025,December,245,"37,625",625,"2,770,304",,  -   ,,"1,672,448","182,589",54.50%,45.50%,,,14.60%,45.60%,27.00%,9.40%,2.20%,1.20%,Demografi by Followers
1897,Instagram,Okezone,Global Radio 88.4 FM Jakarta,Active,2026,January,211,"37,775",565,"2,059,125",,  -   ,,"1,414,190","142,357",54.70%,45.30%,,,14.30%,45.60%,27.10%,9.50%,2.30%,1.20%,Demografi by Followers
1898,Instagram,Okezone,Global Radio 88.4 FM Jakarta,Active,2026,February,242,"38,132",694,"2,303,286",,  -   ,,"1,211,096","134,387",54.70%,45.30%,,,14.00%,45.60%,27.40%,9.50%,2.30%,1.20%,Demografi by Followers
1899,Instagram,Okezone,Global Radio 88.4 FM Jakarta,Active,2026,March,285,"38,307",573,"2,637,898",,  -   ,,"1,291,118","187,016",54.70%,45.30%,,,13.70%,45.60%,27.60%,9.50%,2.40%,1.20%,Demografi by Followers
1900,Instagram,Okezone,Global Radio 88.4 FM Jakarta,Active,2026,April,251,"38,551",665,"4,064,149",,  -   ,,"1,879,011","162,147",58.00%,42.00%,,,5.60%,50.60%,32.30%,7.40%,1.80%,2.30%,Demografi by Followers
1901,Instagram,Okezone,Global Radio 88.4 FM Jakarta,Active,2026,May,276,"38,315",577,"2,012,852",,  -   ,,"1,087,183","131,640",45.10%,54.90%,,,13.20%,45.50%,27.80%,9.80%,2.50%,1.20%,Demografi by Followers
1902,Instagram,Okezone,Global Radio 88.4 FM Jakarta,Active,2026,June,163,"38,564",480,"1,905,728",,  -   ,,"1,028,688","112,562",45.00%,55.00%,,,12.90%,45.40%,28.00%,9.90%,2.50%,1.30%,Demografi by Followers
1903,Instagram,Okezone,Global Radio 88.4 FM Jakarta,Active,2026,July,216,"38,776","39,198","1,120,464",,  -   ,,"832,266","122,709",45.10%,54.90%,,,12.80%,45.20%,28.10%,10.10%,2.50%,1.30%,Demografi by Followers
1904,Instagram,Okezone,Global Radio 88.4 FM Jakarta,Active,2026,August,,,,,,  -   ,,,,,,,,,,,,,,
1905,Instagram,Okezone,Global Radio 88.4 FM Jakarta,Active,2026,September,,,,,,  -   ,,,,,,,,,,,,,,
1906,Instagram,Okezone,Global Radio 88.4 FM Jakarta,Active,2026,October,,,,,,  -   ,,,,,,,,,,,,,,
1907,Instagram,Okezone,Global Radio 88.4 FM Jakarta,Active,2026,November,,,,,,  -   ,,,,,,,,,,,,,,
1908,Instagram,Okezone,Global Radio 88.4 FM Jakarta,Active,2026,December,,,,,,  -   ,,,,,,,,,,,,,,
1921,Instagram,Okezone,Okezone,Active,2024,January,988,-,data tdk keluar,data tdk keluar,,  -   ,,,,,,,,,,,,,,
1922,Instagram,Okezone,Okezone,Active,2024,February,874,-,data tdk keluar,data tdk keluar,,  -   ,,,,,,,,,,,,,,
1923,Instagram,Okezone,Okezone,Active,2024,March,875,-,data tdk keluar,data tdk keluar,,  -   ,,,,,,,,,,,,,,
1924,Instagram,Okezone,Okezone,Active,2024,April,722,-,data tdk keluar,data tdk keluar,,  -   ,,,,,,,,,,,,,,
1925,Instagram,Okezone,Okezone,Active,2024,May,803,-,data tdk keluar,data tdk keluar,,  -   ,,,,,,,,,,,,,,
1926,Instagram,Okezone,Okezone,Active,2024,June,810,-,data tdk keluar,data tdk keluar,,  -   ,,,,,,,,,,,,,,
1927,Instagram,Okezone,Okezone,Active,2024,July,948,-,data tdk keluar,data tdk keluar,,  -   ,,,,,,,,,,,,,,
1928,Instagram,Okezone,Okezone,Active,2024,August,948,-,data tdk keluar,data tdk keluar,,  -   ,,,,,,,,,,,,,,
1929,Instagram,Okezone,Okezone,Active,2024,September,921,"815,219",data tdk keluar,data tdk keluar,,  -   ,,,,,,,,,,,,,,
1930,Instagram,Okezone,Okezone,Active,2024,October,985,"822,753","7,534",data tdk keluar,,  -   ,,,,,,,,,,,,,,
1931,Instagram,Okezone,Okezone,Active,2024,November,782,"830,201","7,448",data tdk keluar,,  -   ,,,,,,,,,,,,,,
1932,Instagram,Okezone,Okezone,Active,2024,December,681,"838,201","8,000","1,943,867",,  -   ,,,,,,,,,,,,,,
1933,Instagram,Okezone,Okezone,Active,2025,January,673,"846,237","8,036","13,878,329",,  -   ,,"5,120,935",data tidak ada,,,,,,,,,,,
1934,Instagram,Okezone,Okezone,Active,2025,February,611,"853,939","7,702","26,139,743",,  -   ,,"8,166,211",data tidak ada,,,,,,,,,,,
1935,Instagram,Okezone,Okezone,Active,2025,March,694,"862,039","8,100","24,461,096",,  -   ,,"7,389,424",data tidak ada,,,,,,,,,,,
1936,Instagram,Okezone,Okezone,Active,2025,April,484,"868,963","6,924","21,330,713",,  -   ,,"5,629,262",data tidak ada,,,,,,,,,,,
1937,Instagram,Okezone,Okezone,Active,2025,May,627,"875,153","6,190","27,549,060",,  -   ,,"6,946,875",data tidak ada,,,,,,,,,,,
1938,Instagram,Okezone,Okezone,Active,2025,June,783,"882,091","6,938","27,510,026",,  -   ,,"5,334,053",data tidak ada,,,,,,,,,,,
1939,Instagram,Okezone,Okezone,Active,2025,July,758,"885,269","9,127","33,464,165",,  -   ,,"6,946,875","781,356",63.50%,36.50%,,-,8.70%,37.80%,33.00%,13.80%,4.20%,2.50%,Demografi by Followers
1940,Instagram,Okezone,Okezone,Active,2025,August,795,"897,680","15,605","50,810,249",,  -   ,,"11,500,330","1,140,161",63.80%,36.20%,,,8.40%,37.80%,33.20%,14.00%,4.20%,2.40%,Demografi by Followers
1941,Instagram,Okezone,Okezone,Active,2025,September,966,"903,214","10,005","51,123,361",,  -   ,,"8,246,472","779,424",63.80%,36.20%,,,8.20%,37.60%,33.30%,14.20%,4.30%,2.40%,Demografi by Followers
1942,Instagram,Okezone,Okezone,Active,2025,October,339,"916,828","17,604","62,089,888",,  -   ,,"11,565,837","1,423,397",63.60%,36.40%,,,7.80%,37.30%,33.40%,14.50%,4.40%,2.60%,Demografi by Followers
1943,Instagram,Okezone,Okezone,Active,2025,November,,"928,693","15,559","45,439,368",,  -   ,,"8,153,486","1,093,967",63.60%,36.40%,,,7.70%,37.00%,33.50%,14.60%,4.60%,2.60%,Demografi by Followers
1944,Instagram,Okezone,Okezone,Active,2025,December,"1,226","942,494","18,823","64,123,829",,  -   ,,"9,996,037","1,485,914",63.70%,36.30%,,,7.30%,36.80%,33.70%,15.00%,4.60%,2.60%,Demografi by Followers
1945,Instagram,Okezone,Okezone,Active,2026,January,"1,001","953,502","13,979","62,304,917",,  -   ,,"9,910,055","1,272,069",63.70%,36.30%,,,7.20%,36.40%,33.80%,15.20%,4.80%,2.60%,Demografi by Followers
1946,Instagram,Okezone,Okezone,Active,2026,February,"1,026","961,768","12,567","67,439,421",,  -   ,,"11,246,265","1,543,835",63.70%,36.30%,,,7.10%,36.20%,33.90%,15.30%,4.90%,2.60%,Demografi by Followers
1947,Instagram,Okezone,Okezone,Active,2026,March,969,"971,234","14,004","76,380,641",,  -   ,,"12,774,312","2,379,826",63.90%,36.10%,,,7.00%,36.00%,34.00%,15.50%,4.90%,2.60%,Demografi by Followers
1948,Instagram,Okezone,Okezone,Active,2026,April,"1,053","986,552","19,610","76,573,944",,  -   ,,"15,131,429","2,129,800",63.70%,36.30%,,,7.00%,35.70%,34.00%,15.50%,5.10%,2.70%,Demografi by Followers
1949,Instagram,Okezone,Okezone,Active,2026,May,986,"990,827","24,234","83,702,723",,  -   ,,"19,893,987","3,064,628",64.00%,36.00%,,,6.90%,35.50%,34.00%,15.80%,5.10%,2.70%,Demografi by Followers
1950,Instagram,Okezone,Okezone,Active,2026,June,"1,007","1,019,359","35,166","136,504,278",,  -   ,,"32,088,128","5,381,128",63.90%,36.10%,,,7.00%,35.20%,33.90%,15.90%,5.30%,2.70%,Demografi by Followers
1951,Instagram,Okezone,Okezone,Active,2026,July,"1,151","1,056,545","44,723","162,736,155",,  -   ,,"36,669,765","5,361,041",63.90%,36.10%,,,7.10%,34.80%,33.70%,16.20%,5.50%,2.70%,Demografi by Followers
1952,Instagram,Okezone,Okezone,Active,2026,August,,,,,,  -   ,,,,,,,,,,,,,,
1953,Instagram,Okezone,Okezone,Active,2026,September,,,,,,  -   ,,,,,,,,,,,,,,
1954,Instagram,Okezone,Okezone,Active,2026,October,,,,,,  -   ,,,,,,,,,,,,,,
1955,Instagram,Okezone,Okezone,Active,2026,November,,,,,,  -   ,,,,,,,,,,,,,,
1956,Instagram,Okezone,Okezone,Active,2026,December,,,,,,  -   ,,,,,,,,,,,,,,
1969,Instagram,Okezone,Okezone Women,Active,2024,January,67,-,data tdk keluar,data tdk keluar,,  -   ,,,,,,,,,,,,,,
1970,Instagram,Okezone,Okezone Women,Active,2024,February,66,-,data tdk keluar,data tdk keluar,,  -   ,,,,,,,,,,,,,,
1971,Instagram,Okezone,Okezone Women,Active,2024,March,63,-,data tdk keluar,data tdk keluar,,  -   ,,,,,,,,,,,,,,
1972,Instagram,Okezone,Okezone Women,Active,2024,April,63,-,data tdk keluar,data tdk keluar,,  -   ,,,,,,,,,,,,,,
1973,Instagram,Okezone,Okezone Women,Active,2024,May,46,-,data tdk keluar,data tdk keluar,,  -   ,,,,,,,,,,,,,,
1974,Instagram,Okezone,Okezone Women,Active,2024,June,18,-,data tdk keluar,data tdk keluar,,  -   ,,,,,,,,,,,,,,
1975,Instagram,Okezone,Okezone Women,Active,2024,July,96,-,data tdk keluar,data tdk keluar,,  -   ,,,,,,,,,,,,,,
1976,Instagram,Okezone,Okezone Women,Active,2024,August,108,-,data tdk keluar,data tdk keluar,,  -   ,,,,,,,,,,,,,,
1977,Instagram,Okezone,Okezone Women,Active,2024,September,131,"147,072",data tdk keluar,data tdk keluar,,  -   ,,,,,,,,,,,,,,
1978,Instagram,Okezone,Okezone Women,Active,2024,October,88,"148,995","1,923",data tdk keluar,,  -   ,,,,,,,,,,,,,,
1979,Instagram,Okezone,Okezone Women,Active,2024,November,64,"152,443","3,448",data tdk keluar,,  -   ,,,,,,,,,,,,,,
1980,Instagram,Okezone,Okezone Women,Active,2024,December,32,"153,827","1,384","156,383",,  -   ,,,,,,,,,,,,,,
1981,Instagram,Okezone,Okezone Women,Active,2025,January,52,"154,379",552,"3,423,130",,  -   ,,"2,212,154",data tidak ada,,,,,,,,,,,
1982,Instagram,Okezone,Okezone Women,Active,2025,February,15,"154,687",308,"1,084,020",,  -   ,,"875,134",data tidak ada,,,,,,,,,,,
1983,Instagram,Okezone,Okezone Women,Active,2025,March,7,"154,898",211,"275,505",,  -   ,,"221,675",data tidak ada,,,,,,,,,,,
1984,Instagram,Okezone,Okezone Women,Active,2025,April,6,"155,581",683,"124,950",,  -   ,,"97,987",data tidak ada,,,,,,,,,,,
1985,Instagram,Okezone,Okezone Women,Active,2025,May,40,"155,811",230,"279,092",,  -   ,,"108,806",data tidak ada,,,,,,,,,,,
1986,Instagram,Okezone,Okezone Women,Active,2025,June,113,"156,248",437,"2,196,679",,  -   ,,"733,761",data tidak ada,,,,,,,,,,,
1987,Instagram,Okezone,Okezone Women,Active,2025,July,84,"156,307",322,"890,637",,  -   ,,"359,722","15,252",35.50%,64.50%,,-,10.50%,44.60%,30.40%,10.00%,2.90%,1.60%,Demografi by Followers
1988,Instagram,Okezone,Okezone Women,Active,2025,August,133,"156,517",678,"15,057,550",,  -   ,,"3,495,757","108,928",35.60%,64.40%,,,10.20%,44.60%,30.40%,10.20%,3.00%,1.60%,Demografi by Followers
1989,Instagram,Okezone,Okezone Women,Active,2025,September,207,"156,815",778,"38,460,161",,  -   ,,"4,815,774","201,709",35.60%,64.40%,,,9.90%,44.50%,30.60%,10.30%,3.10%,1.60%,Demografi by Followers
1990,Instagram,Okezone,Okezone Women,Active,2025,October,29,"157,104",757,"14,069,816",,  -   ,,"2,870,892","179,590",35.60%,64.40%,,,9.60%,44.30%,30.90%,10.50%,3.10%,1.60%,Demografi by Followers
1991,Instagram,Okezone,Okezone Women,Active,2025,November,154,"157,448",739,"7,014,403",,  -   ,,"1,459,693","150,964",35.50%,64.50%,,,9.40%,44.30%,31.00%,10.60%,3.10%,1.60%,Demografi by Followers
1992,Instagram,Okezone,Okezone Women,Active,2025,December,174,"157,699",707,"8,978,300",,  -   ,,"1,867,968","126,984",64.50%,35.40%,,,10.00%,44.10%,31.30%,10.80%,3.20%,1.60%,Demografi by Followers
1993,Instagram,Okezone,Okezone Women,Active,2026,January,122,"158,237",944,"4,871,662",,  -   ,,"1,658,012","124,154",35.50%,64.50%,,,8.90%,43.80%,31.50%,10.90%,3.30%,1.60%,Demografi by Followers
1994,Instagram,Okezone,Okezone Women,Active,2026,February,161,"158,333",495,"3,540,418",,  -   ,,"1,082,327","135,295",64.50%,35.50%,,,8.70%,43.60%,31.60%,11.00%,3.40%,2%,Demografi by Followers
1995,Instagram,Okezone,Okezone Women,Active,2026,March,163,"158,888",921,"12,790,886",,  -   ,,"5,502,589","529,724",64.40%,35.60%,,,8.50%,43.50%,31.80%,11.10%,3.40%,1.70%,Demografi by Followers
1996,Instagram,Okezone,Okezone Women,Active,2026,April,113,"160,068","1,728","7,276,667",,  -   ,,"2,707,267","201,602",64.50%,35.50%,,,8.30%,43.20%,31.90%,11.40%,3.50%,1.70%,Demografi by Followers
1997,Instagram,Okezone,Okezone Women,Active,2026,May,138,"156,610",616,"4,355,526",,  -   ,,"1,368,268","94,216",35.40%,64.60%,,,8.20%,43.00%,32.10%,11.50%,3.50%,1.70%,Demografi by Followers
1998,Instagram,Okezone,Okezone Women,Active,2026,June,203,"105,841","1,953","12,283,952",,  -   ,,"5,178,075","448,673",28.00%,72.00%,,,8.30%,38.40%,33.60%,13.00%,4.70%,2.00%,Demografi by Followers
1999,Instagram,Okezone,Okezone Women,Active,2026,July,124,"158,332",967,"3,223,758",,  -   ,,"1,342,778","107,216",35.10%,64.90%,,,8.00%,42.30%,32.50%,11.90%,3.60%,1.70%,Demografi by Followers
2000,Instagram,Okezone,Okezone Women,Active,2026,August,,,,,,  -   ,,,,,,,,,,,,,,
2001,Instagram,Okezone,Okezone Women,Active,2026,September,,,,,,  -   ,,,,,,,,,,,,,,
2002,Instagram,Okezone,Okezone Women,Active,2026,October,,,,,,  -   ,,,,,,,,,,,,,,
2003,Instagram,Okezone,Okezone Women,Active,2026,November,,,,,,  -   ,,,,,,,,,,,,,,
2004,Instagram,Okezone,Okezone Women,Active,2026,December,,,,,,  -   ,,,,,,,,,,,,,,
2017,Instagram,Okezone,Okezone.Celeb,Active,2024,January,49,-,data tdk keluar,data tdk keluar,,  -   ,,"21,209",data tdk keluar,,,,,,,,,,,
2018,Instagram,Okezone,Okezone.Celeb,Active,2024,February,50,-,data tdk keluar,data tdk keluar,,  -   ,,"27,321",data tdk keluar,,,,,,,,,,,
2019,Instagram,Okezone,Okezone.Celeb,Active,2024,March,1,-,data tdk keluar,data tdk keluar,,  -   ,,"47,961",data tdk keluar,,,,,,,,,,,
2020,Instagram,Okezone,Okezone.Celeb,Active,2024,April,1,-,data tdk keluar,data tdk keluar,,  -   ,,"74,228",data tdk keluar,,,,,,,,,,,
2021,Instagram,Okezone,Okezone.Celeb,Active,2024,May,40,-,data tdk keluar,data tdk keluar,,  -   ,,"46,327",data tdk keluar,,,,,,,,,,,
2022,Instagram,Okezone,Okezone.Celeb,Active,2024,June,122,-,data tdk keluar,data tdk keluar,,  -   ,,"28,785",data tdk keluar,,,,,,,,,,,
2023,Instagram,Okezone,Okezone.Celeb,Active,2024,July,93,-,data tdk keluar,data tdk keluar,,  -   ,,"31,056",data tdk keluar,,,,,,,,,,,
2024,Instagram,Okezone,Okezone.Celeb,Active,2024,August,103,-,data tdk keluar,data tdk keluar,,  -   ,,"37,149",data tdk keluar,,,,,,,,,,,
2025,Instagram,Okezone,Okezone.Celeb,Active,2024,September,125,-,data tdk keluar,data tdk keluar,,  -   ,,"100,850",data tdk keluar,,,,,,,,,,,
2026,Instagram,Okezone,Okezone.Celeb,Active,2024,October,78,-,data tdk keluar,data tdk keluar,,  -   ,,"90,047",data tdk keluar,,,,,,,,,,,
2027,Instagram,Okezone,Okezone.Celeb,Active,2024,November,61,-,data tdk keluar,data tdk keluar,,  -   ,,"30,530",data tdk keluar,,,,,,,,,,,
2028,Instagram,Okezone,Okezone.Celeb,Active,2024,December,25,#VALUE!,data tdk keluar,data tdk keluar,,  -   ,,"29,447",data tdk keluar,,,,,,,,,,,
2029,Instagram,Okezone,Okezone.Celeb,Active,2025,January,20,"73,628",415,data tdk keluar,,  -   ,,"33,978",data tidak ada,,,,,,,,,,,
2030,Instagram,Okezone,Okezone.Celeb,Active,2025,February,5,"73,213",430,data tdk keluar,,  -   ,,"21,834",data tidak ada,,,,,,,,,,,
2031,Instagram,Okezone,Okezone.Celeb,Active,2025,March,1,"75,309",357,data tdk keluar,,  -   ,,"19,713",data tidak ada,,,,,,,,,,,
2032,Instagram,Okezone,Okezone.Celeb,Active,2025,April,1,"75,467",378,"19,268",,  -   ,,"18,656",99,,,,,,,,,,,
2033,Instagram,Okezone,Okezone.Celeb,Active,2025,May,40,"75,682",373,"3,198,133",,  -   ,,"1,298,240","57,825",,,,,,,,,,,
2034,Instagram,Okezone,Okezone.Celeb,Active,2025,June,122,"74,952",599,"15,400,179",,  -   ,,"4,664,679","218,140",,,,,,,,,,,
2035,Instagram,Okezone,Okezone.Celeb,Active,2025,July,136,"74,353",725,"14,897,104",,  -   ,,"3,282,570","155,362",,,,,,,,,,,
2036,Instagram,Okezone,Okezone.Celeb,Active,2025,August,176,"76,705","1,238","21,157,880",,  -   ,,"3,187,082","184,434",,,,,,,,,,,
2037,Instagram,Okezone,Okezone.Celeb,Active,2025,September,215,"89,355",864,"26,990,000",,  -   ,,"3,396,292","162,752",,,,,,,,,,,
2038,Instagram,Okezone,Okezone.Celeb,Active,2025,October,174,"76,131","1,091","19,128,050",,  -   ,,"2,467,361","133,592",25.80%,74.20%,,,9.70%,42.20%,32.10%,10.80%,3.60%,1.60%,Demografi by Followers
2039,Instagram,Okezone,Okezone.Celeb,Active,2025,November,193,"77,334","1,652","19,309,711",,  -   ,,"3,316,389","152,960",26.20%,73.80%,,,9.40%,41.80%,32.50%,11.10%,3.60%,1.60%,Demografi by Followers
2040,Instagram,Okezone,Okezone.Celeb,Active,2025,December,172,"79,867","3,162","38,605,989",,  -   ,,"6,451,871","401,515",,,,,,,,,,,
2041,Instagram,Okezone,Okezone.Celeb,Active,2026,January,215,"82,908","3,041","20,847,384",,  -   ,,"4,301,215","277,439",,,,,,,,,,,
2042,Instagram,Okezone,Okezone.Celeb,Active,2026,February,283,"85,600","3,746","36,001,831",,  -   ,,"11,486,495","802,181",27.20%,72.80%,,,8.80%,40.40%,33.30%,11.80%,3.90%,1.80%,Demografi by Followers
2043,Instagram,Okezone,Okezone.Celeb,Active,2026,March,290,"90,130","5,256","45,726,168",,  -   ,,"13,876,620","1,244,033",27.50%,72.50%,,,8.90%,39.90%,33.20%,12.20%,4.10%,1.70%,Demografi by Followers
2044,Instagram,Okezone,Okezone.Celeb,Active,2026,April,271,"97,610","8,255","44,061,276",,  -   ,,"11,983,905","1,157,859",27.10%,72.90%,,,8.70%,39.30%,33.20%,12.50%,4.50%,1.80%,Demografi by Followers
2045,Instagram,Okezone,Okezone.Celeb,Active,2026,May,250,"99,760","3,789","22,954,392",,  -   ,,"7,102,011","503,173",27.30%,72.70%,,,8.40%,39.00%,33.20%,12.80%,4.60%,2.00%,Demografi by Followers
2046,Instagram,Okezone,Okezone.Celeb,Active,2026,June,203,"105,789","7,095","35,863,360",,  -   ,,"11,316,369","932,265",28.00%,72.00%,,,8.30%,38.40%,33.60%,13.00%,4.70%,2.00%,Demografi by Followers
2047,Instagram,Okezone,Okezone.Celeb,Active,2026,July,261,"114,631","10,115","44,174,255",,  -   ,,"17,011,900","1,782,917",29.00%,71.00%,,,8.70%,37.60%,33.50%,13.30%,4.90%,2.00%,Demografi by Followers
2048,Instagram,Okezone,Okezone.Celeb,Active,2026,August,,,,,,  -   ,,,,,,,,,,,,,,
2049,Instagram,Okezone,Okezone.Celeb,Active,2026,September,,,,,,  -   ,,,,,,,,,,,,,,
2050,Instagram,Okezone,Okezone.Celeb,Active,2026,October,,,,,,  -   ,,,,,,,,,,,,,,
2051,Instagram,Okezone,Okezone.Celeb,Active,2026,November,,,,,,  -   ,,,,,,,,,,,,,,
2052,Instagram,Okezone,Okezone.Celeb,Active,2026,December,,,,,,  -   ,,,,,,,,,,,,,,
2065,Instagram,Okezone,RDI 97.1 FM Jakarta,Active,2024,January,150,-,data tdk keluar,data tdk keluar,,  -   ,,,,,,,,,,,,,,
2066,Instagram,Okezone,RDI 97.1 FM Jakarta,Active,2024,February,147,-,data tdk keluar,data tdk keluar,,  -   ,,,,,,,,,,,,,,
2067,Instagram,Okezone,RDI 97.1 FM Jakarta,Active,2024,March,169,-,data tdk keluar,data tdk keluar,,  -   ,,,,,,,,,,,,,,
2068,Instagram,Okezone,RDI 97.1 FM Jakarta,Active,2024,April,130,-,data tdk keluar,data tdk keluar,,  -   ,,,,,,,,,,,,,,
2069,Instagram,Okezone,RDI 97.1 FM Jakarta,Active,2024,May,108,-,data tdk keluar,data tdk keluar,,  -   ,,,,,,,,,,,,,,
2070,Instagram,Okezone,RDI 97.1 FM Jakarta,Active,2024,June,138,-,data tdk keluar,data tdk keluar,,  -   ,,,,,,,,,,,,,,
2071,Instagram,Okezone,RDI 97.1 FM Jakarta,Active,2024,July,189,-,data tdk keluar,data tdk keluar,,  -   ,,,,,,,,,,,,,,
2072,Instagram,Okezone,RDI 97.1 FM Jakarta,Active,2024,August,207,-,data tdk keluar,data tdk keluar,,  -   ,,,,,,,,,,,,,,
2073,Instagram,Okezone,RDI 97.1 FM Jakarta,Active,2024,September,202,"68,728",data tdk keluar,data tdk keluar,,  -   ,,,,,,,,,,,,,,
2074,Instagram,Okezone,RDI 97.1 FM Jakarta,Active,2024,October,238,"69,087",359,data tdk keluar,,  -   ,,,,,,,,,,,,,,
2075,Instagram,Okezone,RDI 97.1 FM Jakarta,Active,2024,November,167,"69,583",496,data tdk keluar,,  -   ,,,,,,,,,,,,,,
2076,Instagram,Okezone,RDI 97.1 FM Jakarta,Active,2024,December,154,"69,982",399,"79,230",,  -   ,,,,,,,,,,,,,,
2077,Instagram,Okezone,RDI 97.1 FM Jakarta,Active,2025,January,185,"70,402",420,"421,857",,  -   ,,"433,338",data tidak ada,,,,,,,,,,,
2078,Instagram,Okezone,RDI 97.1 FM Jakarta,Active,2025,February,178,"70,726",324,"1,127,408",,  -   ,,"595,863",data tidak ada,,,,,,,,,,,
2079,Instagram,Okezone,RDI 97.1 FM Jakarta,Active,2025,March,213,"71,190",464,"1,117,069",,  -   ,,"340,568",data tidak ada,,,,,,,,,,,
2080,Instagram,Okezone,RDI 97.1 FM Jakarta,Active,2025,April,139,"71,601",411,"950,324",,  -   ,,"557,754",data tidak ada,,,,,,,,,,,
2081,Instagram,Okezone,RDI 97.1 FM Jakarta,Active,2025,May,171,"72,107",506,"1,555,034",,  -   ,,"832,775",data tidak ada,,,,,,,,,,,
2082,Instagram,Okezone,RDI 97.1 FM Jakarta,Active,2025,June,228,"72,725",618,"1,336,553",,  -   ,,"570,188",data tidak ada,,,,,,,,,,,
2083,Instagram,Okezone,RDI 97.1 FM Jakarta,Active,2025,July,219,"74,400","2,095","5,844,109",,  -   ,,"3,247,848","329,994",54.50%,45.50%,,-,8.00%,45.70%,31.50%,10.40%,2.50%,1.90%,Demografi by Followers
2084,Instagram,Okezone,RDI 97.1 FM Jakarta,Active,2025,August,253,"76,500","2,422","12,402,269",,  -   ,,"6,509,496","446,331",53.90%,46.10%,,,8.00%,45.20%,31.50%,10.70%,2.70%,1.90%,Demografi by Followers
2085,Instagram,Okezone,RDI 97.1 FM Jakarta,Active,2025,September,250,"78,188","2,034","6,528,637",,  -   ,,"3,591,487","165,863",53.30%,46.70%,,,7.80%,44.90%,31.70%,11.00%,2.80%,1.80%,Demografi by Followers
2086,Instagram,Okezone,RDI 97.1 FM Jakarta,Active,2025,October,105,"80,241","2,363","9,440,212",,  -   ,,"5,431,464","319,595",52.80%,47.20%,,,7.80%,44.20%,31.80%,11.20%,3.10%,1.90%,Demografi by Followers
2087,Instagram,Okezone,RDI 97.1 FM Jakarta,Active,2025,November,204,"81,979","2,091","5,340,140",,  -   ,,"3,091,113","234,013",52.60%,47.40%,,,7.80%,43.80%,31.80%,11.40%,3.30%,1.90%,Demografi by Followers
2088,Instagram,Okezone,RDI 97.1 FM Jakarta,Active,2025,December,187,"83,159","1,872","10,484,273",,  -   ,,"6,079,511","363,772",52.30%,47.70%,,,7.60%,43.60%,32.00%,11.50%,3.30%,2.00%,Demografi by Followers
2089,Instagram,Okezone,RDI 97.1 FM Jakarta,Active,2026,January,174,"84,486","1,448","6,123,880",,  -   ,,"3,239,807","159,579",52.10%,47.90%,,,7.60%,42.90%,32.20%,11.80%,3.50%,2.00%,Demografi by Followers
2090,Instagram,Okezone,RDI 97.1 FM Jakarta,Active,2026,February,207,"86,071","1,586","5,151,335",,  -   ,,"2,583,999","225,731",51.60%,48.40%,,,7.60%,42.50%,32.30%,12.00%,3.60%,2.00%,Demografi by Followers
2091,Instagram,Okezone,RDI 97.1 FM Jakarta,Active,2026,March,232,"89,243","3,673","22,705,936",,  -   ,,"11,633,461","1,094,792",51.10%,48.90%,,,7.90%,42.30%,32.10%,12.10%,3.60%,2.00%,Demografi by Followers
2092,Instagram,Okezone,RDI 97.1 FM Jakarta,Active,2026,April,203,"90,574","1,711","16,366,327",,  -   ,,"7,952,030","499,430",50.80%,49.20%,,,7.80%,42.00%,32.40%,12.10%,3.60%,2.00%,Demografi by Followers
2093,Instagram,Okezone,RDI 97.1 FM Jakarta,Active,2026,May,197,"89,170","1,087","5,521,348",,  -   ,,"2,914,482","239,786",50.50%,49.50%,,,7.70%,41.80%,32.50%,12.30%,3.70%,2.00%,Demografi by Followers
2094,Instagram,Okezone,RDI 97.1 FM Jakarta,Active,2026,June,198,"89,787","1,013","5,316,221",,  -   ,,"2,450,240","179,028",49.50%,50.50%,,,7.70%,41.40%,32.80%,12.40%,3.70%,2.00%,Demografi by Followers
2095,Instagram,Okezone,RDI 97.1 FM Jakarta,Active,2026,July,205,"91,385","2,068","6,899,749",,  -   ,,"3,990,325","307,589",50.60%,49.40%,,,7.60%,41.10%,32.90%,12.50%,3.90%,2.00%,Demografi by Followers
2096,Instagram,Okezone,RDI 97.1 FM Jakarta,Active,2026,August,,,,,,  -   ,,,,,,,,,,,,,,
2097,Instagram,Okezone,RDI 97.1 FM Jakarta,Active,2026,September,,,,,,  -   ,,,,,,,,,,,,,,
2098,Instagram,Okezone,RDI 97.1 FM Jakarta,Active,2026,October,,,,,,  -   ,,,,,,,,,,,,,,
2099,Instagram,Okezone,RDI 97.1 FM Jakarta,Active,2026,November,,,,,,  -   ,,,,,,,,,,,,,,
2100,Instagram,Okezone,RDI 97.1 FM Jakarta,Active,2026,December,,,,,,  -   ,,,,,,,,,,,,,,
2113,Instagram,Okezone,V Radio,Active,2024,January,162,-,data tdk keluar,data tdk keluar,,  -   ,,,,,,,,,,,,,,
2114,Instagram,Okezone,V Radio,Active,2024,February,165,-,data tdk keluar,data tdk keluar,,  -   ,,,,,,,,,,,,,,
2115,Instagram,Okezone,V Radio,Active,2024,March,139,-,data tdk keluar,data tdk keluar,,  -   ,,,,,,,,,,,,,,
2116,Instagram,Okezone,V Radio,Active,2024,April,104,-,data tdk keluar,data tdk keluar,,  -   ,,,,,,,,,,,,,,
2117,Instagram,Okezone,V Radio,Active,2024,May,130,-,data tdk keluar,data tdk keluar,,  -   ,,,,,,,,,,,,,,
2118,Instagram,Okezone,V Radio,Active,2024,June,148,-,data tdk keluar,data tdk keluar,,  -   ,,,,,,,,,,,,,,
2119,Instagram,Okezone,V Radio,Active,2024,July,154,-,data tdk keluar,data tdk keluar,,  -   ,,,,,,,,,,,,,,
2120,Instagram,Okezone,V Radio,Active,2024,August,113,-,data tdk keluar,data tdk keluar,,  -   ,,,,,,,,,,,,,,
2121,Instagram,Okezone,V Radio,Active,2024,September,129,"55,491",data tdk keluar,data tdk keluar,,  -   ,,,,,,,,,,,,,,
2122,Instagram,Okezone,V Radio,Active,2024,October,135,"55,794",303,data tdk keluar,,  -   ,,,,,,,,,,,,,,
2123,Instagram,Okezone,V Radio,Active,2024,November,136,"56,145",351,data tdk keluar,,  -   ,,,,,,,,,,,,,,
2124,Instagram,Okezone,V Radio,Active,2024,December,121,"56,639",494,"29,318",,  -   ,,,,,,,,,,,,,,
2125,Instagram,Okezone,V Radio,Active,2025,January,96,"57,103",464,"524,077",,  -   ,,"429,971",data tidak ada,,,,,,,,,,,
2126,Instagram,Okezone,V Radio,Active,2025,February,78,"57,662",559,"1,605,441",,  -   ,,"844,354",data tidak ada,,,,,,,,,,,
2127,Instagram,Okezone,V Radio,Active,2025,March,98,"58,070",408,"511,590",,  -   ,,"247,288",data tidak ada,,,,,,,,,,,
2128,Instagram,Okezone,V Radio,Active,2025,April,92,"58,445",375,"345,225",,  -   ,,"103,004",data tidak ada,,,,,,,,,,,
2129,Instagram,Okezone,V Radio,Active,2025,May,99,"58,746",301,"772,282",,  -   ,,"389,598",data tidak ada,,,,,,,,,,,
2130,Instagram,Okezone,V Radio,Active,2025,June,102,"59,059",313,"418,551",,  -   ,,"130,679",data tidak ada,,,,,,,,,,,
2131,Instagram,Okezone,V Radio,Active,2025,July,143,"59,074",288,"560,771",,  -   ,,"108,334","7,726",28.10%,71.90%,,-,8.60%,38.50%,33.40%,14.40%,3.60%,1.50%,Demografi by Followers
2132,Instagram,Okezone,V Radio,Active,2025,August,185,"59,035",314,"1,007,733",,  -   ,,"146,527","8,518",28.10%,71.90%,,,8.30%,38.50%,33.50%,14.60%,3.60%,1.50%,Demografi by Followers
2133,Instagram,Okezone,V Radio,Active,2025,September,176,"59,060",392,"1,613,227",,  -   ,,"180,348","10,933",28.10%,71.90%,,,8.00%,38.50%,33.60%,14.70%,3.70%,1.50%,Demografi by Followers
2134,Instagram,Okezone,V Radio,Active,2025,October,185,"58,990",291,"1,507,117",,  -   ,,"217,146","11,606",28.20%,71.80%,,,7.90%,38.20%,33.60%,14.90%,3.90%,1.50%,Demografi by Followers
2135,Instagram,Okezone,V Radio,Active,2025,November,207,"58,980",320,"996,620",,  -   ,,"170,503","10,088",28.30%,71.70%,,,7.70%,38.10%,33.90%,14.90%,3.90%,1.50%,Demografi by Followers
2136,Instagram,Okezone,V Radio,Active,2025,December,143,"58,930",272,"998,031",,  -   ,,"306,654","9,168",71.80%,28.20%,,,7.50%,37.90%,34.00%,15.10%,3.90%,1.60%,Demografi by Followers
2137,Instagram,Okezone,V Radio,Active,2026,January,114,"58,919",281,"1,367,533",,  -   ,,"550,084","13,394",28.20%,71.80%,,,7.40%,37.70%,34.00%,15.30%,4.00%,1.60%,Demografi by Followers
2138,Instagram,Okezone,V Radio,Active,2026,February,181,"59,236",587,"2,552,865",,  -   ,,"653,143","104,312",71.80%,28.20%,,,7.30%,37.60%,34.10%,15.30%,4.10%,1.60%,Demografi by Followers
2139,Instagram,Okezone,V Radio,Active,2026,March,185,"59,351",411,"1,519,519",,  -   ,,"559,706","40,564",71.90%,28.10%,,,7.20%,37.50%,34.20%,15.40%,4.10%,1.60%,Demografi by Followers
2140,Instagram,Okezone,V Radio,Active,2026,April,198,"59,630",634,"3,642,483",,  -   ,,"1,504,345","175,070",71.80%,28.20%,,,7.00%,37.30%,34.30%,15.60%,4.20%,1.60%,Demografi by Followers
2141,Instagram,Okezone,V Radio,Active,2026,May,235,"59,395",724,"3,812,493",,  -   ,,"1,902,619","101,227",28.10%,71.90%,,,7.00%,37.00%,34.40%,15.80%,4.20%,1.60%,Demografi by Followers
2142,Instagram,Okezone,V Radio,Active,2026,June,213,"59,929",945,"8,922,976",,  -   ,,"5,061,028","438,144",28.10%,71.90%,,,6.90%,36.90%,34.50%,15.80%,4.30%,1.60%,Demografi by Followers
2143,Instagram,Okezone,V Radio,Active,2026,July,206,"60,210",619,"3,341,000",,  -   ,,"1,741,040","132,710",28.20%,71.80%,,,6.90%,36.70%,34.50%,16.00%,4.30%,1.60%,Demografi by Followers
2144,Instagram,Okezone,V Radio,Active,2026,August,,,,,,  -   ,,,,,,,,,,,,,,
2145,Instagram,Okezone,V Radio,Active,2026,September,,,,,,  -   ,,,,,,,,,,,,,,
2146,Instagram,Okezone,V Radio,Active,2026,October,,,,,,  -   ,,,,,,,,,,,,,,
2147,Instagram,Okezone,V Radio,Active,2026,November,,,,,,  -   ,,,,,,,,,,,,,,
2148,Instagram,Okezone,V Radio,Active,2026,December,,,,,,  -   ,,,,,,,,,,,,,,
2161,Instagram,Sindonews,Sindo Autotech,Active,2024,January,,,,,,  -   ,,,,,,,,,,,,,,
2162,Instagram,Sindonews,Sindo Autotech,Active,2024,February,,,,,,  -   ,,,,,,,,,,,,,,
2163,Instagram,Sindonews,Sindo Autotech,Active,2024,March,,,,,,  -   ,,,,,,,,,,,,,,
2164,Instagram,Sindonews,Sindo Autotech,Active,2024,April,,,,,,  -   ,,,,,,,,,,,,,,
2165,Instagram,Sindonews,Sindo Autotech,Active,2024,May,,,,,,  -   ,,,,,,,,,,,,,,
2166,Instagram,Sindonews,Sindo Autotech,Active,2024,June,,,,,,  -   ,,,,,,,,,,,,,,
2167,Instagram,Sindonews,Sindo Autotech,Active,2024,July,,,,,,  -   ,,,,,,,,,,,,,,
2168,Instagram,Sindonews,Sindo Autotech,Active,2024,August,,,,,,  -   ,,,,,,,,,,,,,,
2169,Instagram,Sindonews,Sindo Autotech,Active,2024,September,,,,,,  -   ,,,,,,,,,,,,,,
2170,Instagram,Sindonews,Sindo Autotech,Active,2024,October,,,,,,  -   ,,,,,,,,,,,,,,
2171,Instagram,Sindonews,Sindo Autotech,Active,2024,November,,,,,,  -   ,,,,,,,,,,,,,,
2172,Instagram,Sindonews,Sindo Autotech,Active,2024,December,,,,,,  -   ,,,,,,,,,,,,,,
2173,Instagram,Sindonews,Sindo Autotech,Active,2025,January,0,"5,164",11,data tidak ada,,  -   ,,417,data tidak ada,,,,,,,,,,,
2174,Instagram,Sindonews,Sindo Autotech,Active,2025,February,0,"5,153",23,data tidak ada,,  -   ,,312,data tidak ada,,,,,,,,,,,
2175,Instagram,Sindonews,Sindo Autotech,Active,2025,March,0,"5,236",25,data tidak ada,,  -   ,,281,data tidak ada,,,,,,,,,,,
2176,Instagram,Sindonews,Sindo Autotech,Active,2025,April,0,"5,195",39,data tidak ada,,  -   ,,223,data tidak ada,,,,,,,,,,,
2177,Instagram,Sindonews,Sindo Autotech,Active,2025,May,0,"5,259",23,364,,  -   ,,272,4,,,,,,,,,,,
2178,Instagram,Sindonews,Sindo Autotech,Active,2025,June,0,"5,211",24,"1,673",,  -   ,,259,23,,,,,,,,,,,
2179,Instagram,Sindonews,Sindo Autotech,Active,2025,July,0,"5,187",23,"1,869",,  -   ,,221,2,,,,,,,,,,,
2180,Instagram,Sindonews,Sindo Autotech,Active,2025,August,0,"5,218",23,"4,840",,  -   ,,263,5,,,,,,,,,,,
2181,Instagram,Sindonews,Sindo Autotech,Active,2025,September,0,"5,485",17,"10,128",,  -   ,,199,6,,,,,,,,,,,
2182,Instagram,Sindonews,Sindo Autotech,Active,2025,October,0,"5,468",9,"5,265",,  -   ,,193,12,,,,,,,,,,,
2183,Instagram,Sindonews,Sindo Autotech,Active,2025,November,18,"5,274",15,"9,282",,  -   ,,"1,162",44,69.20%,30.80%,,,9.60%,32.10%,31.50%,18.10%,6.00%,2.70%,Demografi by Followers
2184,Instagram,Sindonews,Sindo Autotech,Active,2025,December,52,"5,396",178,"1,123",,  -   ,,169,10,69.70%,30.30%,,,9.30%,31.60%,31.60%,18.60%,6.20%,2.70%,Demografi by Followers
2185,Instagram,Sindonews,Sindo Autotech,Active,2026,January,27,"5,442",70,145,,  -   ,,49,2,70.10%,29.90%,,,9.10%,31.40%,31.50%,19.00%,6.30%,2.70%,Demografi by Followers
2186,Instagram,Sindonews,Sindo Autotech,Active,2026,February,52,"5,463",42,"337,292",,  -   ,,"131,207","4,351",70.30%,29.70%,,,8.90%,31.40%,31.50%,19.20%,6.20%,2.80%,Demografi by Followers
2187,Instagram,Sindonews,Sindo Autotech,Active,2026,March,23,"5,517",54,"311,134",,  -   ,,"132,518","6,563",70.60%,29.40%,,,9.00%,31.40%,31.40%,19.00%,6.40%,2.80%,Demografi by Followers
2188,Instagram,Sindonews,Sindo Autotech,Active,2026,April,39,"5,700",215,"1,353,233",,  -   ,,"129,534","42,176",71.00%,29.00%,,,8.40%,31.00%,31.90%,19.50%,6.40%,2.80%,Demografi by Followers
2189,Instagram,Sindonews,Sindo Autotech,Active,2026,May,36,"5,745",145,"510,649",,  -   ,,"14,508","28,927",71.40%,28.60%,,,8.20%,30.90%,32.10%,19.40%,6.60%,2.80%,Demografi by Followers
2190,Instagram,Sindonews,Sindo Autotech,Active,2026,June,3,"5,748",45,"59,896",,  -   ,,474,"3,018",71.60%,28.40%,,,8.00%,30.80%,32.30%,19.50%,6.60%,2.80%,Demografi by Followers
2191,Instagram,Sindonews,Sindo Autotech,Active,2026,July,24,"5,810",90,"81,318",,  -   ,,"8,925","3,052",72.00%,28.00%,,,7.90%,30.40%,32.50%,19.70%,6.70%,2.80%,Demografi by Followers
2192,Instagram,Sindonews,Sindo Autotech,Active,2026,August,,,,,,  -   ,,,,,,,,,,,,,,
2193,Instagram,Sindonews,Sindo Autotech,Active,2026,September,,,,,,  -   ,,,,,,,,,,,,,,
2194,Instagram,Sindonews,Sindo Autotech,Active,2026,October,,,,,,  -   ,,,,,,,,,,,,,,
2195,Instagram,Sindonews,Sindo Autotech,Active,2026,November,,,,,,  -   ,,,,,,,,,,,,,,
2196,Instagram,Sindonews,Sindo Autotech,Active,2026,December,,,,,,  -   ,,,,,,,,,,,,,,
2209,Instagram,Sindonews,SINDOnews,Active,2024,January,850,-,data tdk keluar,data tdk keluar,,  -   ,,,,,,,,,,,,,,
2210,Instagram,Sindonews,SINDOnews,Active,2024,February,770,-,data tdk keluar,data tdk keluar,,  -   ,,,,,,,,,,,,,,
2211,Instagram,Sindonews,SINDOnews,Active,2024,March,681,-,data tdk keluar,data tdk keluar,,  -   ,,,,,,,,,,,,,,
2212,Instagram,Sindonews,SINDOnews,Active,2024,April,582,-,data tdk keluar,data tdk keluar,,  -   ,,,,,,,,,,,,,,
2213,Instagram,Sindonews,SINDOnews,Active,2024,May,634,-,data tdk keluar,data tdk keluar,,  -   ,,,,,,,,,,,,,,
2214,Instagram,Sindonews,SINDOnews,Active,2024,June,639,-,data tdk keluar,data tdk keluar,,  -   ,,,,,,,,,,,,,,
2215,Instagram,Sindonews,SINDOnews,Active,2024,July,840,-,data tdk keluar,data tdk keluar,,  -   ,,,,,,,,,,,,,,
2216,Instagram,Sindonews,SINDOnews,Active,2024,August,925,-,data tdk keluar,data tdk keluar,,  -   ,,,,,,,,,,,,,,
2217,Instagram,Sindonews,SINDOnews,Active,2024,September,783,"422,573",data tdk keluar,data tdk keluar,,  -   ,,,,,,,,,,,,,,
2218,Instagram,Sindonews,SINDOnews,Active,2024,October,931,"426,442","3,869",data tdk keluar,,  -   ,,,,,,,,,,,,,,
2219,Instagram,Sindonews,SINDOnews,Active,2024,November,754,"430,982","4,540",data tdk keluar,,  -   ,,,,,,,,,,,,,,
2220,Instagram,Sindonews,SINDOnews,Active,2024,December,560,"435,100","4,118","888,362",,  -   ,,,,,,,,,,,,,,
2221,Instagram,Sindonews,SINDOnews,Active,2025,January,579,"446,434","11,334","18,776,654",,  -   ,,"5,537,335",data tidak ada,,,,,,,,,,,
2222,Instagram,Sindonews,SINDOnews,Active,2025,February,572,"451,015","4,581","9,510,301",,  -   ,,"1,781,977",data tidak ada,,,,,,,,,,,
2223,Instagram,Sindonews,SINDOnews,Active,2025,March,534,"454,658","3,643","7,795,579",,  -   ,,"1,176,321",data tidak ada,,,,,,,,,,,
2224,Instagram,Sindonews,SINDOnews,Active,2025,April,378,"458,320","3,662","7,688,758",,  -   ,,"1,177,567",data tidak ada,,,,,,,,,,,
2225,Instagram,Sindonews,SINDOnews,Active,2025,May,559,"464,305","5,985","14,531,877",,  -   ,,"3,791,891",data tidak ada,,,,,,,,,,,
2226,Instagram,Sindonews,SINDOnews,Active,2025,June,895,"476,478","12,173","34,534,670",,  -   ,,"5,431,537",data tidak ada,,,,,,,,,,,
2227,Instagram,Sindonews,SINDOnews,Active,2025,July,670,"480,493","7,940","24,382,404",,  -   ,,"4,623,278","497,545",69.60%,30.40%,,-,7.70%,34.00%,34.20%,16.10%,5.30%,2.70%,Demografi by Followers
2228,Instagram,Sindonews,SINDOnews,Active,2025,August,685,"489,225","9,965","34,197,892",,  -   ,,"5,542,382","550,297",69.70%,30.30%,,-,7.40%,33.90%,34.30%,16.30%,5.40%,2.70%,Demografi by Followers
2229,Instagram,Sindonews,SINDOnews,Active,2025,September,671,"500,646","14,612","41,272,199",,  -   ,,"5,502,909","605,585",69.90%,30.10%,,-,7.20%,33.50%,34.40%,16.70%,5.50%,2.70%,Demografi by Followers
2230,Instagram,Sindonews,SINDOnews,Active,2025,October,796,"509,487","11,866","39,597,017",,  -   ,,"7,409,984","670,848",69.80%,30.20%,,-,6.90%,33.30%,34.50%,17.00%,5.60%,2.70%,Demografi by Followers
2231,Instagram,Sindonews,SINDOnews,Active,2025,November,860,"515,942","9,138","28,451,483",,  -   ,,"4,790,241","555,749",69.80%,30.20%,,,6.70%,33.00%,34.60%,17.20%,5.70%,2.80%,Demografi by Followers
2232,Instagram,Sindonews,SINDOnews,Active,2025,December,"1,147","527,001","14,795","37,713,762",,  -   ,,"8,232,895","1,287,201",69.50%,30.50%,,,6.30%,32.90%,34.60%,17.40%,5.90%,2.80%,Demografi by Followers
2233,Instagram,Sindonews,SINDOnews,Active,2026,January,"1,430","543,989","18,684","47,382,723",,  -   ,,"7,889,687","1,394,834",69.50%,30.50%,,,6.30%,32.70%,34.80%,17.50%,5.90%,2.80%,Demografi by Followers
2234,Instagram,Sindonews,SINDOnews,Active,2026,February,"1,389","555,457","14,491","49,113,145",,  -   ,,"7,838,903","2,213,769",69.40%,30.60%,,,6.30%,32.50%,34.80%,17.70%,5.90%,2.80%,Demografi by Followers
2235,Instagram,Sindonews,SINDOnews,Active,2026,March,"1,550","568,332","15,883","71,681,000",,  -   ,,"7,609,668","2,009,968",69.60%,30.40%,,,6.10%,32.20%,35.00%,17.90%,6.00%,2.80%,Demografi by Followers
2236,Instagram,Sindonews,SINDOnews,Active,2026,April,"1,633","575,190","10,574","51,458,766",,  -   ,,"6,288,469","1,418,428",69.70%,30.30%,,,6.10%,31.90%,35.10%,18.00%,6.10%,2.80%,Demografi by Followers
2237,Instagram,Sindonews,SINDOnews,Active,2026,May,"1,520","575,992","10,529","38,898,710",,  -   ,,"5,656,237","1,194,302",69.70%,30.30%,,,5.90%,31.80%,35.10%,18.20%,6.20%,2.80%,Demografi by Followers
2238,Instagram,Sindonews,SINDOnews,Active,2026,June,"1,303","584,298","12,157","47,983,815",,  -   ,,"10,872,728","1,344,730",69.80%,30.20%,,,5.90%,31.50%,34.90%,18.50%,6.30%,2.90%,Demografi by Followers
2239,Instagram,Sindonews,SINDOnews,Active,2026,July,"1,477","594,262","13,464","45,732,353",,  -   ,,"8,489,968","1,655,652",69.60%,30.40%,,,5.80%,31.30%,35.00%,18.60%,6.40%,2.90%,Demografi by Followers
2240,Instagram,Sindonews,SINDOnews,Active,2026,August,,,,,,  -   ,,,,,,,,,,,,,,
2241,Instagram,Sindonews,SINDOnews,Active,2026,September,,,,,,  -   ,,,,,,,,,,,,,,
2242,Instagram,Sindonews,SINDOnews,Active,2026,October,,,,,,  -   ,,,,,,,,,,,,,,
2243,Instagram,Sindonews,SINDOnews,Active,2026,November,,,,,,  -   ,,,,,,,,,,,,,,
2244,Instagram,Sindonews,SINDOnews,Active,2026,December,,,,,,  -   ,,,,,,,,,,,,,,
2257,Tiktok,IDX Channel,IDX CHANNEL,Active,2024,January,150,-,data tidak ada,data tidak ada,,  -   ,,,,,,,,,,,,,,
2258,Tiktok,IDX Channel,IDX CHANNEL,Active,2024,February,161,-,data tidak ada,data tidak ada,,  -   ,,,,,,,,,,,,,,
2259,Tiktok,IDX Channel,IDX CHANNEL,Active,2024,March,138,-,data tidak ada,data tidak ada,,  -   ,,,,,,,,,,,,,,
2260,Tiktok,IDX Channel,IDX CHANNEL,Active,2024,April,122,-,data tidak ada,data tidak ada,,  -   ,,,,,,,,,,,,,,
2261,Tiktok,IDX Channel,IDX CHANNEL,Active,2024,May,87,"995,334",data tidak ada,data tidak ada,,  -   ,,,,,,,,,,,,,,
2262,Tiktok,IDX Channel,IDX CHANNEL,Active,2024,June,131,"995,435",101,"4,941,809",,  -   ,,,,,,,,,,,,,,
2263,Tiktok,IDX Channel,IDX CHANNEL,Active,2024,July,143,"995,604",169,"6,595,554",,  -   ,,,,,,,,,,,,,,
2264,Tiktok,IDX Channel,IDX CHANNEL,Active,2024,August,131,"997,321","1,717","4,737,731",,  -   ,,,,,,,,,,,,,,
2265,Tiktok,IDX Channel,IDX CHANNEL,Active,2024,September,165,"1,005,203","7,882","11,802,684",,  -   ,,,,,,,,,,,,,,
2266,Tiktok,IDX Channel,IDX CHANNEL,Active,2024,October,319,"1,029,150","23,947","35,831,194",,  -   ,,,,,,,,,,,,,,
2267,Tiktok,IDX Channel,IDX CHANNEL,Active,2024,November,227,"1,070,303","41,153","52,236,652",,  -   ,,,,,,,,,,,,,,
2268,Tiktok,IDX Channel,IDX CHANNEL,Active,2024,December,183,"1,092,292","21,989","20,717,184",,  -   ,,,,,,,,,,,,,,
2269,Tiktok,IDX Channel,IDX CHANNEL,Active,2025,January,136,"1,116,399","24,107","29,557,689",,  -   ,,"26,612,939",,,,,,,,,,,,
2270,Tiktok,IDX Channel,IDX CHANNEL,Active,2025,February,99,"1,145,650","29,251","29,098,106",,  -   ,,"26,957,468",,,,,,,,,,,,
2271,Tiktok,IDX Channel,IDX CHANNEL,Active,2025,March,89,"1,148,407","2,757","5,400,568",,  -   ,,"4,486,226",,,,,,,,,,,,
2272,Tiktok,IDX Channel,IDX CHANNEL,Active,2025,April,120,"1,158,456","10,049","15,486,710",,  -   ,,"14,520,879",,,,,,,,,,,,
2273,Tiktok,IDX Channel,IDX CHANNEL,Active,2025,May,202,"1,179,753","21,297","13,165,114",,  -   ,,"12,037,657",,,,,,,,,,,,
2274,Tiktok,IDX Channel,IDX CHANNEL,Active,2025,June,220,"1,184,249","4,496","10,684,430",,  -   ,,"9,162,894",,,,,,,,,,,,
2275,Tiktok,IDX Channel,IDX CHANNEL,Active,2025,July,220,"1,219,976","38,261","17,064,252",,  -   ,,"15,985,301","547,125",60.00%,35.00%,5.00%,-,23.20%,49.00%,18.60%,6.60%,2.60%,-,Demografi by Followers
2276,Tiktok,IDX Channel,IDX CHANNEL,Active,2025,August,263,"1,262,930","42,353","34,332,801",,  -   ,,"29,732,250","1,024,520",60.00%,35.00%,5.00%,-,22.90%,48.60%,18.70%,6.90%,2.90%,-,Demografi by Followers
2277,Tiktok,IDX Channel,IDX CHANNEL,Active,2025,September,140,"1,289,403","27,471","18,949,295",,  -   ,,"16,738,630","750,345",60.00%,35.00%,5.00%,-,23.00%,48.60%,18.60%,6.90%,2.90%,-,Demografi by Followers
2278,Tiktok,IDX Channel,IDX CHANNEL,Active,2025,October,155,"1,311,711","18,193","19,985,152",,  -   ,,"19,712,660","493,236",60.00%,35.00%,5.00%,-,22.70%,48.80%,18.60%,6.90%,3.00%,-,Demografi by Followers
2279,Tiktok,IDX Channel,IDX CHANNEL,Active,2025,November,137,"1,317,860","6,042","5,469,041",,  -   ,,"4,457,640","102,216",60.00%,35.00%,5.00%,-,22.50%,48.90%,18.60%,7.00%,3.00%,-,Demografi by Followers
2280,Tiktok,IDX Channel,IDX CHANNEL,Active,2025,December,118,"1,337,439","19,579","8,533,218",,  -   ,,"8,233,617","312,505",61.00%,34.00%,5.00%,-,22.40%,49.20%,18.50%,6.90%,3.00%,-,Demografi by Followers
2281,Tiktok,IDX Channel,IDX CHANNEL,Active,2026,January,187,"1,381,436","43,997","17,585,398",,  -   ,,"17,245,241","630,337",62.00%,34.00%,4.00%,-,22.50%,49.20%,18.40%,6.90%,3.00%,-,Demografi by Followers
2282,Tiktok,IDX Channel,IDX CHANNEL,Active,2026,February,228,"1,394,044","12,608","14,410,363",,  -   ,,"14,042,448","378,779",62.00%,34.00%,4.00%,-,22.30%,49.30%,18.50%,6.90%,3.00%,-,Demografi by Followers
2283,Tiktok,IDX Channel,IDX CHANNEL,Active,2026,March,297,"1,418,092","24,048","49,006,334",,  -   ,,"48,531,268","1,305,895",62.00%,34.00%,4.00%,-,21.90%,49.20%,18.70%,7.10%,3.10%,-,Demografi by Followers
2284,Tiktok,IDX Channel,IDX CHANNEL,Active,2026,April,307,"1,438,168","20,076","38,555,214",,  -   ,,"38,093,329","1,232,078",62.00%,34.00%,4.00%,-,21.80%,49.20%,18.70%,7.10%,3.20%,-,Demografi by Followers
2285,Tiktok,IDX Channel,IDX CHANNEL,Active,2026,May,299,"1,446,375","8,207","18,137,564",,  -   ,,"17,566,474","421,007",62.00%,34.00%,4.00%,-,21.60%,49.40%,18.70%,7.10%,3.20%,-,Demografi by Followers
2286,Tiktok,IDX Channel,IDX CHANNEL,Active,2026,June,256,"1,456,527","9,898","22,750,581",,  -   ,,"22,248,627","772,731",63.00%,33.00%,4.00%,-,21.40%,49.40%,18.80%,7.20%,3.20%,-,Demografi by Followers
2287,Tiktok,IDX Channel,IDX CHANNEL,Active,2026,July,376,"1,471,384","14,857","23,746,932",,  -   ,,"23,171,847","832,385",63.00%,33.00%,4.00%,-,21.30%,49.30%,18.90%,7.20%,3.30%,-,Demografi by Followers
2288,Tiktok,IDX Channel,IDX CHANNEL,Active,2026,August,,,,,,  -   ,,,,,,,,,,,,,,
2289,Tiktok,IDX Channel,IDX CHANNEL,Active,2026,September,,,,,,  -   ,,,,,,,,,,,,,,
2290,Tiktok,IDX Channel,IDX CHANNEL,Active,2026,October,,,,,,  -   ,,,,,,,,,,,,,,
2291,Tiktok,IDX Channel,IDX CHANNEL,Active,2026,November,,,,,,  -   ,,,,,,,,,,,,,,
2292,Tiktok,IDX Channel,IDX CHANNEL,Active,2026,December,,,,,,  -   ,,,,,,,,,,,,,,
2305,Tiktok,iNews,iNews Premium Sports,Active,2024,January,-,"1,595,299","-3,438","4,136,629",,  -   ,,,,,,,,,,,,,,
2306,Tiktok,iNews,iNews Premium Sports,Active,2024,February,1,"1,592,527","-2,772","4,319,261",,  -   ,,,,,,,,,,,,,,
2307,Tiktok,iNews,iNews Premium Sports,Active,2024,March,-,"1,589,250","-3,277","4,635,310",,  -   ,,,,,,,,,,,,,,
2308,Tiktok,iNews,iNews Premium Sports,Active,2024,April,-,"1,585,417","-3,833","6,490,697",,  -   ,,,,,,,,,,,,,,
2309,Tiktok,iNews,iNews Premium Sports,Active,2024,May,-,"1,573,260","-12,157","4,334,591",,  -   ,,,,,,,,,,,,,,
2310,Tiktok,iNews,iNews Premium Sports,Active,2024,June,1,"1,564,815","-8,445","4,731,057",,  -   ,,,,,,,,,,,,,,
2311,Tiktok,iNews,iNews Premium Sports,Active,2024,July,-,"1,559,077","-5,738","898,276",,  -   ,,,,,,,,,,,,,,
2312,Tiktok,iNews,iNews Premium Sports,Active,2024,August,-,"1,554,843","-4,234","1,610,934",,  -   ,,,,,,,,,,,,,,
2313,Tiktok,iNews,iNews Premium Sports,Active,2024,September,37,"1,551,541","-3,302","5,591,125",,  -   ,,,,,,,,,,,,,,
2314,Tiktok,iNews,iNews Premium Sports,Active,2024,October,7,"1,547,055","-4,486","2,501,247",,  -   ,,,,,,,,,,,,,,
2315,Tiktok,iNews,iNews Premium Sports,Active,2024,November,7,"1,542,579","-4,476","2,392,934",,  -   ,,,,,,,,,,,,,,
2316,Tiktok,iNews,iNews Premium Sports,Active,2024,December,37,"1,538,534","-4,045","3,940,747",,  -   ,,,,,,,,,,,,,,
2317,Tiktok,iNews,iNews Premium Sports,Active,2025,January,22,"1,534,692","-3,842","3,005,434",,  -   ,,,,,,,,,,,,,,
2318,Tiktok,iNews,iNews Premium Sports,Active,2025,February,3,"1,531,778","-2,914","3,021,331",,  -   ,,,,,,,,,,,,,,
2319,Tiktok,iNews,iNews Premium Sports,Active,2025,March,-,"1,528,228","-3,550","2,337,395.00",,  -   ,,,,,,,,,,,,,,
2320,Tiktok,iNews,iNews Premium Sports,Active,2025,April,-,"1,525,031","-3,197","2,215,093",,  -   ,,,,,,,,,,,,,,
2321,Tiktok,iNews,iNews Premium Sports,Active,2025,May,-,"1,521,635","-3,396","2,254,057",,  -   ,,,,,,,,,,,,,,
2322,Tiktok,iNews,iNews Premium Sports,Active,2025,June,-,"1,518,517","-3,118","1,975,628",,  -   ,,,,,,,,,,,,,,
2323,Tiktok,iNews,iNews Premium Sports,Active,2025,July,0,"1,516,395","-1,778","2,618,624",,  -   ,,"2,172,804","22,753",50.00%,44.00%,6.00%,-,27.10%,48.20%,17.30%,5.40%,2.00%,-,Demografi by Followers
2324,Tiktok,iNews,iNews Premium Sports,Active,2025,August,1,"1,514,933","-1,457","1,884,353",,  -   ,,"1,499,402","21,618",50.00%,44.00%,6.00%,-,27.00%,48.00%,17.40%,5.50%,2.10%,-,Demografi by Followers
2325,Tiktok,iNews,iNews Premium Sports,Active,2025,September,5,"1,513,520","-1,410","2,146,062",,  -   ,,"1,682,578","22,167",50.00%,44.00%,6.00%,-,26.90%,48.10%,17.40%,5.50%,2.10%,-,Demografi by Followers
2326,Tiktok,iNews,iNews Premium Sports,Active,2025,October,3,"1,512,285","-1,148","2,452,447",,  -   ,,"2,106,912","29,664",50.00%,44.00%,6.00%,-,26.70%,48.10%,17.50%,5.60%,2.10%,-,Demografi by Followers
2327,Tiktok,iNews,iNews Premium Sports,Active,2025,November,1,"1,510,700","-1,527","1,754,250",,  -   ,,"1,375,427","17,059",50.00%,44.00%,6.00%,-,26.60%,48.10%,17.60%,5.60%,2.10%,-,Demografi by Followers
2328,Tiktok,iNews,iNews Premium Sports,Active,2025,December,154,"1,511,693",993,"7,174,847",,  -   ,,"6,899,818","190,321",50.00%,44.00%,6.00%,-,26.40%,48.30%,17.60%,5.60%,2.10%,-,Demografi by Followers
2329,Tiktok,iNews,iNews Premium Sports,Active,2026,January,1,"1,509,936","-1,757","1,431,007",,  -   ,,"1,095,897","14,844",50.00%,44.00%,6.00%,-,26.30%,48.10%,17.70%,5.70%,2.20%,-,Demografi by Followers
2330,Tiktok,iNews,iNews Premium Sports,Active,2026,February,0,"1,508,525","-1,411","2,369,091",,  -   ,,"2,009,234","20,309",50.00%,44.00%,6.00%,-,26.20%,48.10%,17.80%,5.70%,2.20%,-,Demografi by Followers
2331,Tiktok,iNews,iNews Premium Sports,Active,2026,March,0,"1,506,988","-1,537","1,671,540",,  -   ,,"1,332,496","14,992",50.00%,44.00%,6.00%,-,26.10%,48.20%,17.80%,5.70%,2.20%,-,Demografi by Followers
2332,Tiktok,iNews,iNews Premium Sports,Active,2026,April,0,"1,505,456","-1,532","1,206,661",,  -   ,,"891,692","10,606",50.00%,44.00%,6.00%,-,26.00%,48.10%,17.90%,5.80%,2.20%,-,Demografi by Followers
2333,Tiktok,iNews,iNews Premium Sports,Active,2026,May,0,"1,503,923","-1,533","1,562,487",,  -   ,,"1,239,095","12,117",50.00%,44.00%,6.00%,-,26.00%,48.10%,17.90%,5.80%,2.20%,-,Demografi by Followers
2334,Tiktok,iNews,iNews Premium Sports,Active,2026,June,0,"1,502,392","-1,457","1,289,744",,  -   ,,"978,367","8,755",51.00%,43.00%,6.00%,-,25.90%,48.00%,18.00%,5.90%,2.20%,-,Demografi by Followers
2335,Tiktok,iNews,iNews Premium Sports,Active,2026,July,0,"1,500,888","-1,504","819,530",,  -   ,,"519,531","5,822",51.00%,43.00%,6.00%,-,25.80%,48.00%,18.10%,5.90%,2.20%,-,Demografi by Followers
2336,Tiktok,iNews,iNews Premium Sports,Active,2026,August,,,,,,  -   ,,,,,,,,,,,,,,
2337,Tiktok,iNews,iNews Premium Sports,Active,2026,September,,,,,,  -   ,,,,,,,,,,,,,,
2338,Tiktok,iNews,iNews Premium Sports,Active,2026,October,,,,,,  -   ,,,,,,,,,,,,,,
2339,Tiktok,iNews,iNews Premium Sports,Active,2026,November,,,,,,  -   ,,,,,,,,,,,,,,
2340,Tiktok,iNews,iNews Premium Sports,Active,2026,December,,,,,,  -   ,,,,,,,,,,,,,,
2353,Tiktok,iNews,MNC Trijaya,Active,2024,January,140,"1,868,671","-3,897","2,562,646",,  -   ,,,,,,,,,,,,,,
2354,Tiktok,iNews,MNC Trijaya,Active,2024,February,111,"1,865,782","-2,889","1,885,153",,  -   ,,,,,,,,,,,,,,
2355,Tiktok,iNews,MNC Trijaya,Active,2024,March,125,"1,861,845","-3,937","1,609,172",,  -   ,,,,,,,,,,,,,,
2356,Tiktok,iNews,MNC Trijaya,Active,2024,April,114,"1,855,769","-6,076","663,151",,  -   ,,,,,,,,,,,,,,
2357,Tiktok,iNews,MNC Trijaya,Active,2024,May,101,"1,842,692","-13,077","585,749",,  -   ,,,,,,,,,,,,,,
2358,Tiktok,iNews,MNC Trijaya,Active,2024,June,79,"1,829,727","-12,965","390,432",,  -   ,,,,,,,,,,,,,,
2359,Tiktok,iNews,MNC Trijaya,Active,2024,July,23,"1,823,462","-6,265","172,204",,  -   ,,,,,,,,,,,,,,
2360,Tiktok,iNews,MNC Trijaya,Active,2024,August,67,"1,820,892","-2,570","2,314,092",,  -   ,,,,,,,,,,,,,,
2361,Tiktok,iNews,MNC Trijaya,Active,2024,September,59,"1,815,675","-5,217","371,293",,  -   ,,,,,,,,,,,,,,
2362,Tiktok,iNews,MNC Trijaya,Active,2024,October,54,"1,810,553","-5,122","697,659",,  -   ,,,,,,,,,,,,,,
2363,Tiktok,iNews,MNC Trijaya,Active,2024,November,43,"1,806,488","-4,065","1,725,628",,  -   ,,,,,,,,,,,,,,
2364,Tiktok,iNews,MNC Trijaya,Active,2024,December,22,"1,801,881","-4,607","1,242,584",,  -   ,,,,,,,,,,,,,,
2365,Tiktok,iNews,MNC Trijaya,Active,2025,January,20,"1,801,963",82,"4,404,405",,  -   ,,,,,,,,,,,,,,
2366,Tiktok,iNews,MNC Trijaya,Active,2025,February,23,"1,805,628","3,665","5,482,697",,  -   ,,,,,,,,,,,,,,
2367,Tiktok,iNews,MNC Trijaya,Active,2025,March,35,"1,805,468",-160,"5,709,207",,  -   ,,,,,,,,,,,,,,
2368,Tiktok,iNews,MNC Trijaya,Active,2025,April,37,"1,802,455","-3,013","1,055,767",,  -   ,,,,,,,,,,,,,,
2369,Tiktok,iNews,MNC Trijaya,Active,2025,May,35,"1,801,680",-775,"7,239,686",,  -   ,,,,,,,,,,,,,,
2370,Tiktok,iNews,MNC Trijaya,Active,2025,June,32,"1,798,892","-2,788","5,062,192",,  -   ,,,,,,,,,,,,,,
2371,Tiktok,iNews,MNC Trijaya,Active,2025,July,67,"1,800,065","1,669","4,518,828",,  -   ,,"3,361,854","87,065",52.00%,39.00%,9.00%,-,27.00%,46.00%,17.30%,6.70%,3.00%,-,Demografi by Followers
2372,Tiktok,iNews,MNC Trijaya,Active,2025,August,114,"1,855,931","53,025","45,052,490",,  -   ,,"35,250,273","1,054,040",52.00%,39.00%,9.00%,-,26.50%,45.60%,17.70%,7.10%,3.10%,-,Demografi by Followers
2373,Tiktok,iNews,MNC Trijaya,Active,2025,September,170,"1,876,023","22,957","40,928,185",,  -   ,,"32,910,441","1,234,091",52.00%,39.00%,9.00%,-,25.90%,45.20%,18.00%,7.50%,3.40%,-,Demografi by Followers
2374,Tiktok,iNews,MNC Trijaya,Active,2025,October,158,"1,894,516","12,151","48,514,991",,  -   ,,"56,330,945","1,514,799",52.00%,39.00%,9.00%,-,25.60%,45.00%,18.20%,7.70%,3.50%,-,Demografi by Followers
2375,Tiktok,iNews,MNC Trijaya,Active,2025,November,83,"1,902,165","6,981","18,391,920",,  -   ,,"16,861,133","498,269",53.00%,38.00%,9.00%,-,25.40%,44.90%,18.30%,7.80%,3.60%,-,Demografi by Followers
2376,Tiktok,iNews,MNC Trijaya,Active,2025,December,55,"1,900,627","98,664","2,783,914",,  -   ,,"2,783,914","70,313",53.00%,38.00%,9.00%,-,25.10%,44.90%,18.40%,7.90%,3.70%,-,Demografi by Followers
2377,Tiktok,iNews,MNC Trijaya,Active,2026,January,48,"1,898,926","-1,701","3,872,222",,  -   ,,"3,783,193","113,996",53.00%,38.00%,9.00%,-,25.10%,44.90%,18.40%,7.90%,3.70%,-,Demografi by Followers
2378,Tiktok,iNews,MNC Trijaya,Active,2026,February,40,"1,908,928","10,002","20,603,730",,  -   ,,"20,481,742","466,407",53.00%,38.00%,9.00%,-,25.00%,44.80%,18.50%,8.00%,3.70%,-,Demografi by Followers
2379,Tiktok,iNews,MNC Trijaya,Active,2026,March,8,"1,907,328","-1,600","4,998,356",,  -   ,,"4,878,694","222,461",53.00%,38.00%,9.00%,-,24.90%,44.90%,18.50%,8.00%,3.70%,-,Demografi by Followers
2380,Tiktok,iNews,MNC Trijaya,Active,2026,April,1,"1,904,552","-2,776","482,596",,  -   ,,"387,531","7,129",53.00%,38.00%,9.00%,-,24.80%,44.80%,18.60%,8.00%,3.80%,-,Demografi by Followers
2381,Tiktok,iNews,MNC Trijaya,Active,2026,May,80,"1,901,744","-2,808","915,146",,  -   ,,"796,852","14,454",53.00%,38.00%,9.00%,-,24.70%,44.80%,18.60%,8.10%,3.80%,-,Demografi by Followers
2382,Tiktok,iNews,MNC Trijaya,Active,2026,June,85,"1,900,269","-1,369","6,956,841",,  -   ,,"6,802,706","30,375",53.00%,38.00%,9.00%,-,24.60%,44.90%,18.60%,8.10%,3.80%,-,Demografi by Followers
2383,Tiktok,iNews,MNC Trijaya,Active,2026,July,11,"1,898,650","-1,619","432,367",,  -   ,,"310,897","4,888",53.00%,38.00%,9.00%,-,24.50%,44.70%,18.70%,8.20%,3.90%,-,Demografi by Followers
2384,Tiktok,iNews,MNC Trijaya,Active,2026,August,,,,,,  -   ,,,,,,,,,,,,,,
2385,Tiktok,iNews,MNC Trijaya,Active,2026,September,,,,,,  -   ,,,,,,,,,,,,,,
2386,Tiktok,iNews,MNC Trijaya,Active,2026,October,,,,,,  -   ,,,,,,,,,,,,,,
2387,Tiktok,iNews,MNC Trijaya,Active,2026,November,,,,,,  -   ,,,,,,,,,,,,,,
2388,Tiktok,iNews,MNC Trijaya,Active,2026,December,,,,,,  -   ,,,,,,,,,,,,,,
2401,Tiktok,iNews,Official iNews,Active,2024,January,514,"7,522,349","101,792","240,152,299",,  -   ,,,,,,,,,,,,,,
2402,Tiktok,iNews,Official iNews,Active,2024,February,566,"7,661,946","139,597","319,341,418",,  -   ,,,,,,,,,,,,,,
2403,Tiktok,iNews,Official iNews,Active,2024,March,591,"7,706,205","44,259","192,312,044",,  -   ,,,,,,,,,,,,,,
2404,Tiktok,iNews,Official iNews,Active,2024,April,521,"7,737,283","31,078","169,543,942",,  -   ,,,,,,,,,,,,,,
2405,Tiktok,iNews,Official iNews,Active,2024,May,617,"7,798,725","61,442","259,267,943",,  -   ,,,,,,,,,,,,,,
2406,Tiktok,iNews,Official iNews,Active,2024,June,534,"7,856,050","57,325","239,407,547",,  -   ,,,,,,,,,,,,,,
2407,Tiktok,iNews,Official iNews,Active,2024,July,550,"7,926,801","70,751","203,213,180",,  -   ,,,,,,,,,,,,,,
2408,Tiktok,iNews,Official iNews,Active,2024,August,492,"7,990,398","63,597","161,528,411",,  -   ,,,,,,,,,,,,,,
2409,Tiktok,iNews,Official iNews,Active,2024,September,670,"8,120,181","129,783","222,448,965",,  -   ,,,,,,,,,,,,,,
2410,Tiktok,iNews,Official iNews,Active,2024,October,736,"8,198,513","78,332","279,746,053",,  -   ,,,,,,,,,,,,,,
2411,Tiktok,iNews,Official iNews,Active,2024,November,577,"8,326,193","127,680","358,279,154",,  -   ,,,,,,,,,,,,,,
2412,Tiktok,iNews,Official iNews,Active,2024,December,486,"8,416,841","90,648","322,774,492",,  -   ,,,,,,,,,,,,,,
2413,Tiktok,iNews,Official iNews,Active,2025,January,537,"8,614,048","197,207","565,188,837",,  -   ,,,,,,,,,,,,,,
2414,Tiktok,iNews,Official iNews,Active,2025,February,613,"8,738,087","124,039","361,370,985",,  -   ,,,,,,,,,,,,,,
2415,Tiktok,iNews,Official iNews,Active,2025,March,595,"8,790,464","52,377","271,809,734",,  -   ,,,,,,,,,,,,,,
2416,Tiktok,iNews,Official iNews,Active,2025,April,464,"8,860,438","69,974","304,330,891",,  -   ,,,,,,,,,,,,,,
2417,Tiktok,iNews,Official iNews,Active,2025,May,589,"8,994,550","134,112","377,870,669",,  -   ,,,,,,,,,,,,,,
2418,Tiktok,iNews,Official iNews,Active,2025,June,443,"9,097,730","103,180","348,584,293",,  -   ,,,,,,,,,,,,,,
2419,Tiktok,iNews,Official iNews,Active,2025,July,484,"9,606,353","486,284","542,666,965",,  -   ,,"511,317,382","16,829,061",50.00%,46.00%,4.00%,-,24.50%,42.20%,19.40%,9.00%,4.90%,-,Demografi by Followers
2420,Tiktok,iNews,Official iNews,Active,2025,August,518,"10,189,843","557,787","1,052,056,188",,  -   ,,"949,609,932","37,136,315",50.00%,46.00%,4.00%,-,24.10%,41.90%,19.60%,9.30%,5.10%,-,Demografi by Followers
2421,Tiktok,iNews,Official iNews,Active,2025,September,510,"10,563,615","405,169","1,040,345,290",,  -   ,,"932,893,416","34,051,400",51.00%,45.00%,4.00%,-,23.60%,41.70%,19.80%,9.60%,5.30%,-,Demografi by Followers
2422,Tiktok,iNews,Official iNews,Active,2025,October,547,"10,957,042","395,116","1,026,697,397",,  -   ,,"947,528,868","35,328,616",51.00%,45.00%,4.00%,-,23.40%,41.50%,19.90%,9.70%,5.50%,-,Demografi by Followers
2423,Tiktok,iNews,Official iNews,Active,2025,November,479,"11,296,291","333,168","927,244,635",,  -   ,,"927,244,635","29,786,819",52.00%,44.00%,4.00%,-,23.20%,41.50%,19.90%,9.80%,5.60%,-,Demografi by Followers
2424,Tiktok,iNews,Official iNews,Active,2025,December,660,"11,510,436","214,145","868,101,035",,  -   ,,"862,941,923","31,161,595",51.00%,44.00%,5.00%,-,22.70%,41.50%,20.10%,9.90%,5.80%,-,Demografi by Followers
2425,Tiktok,iNews,Official iNews,Active,2026,January,539,"11,689,340","178,904","751,495,081",,  -   ,,"746,334,186","26,667,579",53.00%,44.00%,3.00%,-,22.20%,41.50%,20.20%,10.10%,6.00%,-,Demografi by Followers
2426,Tiktok,iNews,Official iNews,Active,2026,February,567,"11,828,622","139,282","783,155,413",,  -   ,,"778,182,947","27,210,806",53.00%,44.00%,3.00%,-,22.20%,41.50%,20.20%,10.10%,6.00%,-,Demografi by Followers
2427,Tiktok,iNews,Official iNews,Active,2026,March,638,"11,978,961","150,339","824,988,535",,  -   ,,"819,774,585","27,219,043",53.00%,44.00%,3.00%,-,22.00%,41.50%,20.30%,10.20%,6.00%,-,Demografi by Followers
2428,Tiktok,iNews,Official iNews,Active,2026,April,538,"12,118,167","139,206","856,816,811",,  -   ,,"851,995,505","24,786,698",53.00%,44.00%,3.00%,-,21.80%,41.40%,20.40%,10.30%,6.10%,-,Demografi by Followers
2429,Tiktok,iNews,Official iNews,Active,2026,May,490,"12,203,357","85,190","639,662,772",,  -   ,,"634,441,571","21,524,106",53.00%,44.00%,3.00%,-,21.60%,41.30%,20.50%,10.40%,6.20%,-,Demografi by Followers
2430,Tiktok,iNews,Official iNews,Active,2026,June,462,"12,277,244","73,437","537,206,967",,  -   ,,"532,312,373","16,203,203",54.00%,43.00%,3.00%,-,21.40%,41.30%,20.60%,10.40%,6.30%,-,Demografi by Followers
2431,Tiktok,iNews,Official iNews,Active,2026,July,439,"12,304,352","27,108","380,485,886",,  -   ,,"375,658,958","10,761,597",54.00%,43.00%,3.00%,-,21.20%,41.30%,20.70%,10.50%,6.30%,-,Demografi by Followers
2432,Tiktok,iNews,Official iNews,Active,2026,August,,,,,,  -   ,,,,,,,,,,,,,,
2433,Tiktok,iNews,Official iNews,Active,2026,September,,,,,,  -   ,,,,,,,,,,,,,,
2434,Tiktok,iNews,Official iNews,Active,2026,October,,,,,,  -   ,,,,,,,,,,,,,,
2435,Tiktok,iNews,Official iNews,Active,2026,November,,,,,,  -   ,,,,,,,,,,,,,,
2436,Tiktok,iNews,Official iNews,Active,2026,December,,,,,,  -   ,,,,,,,,,,,,,,
2449,Tiktok,Okezone,Global Radio 88.4 FM Jakarta,Active,2024,January,,-,data tidak ada,,,  -   ,,,,,,,,,,,,,,
2450,Tiktok,Okezone,Global Radio 88.4 FM Jakarta,Active,2024,February,,-,data tidak ada,,,  -   ,,,,,,,,,,,,,,
2451,Tiktok,Okezone,Global Radio 88.4 FM Jakarta,Active,2024,March,,-,data tidak ada,,,  -   ,,,,,,,,,,,,,,
2452,Tiktok,Okezone,Global Radio 88.4 FM Jakarta,Active,2024,April,,-,data tidak ada,,,  -   ,,,,,,,,,,,,,,
2453,Tiktok,Okezone,Global Radio 88.4 FM Jakarta,Active,2024,May,,-,data tidak ada,,,  -   ,,,,,,,,,,,,,,
2454,Tiktok,Okezone,Global Radio 88.4 FM Jakarta,Active,2024,June,,-,data tidak ada,,,  -   ,,,,,,,,,,,,,,
2455,Tiktok,Okezone,Global Radio 88.4 FM Jakarta,Active,2024,July,,"23,551",data tidak ada,,,  -   ,,,,,,,,,,,,,,
2456,Tiktok,Okezone,Global Radio 88.4 FM Jakarta,Active,2024,August,,"23,541",-10,,,  -   ,,,,,,,,,,,,,,
2457,Tiktok,Okezone,Global Radio 88.4 FM Jakarta,Active,2024,September,,"23,508",-33,,,  -   ,,,,,,,,,,,,,,
2458,Tiktok,Okezone,Global Radio 88.4 FM Jakarta,Active,2024,October,,"23,506",-2,,,  -   ,,,,,,,,,,,,,,
2459,Tiktok,Okezone,Global Radio 88.4 FM Jakarta,Active,2024,November,,"23,493",-13,,,  -   ,,,,,,,,,,,,,,
2460,Tiktok,Okezone,Global Radio 88.4 FM Jakarta,Active,2024,December,,"23,460",-33,,,  -   ,,,,,,,,,,,,,,
2461,Tiktok,Okezone,Global Radio 88.4 FM Jakarta,Active,2025,January,,"23,610",150,,,  -   ,,,,,,,,,,,,,,
2462,Tiktok,Okezone,Global Radio 88.4 FM Jakarta,Active,2025,February,,"23,782",172,,,  -   ,,,,,,,,,,,,,,
2463,Tiktok,Okezone,Global Radio 88.4 FM Jakarta,Active,2025,March,,"23,768",-14,,,  -   ,,,,,,,,,,,,,,
2464,Tiktok,Okezone,Global Radio 88.4 FM Jakarta,Active,2025,April,,"23,740",-28,,,  -   ,,,,,,,,,,,,,,
2465,Tiktok,Okezone,Global Radio 88.4 FM Jakarta,Active,2025,May,,"23,753",13,,,  -   ,,,,,,,,,,,,,,
2466,Tiktok,Okezone,Global Radio 88.4 FM Jakarta,Active,2025,June,,"23,762",9,"270,988",,  -   ,,,,,,,,,,,,,,
2467,Tiktok,Okezone,Global Radio 88.4 FM Jakarta,Active,2025,July,,"24,092",299,"1,734,189",,  -   ,,,"89,962",36.00%,63.00%,1.00%,-,32.70%,42.40%,15.80%,6.00%,3.10%,-,Demografi by Followers
2468,Tiktok,Okezone,Global Radio 88.4 FM Jakarta,Active,2025,August,,"24,115",22,"280,606",,  -   ,,,"8,294",37.00%,62.00%,1.00%,-,32.40%,42.60%,15.90%,6.00%,3.10%,-,Demografi by Followers
2469,Tiktok,Okezone,Global Radio 88.4 FM Jakarta,Active,2025,September,,"24,143",28,"190,401",,  -   ,,,"7,846",37.00%,62.00%,1.00%,-,32.20%,42.60%,15.80%,6.20%,3.20%,-,Demografi by Followers
2470,Tiktok,Okezone,Global Radio 88.4 FM Jakarta,Active,2025,October,,"25,260","1,056","4,655,682",,  -   ,,,"142,497",36.00%,63.00%,1.00%,-,30.70%,42.80%,16.60%,6.60%,3.30%,-,Demografi by Followers
2471,Tiktok,Okezone,Global Radio 88.4 FM Jakarta,Active,2025,November,,"25,589",315,"1,884,877",,  -   ,,,"159,513",37.00%,61.00%,2.00%,-,30.30%,42.90%,16.70%,6.70%,3.40%,-,Demografi by Followers
2472,Tiktok,Okezone,Global Radio 88.4 FM Jakarta,Active,2025,December,,"25,725",136,"1,401,295",,  -   ,,,"78,440",37.00%,61.00%,2.00%,-,30.00%,42.70%,17.00%,6.90%,3.40%,-,Demografi by Followers
2473,Tiktok,Okezone,Global Radio 88.4 FM Jakarta,Active,2026,January,,"25,956",231,"1,804,451",,  -   ,,,"125,318",38.00%,61.00%,1.00%,-,29.80%,42.90%,17.00%,6.90%,3.40%,-,Demografi by Followers
2474,Tiktok,Okezone,Global Radio 88.4 FM Jakarta,Active,2026,February,,"26,617",661,"6,519,617",,  -   ,,,"423,496",38.00%,61.00%,1.00%,-,29.50%,43.20%,17.00%,6.90%,3.40%,-,Demografi by Followers
2475,Tiktok,Okezone,Global Radio 88.4 FM Jakarta,Active,2026,March,,"27,115",498,"2,933,742",,  -   ,,,"207,710",38.00%,61.00%,1.00%,-,29.30%,43.10%,17.10%,7.00%,3.50%,-,Demografi by Followers
2476,Tiktok,Okezone,Global Radio 88.4 FM Jakarta,Active,2026,April,,"28,750","1,635","6,164,162",,  -   ,,,"389,954",39.00%,60.00%,1.00%,-,29.00%,43.40%,17.00%,6.90%,3.70%,-,Demografi by Followers
2477,Tiktok,Okezone,Global Radio 88.4 FM Jakarta,Active,2026,May,,"29,052",302,"1,181,582",,  -   ,,,"73,962",39.00%,60.00%,1.00%,-,28.80%,43.20%,17.20%,7.00%,3.80%,-,Demografi by Followers
2478,Tiktok,Okezone,Global Radio 88.4 FM Jakarta,Active,2026,June,,"31,071","2,010","7,579,867",,  -   ,,,"633,868",44.00%,55.00%,1.00%,-,28.40%,43.10%,17.50%,7.10%,3.90%,-,Demografi by Followers
2479,Tiktok,Okezone,Global Radio 88.4 FM Jakarta,Active,2026,July,,"31,534",463,"2,372,676",,  -   ,,,"157,610",44.00%,55.00%,1.00%,-,28.00%,43.30%,17.60%,7.20%,3.90%,-,Demografi by Followers
2480,Tiktok,Okezone,Global Radio 88.4 FM Jakarta,Active,2026,August,,,,,,  -   ,,,,,,,,,,,,,,
2481,Tiktok,Okezone,Global Radio 88.4 FM Jakarta,Active,2026,September,,,,,,  -   ,,,,,,,,,,,,,,
2482,Tiktok,Okezone,Global Radio 88.4 FM Jakarta,Active,2026,October,,,,,,  -   ,,,,,,,,,,,,,,
2483,Tiktok,Okezone,Global Radio 88.4 FM Jakarta,Active,2026,November,,,,,,  -   ,,,,,,,,,,,,,,
2484,Tiktok,Okezone,Global Radio 88.4 FM Jakarta,Active,2026,December,,,,,,  -   ,,,,,,,,,,,,,,
2497,Tiktok,Okezone,Oke Vibes,Active,2024,January,,,,,,  -   ,,,,,,,,,,,,,,
2498,Tiktok,Okezone,Oke Vibes,Active,2024,February,,,,,,  -   ,,,,,,,,,,,,,,
2499,Tiktok,Okezone,Oke Vibes,Active,2024,March,,,,,,  -   ,,,,,,,,,,,,,,
2500,Tiktok,Okezone,Oke Vibes,Active,2024,April,,,,,,  -   ,,,,,,,,,,,,,,
2501,Tiktok,Okezone,Oke Vibes,Active,2024,May,,,,,,  -   ,,,,,,,,,,,,,,
2502,Tiktok,Okezone,Oke Vibes,Active,2024,June,,,,,,  -   ,,,,,,,,,,,,,,
2503,Tiktok,Okezone,Oke Vibes,Active,2024,July,,,,,,  -   ,,,,,,,,,,,,,,
2504,Tiktok,Okezone,Oke Vibes,Active,2024,August,,,,,,  -   ,,,,,,,,,,,,,,
2505,Tiktok,Okezone,Oke Vibes,Active,2024,September,,,,,,  -   ,,,,,,,,,,,,,,
2506,Tiktok,Okezone,Oke Vibes,Active,2024,October,,,,,,  -   ,,,,,,,,,,,,,,
2507,Tiktok,Okezone,Oke Vibes,Active,2024,November,,,,,,  -   ,,,,,,,,,,,,,,
2508,Tiktok,Okezone,Oke Vibes,Active,2024,December,,,,,,  -   ,,,,,,,,,,,,,,
2509,Tiktok,Okezone,Oke Vibes,Active,2025,January,0,"880,481","-1,997","2,772,742",,  -   ,,"2,321,997","18,782",,,,,,,,,,,
2510,Tiktok,Okezone,Oke Vibes,Active,2025,February,0,"882,478","-1,627","1,956,046",,  -   ,,"1,547,658","12,966",,,,,,,,,,,
2511,Tiktok,Okezone,Oke Vibes,Active,2025,March,0,"875,348","-1,816","1,706,236",,  -   ,,"1,296,792","11,785",,,,,,,,,,,
2512,Tiktok,Okezone,Oke Vibes,Active,2025,April,0,"875,669","-1,512","2,904,915",,  -   ,,"2,506,614","19,086",,,,,,,,,,,
2513,Tiktok,Okezone,Oke Vibes,Active,2025,May,0,"873,478","-1,870","1,864,582",,  -   ,,"1,461,947","12,079",,,,,,,,,,,
2514,Tiktok,Okezone,Oke Vibes,Active,2025,June,0,"877,164","-1,688","2,026,151",,  -   ,,"1,681,255","13,805",,,,,,,,,,,
2515,Tiktok,Okezone,Oke Vibes,Active,2025,July,0,"878,852","-1,629","1,866,059",,  -   ,,"1,470,695","10,831",,,,,,,,,,,
2516,Tiktok,Okezone,Oke Vibes,Active,2025,August,0,"873,659","-2,010","1,747,609",,  -   ,,"1,322,817","12,196",,,,,,,,,,,
2517,Tiktok,Okezone,Oke Vibes,Active,2025,September,0,"893,900","-1,905","1,838,744",,  -   ,,"1,403,159","12,490",,,,,,,,,,,
2518,Tiktok,Okezone,Oke Vibes,Active,2025,October,0,"895,805","-1,814","1,680,773",,  -   ,,"1,245,533","10,741",43.00%,50.00%,7.00%,-,27.10%,50.10%,16.00%,4.90%,1.90%,-,Demografi by Followers
2519,Tiktok,Okezone,Oke Vibes,Active,2025,November,34,"873,659",181,"5,794,055",,  -   ,,"5,392,649","123,727",43.00%,50.00%,7.00%,-,27.10%,50.10%,16.00%,4.90%,1.90%,-,Demografi by Followers
2520,Tiktok,Okezone,Oke Vibes,Active,2025,December,103,"876,911","3,252","17,436,308",,  -   ,,"17,048,952","502,848",43.00%,50.00%,7.00%,-,27.00%,50.10%,16.10%,4.90%,1.90%,-,Demografi by Followers
2521,Tiktok,Okezone,Oke Vibes,Active,2026,January,185,"882,535","5,624","28,496,475",,  -   ,,"28,010,847","319,992",43.00%,51.00%,6.00%,-,26.80%,50.00%,16.20%,5.00%,2.00%,-,Demografi by Followers
2522,Tiktok,Okezone,Oke Vibes,Active,2026,February,236,"890,689","8,154","22,086,609",,  -   ,,"21,552,665","563,070",43.00%,51.00%,6.00%,-,26.50%,49.80%,16.40%,5.20%,2.10%,-,Demografi by Followers
2523,Tiktok,Okezone,Oke Vibes,Active,2026,March,246,"893,900","3,211","19,730,445",,  -   ,,"19,179,925","380,986",43.00%,51.00%,6.00%,-,26.30%,49.80%,16.50%,5.30%,2.10%,-,Demografi by Followers
2524,Tiktok,Okezone,Oke Vibes,Active,2026,April,216,"895,820","1,920","14,608,381",,  -   ,,"14,061,572","224,919",43.00%,51.00%,6.00%,-,26.20%,49.60%,16.60%,5.40%,2.20%,-,Demografi by Followers
2525,Tiktok,Okezone,Oke Vibes,Active,2026,May,269,"905,345","9,525","34,150,537",,  -   ,,"33,516,009","768,628",43.00%,51.00%,6.00%,-,25.90%,49.40%,16.80%,5.60%,2.30%,-,Demografi by Followers
2526,Tiktok,Okezone,Oke Vibes,Active,2026,June,228,"913,953","8,233","41,049,786",,  -   ,,"40,446,296","1,246,968",45.00%,49.00%,6.00%,-,25.60%,49.40%,16.90%,5.70%,2.40%,-,Demografi by Followers
2527,Tiktok,Okezone,Oke Vibes,Active,2026,July,291,"926,410","12,457","49,370,252",,  -   ,,"48,692,447","1,700,855",45.00%,49.00%,6.00%,-,25.30%,49.20%,17.10%,5.90%,2.50%,-,Demografi by Followers
2528,Tiktok,Okezone,Oke Vibes,Active,2026,August,,,,,,  -   ,,,,,,,,,,,,,,
2529,Tiktok,Okezone,Oke Vibes,Active,2026,September,,,,,,  -   ,,,,,,,,,,,,,,
2530,Tiktok,Okezone,Oke Vibes,Active,2026,October,,,,,,  -   ,,,,,,,,,,,,,,
2531,Tiktok,Okezone,Oke Vibes,Active,2026,November,,,,,,  -   ,,,,,,,,,,,,,,
2532,Tiktok,Okezone,Oke Vibes,Active,2026,December,,,,,,  -   ,,,,,,,,,,,,,,
2545,Tiktok,Okezone,Okezone,Active,2024,January,15,-,data tidak ada,data tidak ada,,  -   ,,,,,,,,,,,,,,
2546,Tiktok,Okezone,Okezone,Active,2024,February,11,"1,209,209",data tidak ada,data tidak ada,,  -   ,,,,,,,,,,,,,,
2547,Tiktok,Okezone,Okezone,Active,2024,March,10,"1,209,138",-71,"240,654",,  -   ,,,,,,,,,,,,,,
2548,Tiktok,Okezone,Okezone,Active,2024,April,9,"1,207,071","-2,067","6,944,015",,  -   ,,,,,,,,,,,,,,
2549,Tiktok,Okezone,Okezone,Active,2024,May,6,"1,197,768","-9,303","2,703,874",,  -   ,,,,,,,,,,,,,,
2550,Tiktok,Okezone,Okezone,Active,2024,June,1,"1,192,395","-5,373","2,120,369",,  -   ,,,,,,,,,,,,,,
2551,Tiktok,Okezone,Okezone,Active,2024,July,74,"1,189,501","-2,894","3,689,302",,  -   ,,,,,,,,,,,,,,
2552,Tiktok,Okezone,Okezone,Active,2024,August,238,"1,197,004","7,503","12,619,542",,  -   ,,,,,,,,,,,,,,
2553,Tiktok,Okezone,Okezone,Active,2024,September,432,"1,213,005","16,001","20,259,382",,  -   ,,,,,,,,,,,,,,
2554,Tiktok,Okezone,Okezone,Active,2024,October,459,"1,214,555","1,550","11,130,809",,  -   ,,,,,,,,,,,,,,
2555,Tiktok,Okezone,Okezone,Active,2024,November,369,"1,228,507","13,952","33,929,907",,  -   ,,,,,,,,,,,,,,
2556,Tiktok,Okezone,Okezone,Active,2024,December,228,"1,253,622","25,115","54,459,465",,  -   ,,,,,,,,,,,,,,
2557,Tiktok,Okezone,Okezone,Active,2025,January,213,"1,281,675","28,053","43,682,779",,  -   ,,,,,,,,,,,,,,
2558,Tiktok,Okezone,Okezone,Active,2025,February,252,"1,304,983","23,308","50,741,727",,  -   ,,,,,,,,,,,,,,
2559,Tiktok,Okezone,Okezone,Active,2025,March,241,"1,310,772","5,789","29,154,216",,  -   ,,,,,,,,,,,,,,
2560,Tiktok,Okezone,Okezone,Active,2025,April,113,"1,308,667","-2,105","12,094,358",,  -   ,,,,,,,,,,,,,,
2561,Tiktok,Okezone,Okezone,Active,2025,May,163,"1,309,926","1,259","21,539,457",,  -   ,,,,,,,,,,,,,,
2562,Tiktok,Okezone,Okezone,Active,2025,June,224,"1,309,922",-4,"17,881,707",,  -   ,,,,,,,,,,,,,,
2563,Tiktok,Okezone,Okezone,Active,2025,July,275,"1,318,105","10,708","49,761,006",,  -   ,,"45,614,131","1,464,104",50.00%,45.00%,5.00%,-,26.90%,45.10%,17.90%,6.90%,3.20%,-,Demografi by Followers
2564,Tiktok,Okezone,Okezone,Active,2025,August,333,"1,424,046","98,195","175,500,275",,  -   ,,"153,209,264","5,130,208",49.00%,45.00%,6.00%,-,26.30%,44.60%,18.40%,7.30%,3.40%,-,Demografi by Followers
2565,Tiktok,Okezone,Okezone,Active,2025,September,301,"1,474,132","57,891","134,923,370",,  -   ,,"115,984,425","3,725,515",49.00%,45.00%,6.00%,-,25.60%,43.80%,18.80%,7.90%,3.90%,-,Demografi by Followers
2566,Tiktok,Okezone,Okezone,Active,2025,October,442,"1,589,015","105,644","229,752,655",,  -   ,,"227,630,609","7,186,006",51.00%,43.00%,6.00%,-,24.70%,42.90%,19.30%,8.60%,4.50%,-,Demografi by Followers
2567,Tiktok,Okezone,Okezone,Active,2025,November,504,"1,688,848","93,148","189,026,551",,  -   ,,"166,518,030","4,206,907",50.00%,43.00%,7.00%,-,24.00%,42.40%,19.70%,9.10%,4.80%,-,Demografi by Followers
2568,Tiktok,Okezone,Okezone,Active,2025,December,569,"1,805,068","116,220","285,411,273",,  -   ,,"284,117,436","7,226,461",50.00%,43.00%,7.00%,-,22.70%,41.70%,20.30%,9.90%,5.40%,-,Demografi by Followers
2569,Tiktok,Okezone,Okezone,Active,2026,January,345,"1,880,294","75,226","229,167,461",,  -   ,,"227,928,891","6,948,863",51.00%,44.00%,5.00%,-,22.20%,41.50%,20.50%,10.20%,5.60%,-,Demografi by Followers
2570,Tiktok,Okezone,Okezone,Active,2026,February,387,"2,168,309","288,015","718,152,593",,  -   ,,"716,447,146","18,579,849",52.00%,44.00%,4.00%,-,21.60%,40.90%,20.80%,10.60%,6.10%,-,Demografi by Followers
2571,Tiktok,Okezone,Okezone,Active,2026,March,363,"2,270,849","102,540","391,454,540",,  -   ,,"389,918,904","9,415,167",53.00%,43.00%,4.00%,-,21.20%,40.60%,21.00%,10.90%,6.30%,-,Demografi by Followers
2572,Tiktok,Okezone,Okezone,Active,2026,April,381,"2,439,458","168,609","637,997,991",,  -   ,,"636,548,467","17,192,236",52.00%,44.00%,4.00%,-,20.80%,40.40%,21.20%,11.10%,6.50%,-,Demografi by Followers
2573,Tiktok,Okezone,Okezone,Active,2026,May,595,"2,602,063","162,605","661,304,235",,  -   ,,"659,430,960","19,675,080",54.00%,43.00%,3.00%,-,20.40%,40.10%,21.40%,11.30%,6.80%,-,Demografi by Followers
2574,Tiktok,Okezone,Okezone,Active,2026,June,640,"2,758,943","155,321","506,592,883",,  -   ,,"504,674,434","10,912,350",55.00%,42.00%,3.00%,-,19.80%,39.80%,21.70%,11.70%,7.00%,-,Demografi by Followers
2575,Tiktok,Okezone,Okezone,Active,2026,July,848,"2,825,213","66,270","292,162,362",,  -   ,,"290,174,126","7,273,288",55.00%,42.00%,3.00%,-,19.40%,39.60%,21.90%,11.90%,7.20%,-,Demografi by Followers
2576,Tiktok,Okezone,Okezone,Active,2026,August,,,,,,  -   ,,,,,,,,,,,,,,
2577,Tiktok,Okezone,Okezone,Active,2026,September,,,,,,  -   ,,,,,,,,,,,,,,
2578,Tiktok,Okezone,Okezone,Active,2026,October,,,,,,  -   ,,,,,,,,,,,,,,
2579,Tiktok,Okezone,Okezone,Active,2026,November,,,,,,  -   ,,,,,,,,,,,,,,
2580,Tiktok,Okezone,Okezone,Active,2026,December,,,,,,  -   ,,,,,,,,,,,,,,
2593,Tiktok,Okezone,RDI 97.1 FM Jakarta,Active,2024,January,,-,data tidak ada,,,  -   ,,,,,,,,,,,,,,
2594,Tiktok,Okezone,RDI 97.1 FM Jakarta,Active,2024,February,,-,data tidak ada,,,  -   ,,,,,,,,,,,,,,
2595,Tiktok,Okezone,RDI 97.1 FM Jakarta,Active,2024,March,,-,data tidak ada,,,  -   ,,,,,,,,,,,,,,
2596,Tiktok,Okezone,RDI 97.1 FM Jakarta,Active,2024,April,,-,data tidak ada,,,  -   ,,,,,,,,,,,,,,
2597,Tiktok,Okezone,RDI 97.1 FM Jakarta,Active,2024,May,,-,data tidak ada,,,  -   ,,,,,,,,,,,,,,
2598,Tiktok,Okezone,RDI 97.1 FM Jakarta,Active,2024,June,,-,data tidak ada,,,  -   ,,,,,,,,,,,,,,
2599,Tiktok,Okezone,RDI 97.1 FM Jakarta,Active,2024,July,,"83,593",data tidak ada,,,  -   ,,,,,,,,,,,,,,
2600,Tiktok,Okezone,RDI 97.1 FM Jakarta,Active,2024,August,,"83,790",197,,,  -   ,,,,,,,,,,,,,,
2601,Tiktok,Okezone,RDI 97.1 FM Jakarta,Active,2024,September,,"83,986",196,,,  -   ,,,,,,,,,,,,,,
2602,Tiktok,Okezone,RDI 97.1 FM Jakarta,Active,2024,October,,"85,230","1,244",,,  -   ,,,,,,,,,,,,,,
2603,Tiktok,Okezone,RDI 97.1 FM Jakarta,Active,2024,November,,"85,551",321,,,  -   ,,,,,,,,,,,,,,
2604,Tiktok,Okezone,RDI 97.1 FM Jakarta,Active,2024,December,,"87,058","1,507",,,  -   ,,,,,,,,,,,,,,
2605,Tiktok,Okezone,RDI 97.1 FM Jakarta,Active,2025,January,,"87,508",450,,,  -   ,,,,,,,,,,,,,,
2606,Tiktok,Okezone,RDI 97.1 FM Jakarta,Active,2025,February,,"87,941",433,,,  -   ,,,,,,,,,,,,,,
2607,Tiktok,Okezone,RDI 97.1 FM Jakarta,Active,2025,March,,"88,467",526,,,  -   ,,,,,,,,,,,,,,
2608,Tiktok,Okezone,RDI 97.1 FM Jakarta,Active,2025,April,,"88,655",188,,,  -   ,,,,,,,,,,,,,,
2609,Tiktok,Okezone,RDI 97.1 FM Jakarta,Active,2025,May,,"88,966",311,,,  -   ,,,,,,,,,,,,,,
2610,Tiktok,Okezone,RDI 97.1 FM Jakarta,Active,2025,June,,"93,247","4,281","2,844,279",,  -   ,,,,,,,,,,,,,,
2611,Tiktok,Okezone,RDI 97.1 FM Jakarta,Active,2025,July,,"98,897","4,947","5,196,489",,  -   ,,,"102,486",33.00%,66.00%,1.00%,-,23.50%,41.80%,21.00%,9.50%,4.20%,-,Demografi by Followers
2612,Tiktok,Okezone,RDI 97.1 FM Jakarta,Active,2025,August,,"111,013","12,459","12,340,340",,  -   ,,,"424,474",34.00%,64.00%,2.00%,-,22.30%,41.10%,21.90%,10.30%,4.40%,-,Demografi by Followers
2613,Tiktok,Okezone,RDI 97.1 FM Jakarta,Active,2025,September,,"119,289","8,276","10,942,195",,  -   ,,,"254,872",35.00%,63.00%,2.00%,-,21.60%,40.80%,22.40%,10.60%,4.60%,-,Demografi by Followers
2614,Tiktok,Okezone,RDI 97.1 FM Jakarta,Active,2025,October,,"124,825","4,867","8,769,737",,  -   ,,,"332,162",35.00%,62.00%,3.00%,-,21.20%,40.50%,22.70%,10.80%,4.80%,-,Demografi by Followers
2615,Tiktok,Okezone,RDI 97.1 FM Jakarta,Active,2025,November,,"130,023","4,975","10,863,450",,  -   ,,,"347,820",35.00%,62.00%,3.00%,-,20.90%,40.40%,22.80%,11.00%,4.90%,-,Demografi by Followers
2616,Tiktok,Okezone,RDI 97.1 FM Jakarta,Active,2025,December,,"132,554","2,531","5,691,646",,  -   ,,,"231,216",35.00%,61.00%,4.00%,-,20.30%,40.30%,23.20%,11.20%,5.00%,-,Demografi by Followers
2617,Tiktok,Okezone,RDI 97.1 FM Jakarta,Active,2026,January,,"134,771","2,217","3,354,094",,  -   ,,,"78,936",38.00%,61.00%,1.00%,-,19.90%,40.20%,23.40%,11.40%,5.10%,-,Demografi by Followers
2618,Tiktok,Okezone,RDI 97.1 FM Jakarta,Active,2026,February,,"138,388","3,617","3,511,685",,  -   ,,,"153,728",38.00%,61.00%,1.00%,-,19.80%,40.00%,23.50%,11.50%,5.20%,-,Demografi by Followers
2619,Tiktok,Okezone,RDI 97.1 FM Jakarta,Active,2026,March,,"142,314","3,926","7,103,174",,  -   ,,,"190,750",38.00%,61.00%,1.00%,-,19.60%,40.00%,23.60%,11.60%,5.20%,-,Demografi by Followers
2620,Tiktok,Okezone,RDI 97.1 FM Jakarta,Active,2026,April,,"146,813","4,499","8,743,919",,  -   ,,,"342,343",39.00%,60.00%,1.00%,-,19.20%,39.80%,23.80%,11.80%,5.40%,-,Demografi by Followers
2621,Tiktok,Okezone,RDI 97.1 FM Jakarta,Active,2026,May,,"148,966","2,153","4,160,393",,  -   ,,,"157,513",39.00%,60.00%,1.00%,-,18.90%,39.80%,24.00%,11.90%,5.40%,-,Demografi by Followers
2622,Tiktok,Okezone,RDI 97.1 FM Jakarta,Active,2026,June,,"152,154","3,179","5,861,935",,  -   ,,,"157,501",43.00%,56.00%,1.00%,-,18.50%,39.70%,24.30%,12.00%,5.50%,-,Demografi by Followers
2623,Tiktok,Okezone,RDI 97.1 FM Jakarta,Active,2026,July,,"155,252","3,098","2,654,277",,  -   ,,,"83,110",44.00%,55.00%,1.00%,-,18.20%,39.50%,24.40%,12.30%,5.60%,-,Demografi by Followers
2624,Tiktok,Okezone,RDI 97.1 FM Jakarta,Active,2026,August,,,,,,  -   ,,,,,,,,,,,,,,
2625,Tiktok,Okezone,RDI 97.1 FM Jakarta,Active,2026,September,,,,,,  -   ,,,,,,,,,,,,,,
2626,Tiktok,Okezone,RDI 97.1 FM Jakarta,Active,2026,October,,,,,,  -   ,,,,,,,,,,,,,,
2627,Tiktok,Okezone,RDI 97.1 FM Jakarta,Active,2026,November,,,,,,  -   ,,,,,,,,,,,,,,
2628,Tiktok,Okezone,RDI 97.1 FM Jakarta,Active,2026,December,,,,,,  -   ,,,,,,,,,,,,,,
2641,Tiktok,Okezone,V Radio,Active,2024,January,15,"44,045",614,"1,329,861",,  -   ,,,,,,,,,,,,,,
2642,Tiktok,Okezone,V Radio,Active,2024,February,12,"44,097",52,"685,443",,  -   ,,,,,,,,,,,,,,
2643,Tiktok,Okezone,V Radio,Active,2024,March,12,"44,706",609,"1,768,137",,  -   ,,,,,,,,,,,,,,
2644,Tiktok,Okezone,V Radio,Active,2024,April,11,"44,835",129,"886,259",,  -   ,,,,,,,,,,,,,,
2645,Tiktok,Okezone,V Radio,Active,2024,May,4,"44,925",90,"2,327,994",,  -   ,,,,,,,,,,,,,,
2646,Tiktok,Okezone,V Radio,Active,2024,June,3,"44,695",-230,"984,226",,  -   ,,,,,,,,,,,,,,
2647,Tiktok,Okezone,V Radio,Active,2024,July,-,"44,593",-102,"490,690",,  -   ,,,,,,,,,,,,,,
2648,Tiktok,Okezone,V Radio,Active,2024,August,2,"44,621",28,"705,102",,  -   ,,,,,,,,,,,,,,
2649,Tiktok,Okezone,V Radio,Active,2024,September,11,"44,507",-114,"580,100",,  -   ,,,,,,,,,,,,,,
2650,Tiktok,Okezone,V Radio,Active,2024,October,1,"44,460",-47,"662,650",,  -   ,,,,,,,,,,,,,,
2651,Tiktok,Okezone,V Radio,Active,2024,November,4,"44,304",-156,"473,962",,  -   ,,,,,,,,,,,,,,
2652,Tiktok,Okezone,V Radio,Active,2024,December,6,"44,325",21,"1,522,606",,  -   ,,,,,,,,,,,,,,
2653,Tiktok,Okezone,V Radio,Active,2025,January,6,"44,403",78,"1,071,643",,  -   ,,,,,,,,,,,,,,
2654,Tiktok,Okezone,V Radio,Active,2025,February,5,"44,363",-40,"538,181",,  -   ,,,,,,,,,,,,,,
2655,Tiktok,Okezone,V Radio,Active,2025,March,6,"44,424",61,"776,322",,  -   ,,,,,,,,,,,,,,
2656,Tiktok,Okezone,V Radio,Active,2025,April,6,"44,387",-37,"568,399",,  -   ,,,,,,,,,,,,,,
2657,Tiktok,Okezone,V Radio,Active,2025,May,13,"44,305",-82,"535,849",,  -   ,,,,,,,,,,,,,,
2658,Tiktok,Okezone,V Radio,Active,2025,June,14,"44,286",-19,"900,708",,  -   ,,,,,,,,,,,,,,
2659,Tiktok,Okezone,V Radio,Active,2025,July,19,"44,305",28,"998,647",,  -   ,,"918,853","8,582",29.00%,70.00%,1.00%,-,23.70%,45.60%,18.70%,8.50%,3.50%,-,Demografi by Followers
2660,Tiktok,Okezone,V Radio,Active,2025,August,50,"44,547",212,"1,396,599",,  -   ,,"1,254,675","10,498",29.00%,70.00%,1.00%,-,23.50%,45.50%,18.80%,8.60%,3.60%,-,Demografi by Followers
2661,Tiktok,Okezone,V Radio,Active,2025,September,40,"44,922",392,"951,623",,  -   ,,"823,311","12,716",29.00%,70.00%,1.00%,-,23.10%,45.40%,19.10%,8.70%,3.70%,-,Demografi by Followers
2662,Tiktok,Okezone,V Radio,Active,2025,October,58,"45,575",470,"1,600,837",,  -   ,,"1,578,602","34,397",29.00%,70.00%,1.00%,-,22.40%,45.40%,19.40%,9.00%,3.80%,-,Demografi by Followers
2663,Tiktok,Okezone,V Radio,Active,2025,November,62,"45,690",102,"654,504",,  -   ,,"489,306","11,228",29.00%,70.00%,1.00%,-,22.20%,45.50%,19.50%,9.00%,3.80%,-,Demografi by Followers
2664,Tiktok,Okezone,V Radio,Active,2025,December,34,"45,717",27,"696,772",,  -   ,,"598,000","7,572",29.00%,70.00%,1.00%,-,21.80%,45.50%,19.70%,9.10%,3.90%,-,Demografi by Followers
2665,Tiktok,Okezone,V Radio,Active,2026,January,70,"45,775",58,"860,829",,  -   ,,"747,733","8,618",30.00%,69.00%,1.00%,-,21.50%,45.50%,19.80%,9.20%,4.00%,-,Demografi by Followers
2666,Tiktok,Okezone,V Radio,Active,2026,February,139,"46,571",796,"2,067,981",,  -   ,,"1,958,285","102,315",30.00%,69.00%,1.00%,-,21.30%,45.30%,19.90%,9.40%,4.10%,-,Demografi by Followers
2667,Tiktok,Okezone,V Radio,Active,2026,March,181,"46,738",167,"1,262,694",,  -   ,,"1,151,232","21,815",30.00%,69.00%,1.00%,-,21.10%,45.40%,19.90%,9.50%,4.10%,-,Demografi by Followers
2668,Tiktok,Okezone,V Radio,Active,2026,April,112,"46,882",144,"645,970",,  -   ,,"528,971","10,118",30.00%,69.00%,1.00%,-,20.80%,45.30%,20.10%,9.60%,4.20%,-,Demografi by Followers
2669,Tiktok,Okezone,V Radio,Active,2026,May,,"47,053",171,"614,317",,  -   ,,"179,976","10,587",31.00%,68.00%,1.00%,-,20.70%,45.10%,20.20%,9.70%,4.30%,-,Demografi by Followers
2670,Tiktok,Okezone,V Radio,Active,2026,June,,"47,650",592,"1,982,919",,  -   ,,0,"98,360",34.00%,65.00%,1.00%,-,20.60%,44.90%,20.30%,9.80%,4.40%,-,Demografi by Followers
2671,Tiktok,Okezone,V Radio,Active,2026,July,,"47,937",287,"1,261,777",,  -   ,,,"53,340",35.00%,64.00%,1.00%,-,20.30%,45.00%,20.40%,9.90%,4.40%,-,Demografi by Followers
2672,Tiktok,Okezone,V Radio,Active,2026,August,,,,,,  -   ,,,,,,,,,,,,,,
2673,Tiktok,Okezone,V Radio,Active,2026,September,,,,,,  -   ,,,,,,,,,,,,,,
2674,Tiktok,Okezone,V Radio,Active,2026,October,,,,,,  -   ,,,,,,,,,,,,,,
2675,Tiktok,Okezone,V Radio,Active,2026,November,,,,,,  -   ,,,,,,,,,,,,,,
2676,Tiktok,Okezone,V Radio,Active,2026,December,,,,,,  -   ,,,,,,,,,,,,,,
2689,Tiktok,Sindonews,SINDOnews,Active,2024,January,250,-,data tidak ada,data tidak ada,,  -   ,,,,,,,,,,,,,,
2690,Tiktok,Sindonews,SINDOnews,Active,2024,February,222,-,data tidak ada,data tidak ada,,  -   ,,,,,,,,,,,,,,
2691,Tiktok,Sindonews,SINDOnews,Active,2024,March,144,-,data tidak ada,data tidak ada,,  -   ,,,,,,,,,,,,,,
2692,Tiktok,Sindonews,SINDOnews,Active,2024,April,194,-,data tidak ada,data tidak ada,,  -   ,,,,,,,,,,,,,,
2693,Tiktok,Sindonews,SINDOnews,Active,2024,May,217,"2,510,237",data tidak ada,data tidak ada,,  -   ,,,,,,,,,,,,,,
2694,Tiktok,Sindonews,SINDOnews,Active,2024,June,137,"2,501,680","-8,557","1,523,639",,  -   ,,,,,,,,,,,,,,
2695,Tiktok,Sindonews,SINDOnews,Active,2024,July,93,"2,498,325","-3,355","6,280,179",,  -   ,,,,,,,,,,,,,,
2696,Tiktok,Sindonews,SINDOnews,Active,2024,August,117,"2,496,679","-1,646","6,820,864",,  -   ,,,,,,,,,,,,,,
2697,Tiktok,Sindonews,SINDOnews,Active,2024,September,314,"2,494,449","-2,230","6,280,061",,  -   ,,,,,,,,,,,,,,
2698,Tiktok,Sindonews,SINDOnews,Active,2024,October,394,"2,500,316","5,867","17,544,785",,  -   ,,,,,,,,,,,,,,
2699,Tiktok,Sindonews,SINDOnews,Active,2024,November,366,"2,513,654","13,338","25,270,860",,  -   ,,,,,,,,,,,,,,
2700,Tiktok,Sindonews,SINDOnews,Active,2024,December,190,"2,526,770","13,116","20,650,605",,  -   ,,,,,,,,,,,,,,
2701,Tiktok,Sindonews,SINDOnews,Active,2025,January,182,"2,555,707","28,937","43,828,914",,  -   ,,,,,,,,,,,,,,
2702,Tiktok,Sindonews,SINDOnews,Active,2025,February,201,"2,559,155","3,448","13,608,502",,  -   ,,,,,,,,,,,,,,
2703,Tiktok,Sindonews,SINDOnews,Active,2025,March,178,"2,563,012","3,857","18,059,642",,  -   ,,,,,,,,,,,,,,
2704,Tiktok,Sindonews,SINDOnews,Active,2025,April,102,"2,565,956","2,944","17,948,127",,  -   ,,,,,,,,,,,,,,
2705,Tiktok,Sindonews,SINDOnews,Active,2025,May,131,"2,571,916","5,960","16,215,423",,  -   ,,,,,,,,,,,,,,
2706,Tiktok,Sindonews,SINDOnews,Active,2025,June,154,"2,574,178","2,262","14,449,667",,  -   ,,,,,,,,,,,,,,
2707,Tiktok,Sindonews,SINDOnews,Active,2025,July,125,"2,578,871","6,077","11,837,879",,  -   ,,"10,054,556","239,582",48.00%,37.00%,15.00%,-,28.00%,48.10%,15.60%,5.70%,2.60%,-,Demografi by Followers
2708,Tiktok,Sindonews,SINDOnews,Active,2025,August,151,"2,584,119","4,769","13,801,071",,  -   ,,"11,384,438","313,754",48.00%,37.00%,15.00%,-,27.80%,48.00%,15.70%,5.80%,2.70%,-,Demografi by Followers
2709,Tiktok,Sindonews,SINDOnews,Active,2025,September,180,"2,584,419",738,"7,829,984",,  -   ,,"6,289,397","147,471",49.00%,36.00%,15.00%,-,27.70%,48.00%,15.80%,5.80%,2.70%,-,Demografi by Followers
2710,Tiktok,Sindonews,SINDOnews,Active,2025,October,386,"2,586,758","2,468","14,211,713",,  -   ,,"12,270,563","253,449",49.00%,36.00%,15.00%,-,27.50%,48.10%,15.80%,5.90%,2.70%,-,Demografi by Followers
2711,Tiktok,Sindonews,SINDOnews,Active,2025,November,458,"2,592,912","5,807","29,615,098",,  -   ,,"26,758,292","842,610",49.00%,36.00%,15.00%,-,27.30%,48.00%,15.90%,6.00%,2.80%,-,Demografi by Followers
2712,Tiktok,Sindonews,SINDOnews,Active,2025,December,604,"2,624,003","31,091","92,678,774",,  -   ,,"92,176,951","2,676,431",49.00%,36.00%,15.00%,-,26.90%,47.80%,16.20%,6.20%,2.90%,-,Demografi by Followers
2713,Tiktok,Sindonews,SINDOnews,Active,2026,January,809,"2,656,224","32,221","93,807,557",,  -   ,,"93,200,160","2,739,710",49.00%,36.00%,15.00%,-,26.50%,47.40%,16.50%,6.50%,3.10%,-,Demografi by Followers
2714,Tiktok,Sindonews,SINDOnews,Active,2026,February,824,"2,717,556","61,332","204,837,089",,  -   ,,"203,851,482","5,144,760",49.00%,36.00%,15.00%,-,26.10%,47.10%,16.70%,6.80%,3.30%,-,Demografi by Followers
2715,Tiktok,Sindonews,SINDOnews,Active,2026,March,862,"2,777,034","59,478","118,563,549",,  -   ,,"117,251,328","2,233,944",50.00%,36.00%,14.00%,-,25.50%,46.60%,17.20%,7.20%,3.50%,-,Demografi by Followers
2716,Tiktok,Sindonews,SINDOnews,Active,2026,April,891,"2,844,448","67,414","241,848,875",,  -   ,,"240,636,071","5,542,619",49.00%,37.00%,14.00%,-,24.90%,46.20%,17.50%,7.60%,3.80%,-,Demografi by Followers
2717,Tiktok,Sindonews,SINDOnews,Active,2026,May,"1,129","2,869,273","24,825","111,532,193",,  -   ,,"109,799,068","2,335,942",49.00%,37.00%,14.00%,-,24.70%,46.00%,17.70%,7.70%,3.90%,-,Demografi by Followers
2718,Tiktok,Sindonews,SINDOnews,Active,2026,June,"1,183","2,890,054","19,057","86,821,405",,  -   ,,"85,073,021","1,899,903",50.00%,36.00%,14.00%,-,24.50%,45.90%,17.80%,7.80%,4.00%,-,Demografi by Followers
2719,Tiktok,Sindonews,SINDOnews,Active,2026,July,"1,363","2,941,705","51,651","129,409,683",,  -   ,,"127,408,637","2,797,114",51.00%,36.00%,13.00%,-,24.20%,45.50%,18.00%,8.10%,4.20%,-,Demografi by Followers
2720,Tiktok,Sindonews,SINDOnews,Active,2026,August,,,,,,  -   ,,,,,,,,,,,,,,
2721,Tiktok,Sindonews,SINDOnews,Active,2026,September,,,,,,  -   ,,,,,,,,,,,,,,
2722,Tiktok,Sindonews,SINDOnews,Active,2026,October,,,,,,  -   ,,,,,,,,,,,,,,
2723,Tiktok,Sindonews,SINDOnews,Active,2026,November,,,,,,  -   ,,,,,,,,,,,,,,
2724,Tiktok,Sindonews,SINDOnews,Active,2026,December,,,,,,  -   ,,,,,,,,,,,,,,
2737,X,IDX Channel,IDX CHANNEL,Active,2024,January,data tidak ada,"15,306",288,data tidak ada,,  -   ,data tidak ada,,,,,,,,,,,,,
2738,X,IDX Channel,IDX CHANNEL,Active,2024,February,data tidak ada,"15,574",268,data tidak ada,,  -   ,data tidak ada,,,,,,,,,,,,,
2739,X,IDX Channel,IDX CHANNEL,Active,2024,March,data tidak ada,"15,862",288,data tidak ada,,  -   ,data tidak ada,,,,,,,,,,,,,
2740,X,IDX Channel,IDX CHANNEL,Active,2024,April,data tidak ada,"16,032",170,data tidak ada,,  -   ,data tidak ada,,,,,,,,,,,,,
2741,X,IDX Channel,IDX CHANNEL,Active,2024,May,data tidak ada,"16,231",199,data tidak ada,,  -   ,data tidak ada,,,,,,,,,,,,,
2742,X,IDX Channel,IDX CHANNEL,Active,2024,June,data tidak ada,"16,426",195,data tidak ada,,  -   ,data tidak ada,,,,,,,,,,,,,
2743,X,IDX Channel,IDX CHANNEL,Active,2024,July,data tidak ada,"16,601",175,data tidak ada,,  -   ,data tidak ada,,,,,,,,,,,,,
2744,X,IDX Channel,IDX CHANNEL,Active,2024,August,"2,800","16,942",341,250,,  -   ,"1,542,340",,,,,,,,,,,,,
2745,X,IDX Channel,IDX CHANNEL,Active,2024,September,"3,349","17,311",369,67,,  -   ,"1,840,080",,,,,,,,,,,,,
2746,X,IDX Channel,IDX CHANNEL,Active,2024,October,"3,363","17,892",581,179,,  -   ,"4,206,285",,,,,,,,,,,,,
2747,X,IDX Channel,IDX CHANNEL,Active,2024,November,"1,332","18,379",487,"1,439",,  -   ,"1,572,117",,,,,,,,,,,,,
2748,X,IDX Channel,IDX CHANNEL,Active,2024,December,"1,785","18,802",423,"2,658",,  -   ,"609,803",,,,,,,,,,,,,
2749,X,IDX Channel,IDX CHANNEL,Active,2025,January,"1,581","19,703",901,"8,517",,  -   ,"763,782",,,,,,,,,,,,,
2750,X,IDX Channel,IDX CHANNEL,Active,2025,February,"1,104","20,105",402,"8,298",,  -   ,"503,216",,,,,,,,,,,,,
2751,X,IDX Channel,IDX CHANNEL,Active,2025,March,832,"21,044",939,"3,034",,  -   ,"2,752,852",,,,,,,,,,,,,
2752,X,IDX Channel,IDX CHANNEL,Active,2025,April,416,"21,429",385,"2,542",,  -   ,"206,439",,,,,,,,,,,,,
2753,X,IDX Channel,IDX CHANNEL,Active,2025,May,544,"21,724",295,"2,412",,  -   ,"112,453",,,,,,,,,,,,,
2754,X,IDX Channel,IDX CHANNEL,Active,2025,June,138,"22,027",303,739,,  -   ,"55,997",,,,,,,,,,,,,
2755,X,IDX Channel,IDX CHANNEL,Active,2025,July,174,"22,524",569,983,,  -   ,"78,629",,"2,799",68.10%,28.90%,3.00%,0.60%,24.00%,44.30%,21.20%,7.60%,1.80%,0.60%,Demografi by Impression
2756,X,IDX Channel,IDX CHANNEL,Active,2025,August,186,"22,910",450,141,,  -   ,"85,703",,"2,405",66.30%,27.50%,6.20%,0.60%,22.20%,46.10%,20.70%,8.00%,1.80%,0.60%,Demografi by Impression
2757,X,IDX Channel,IDX CHANNEL,Active,2025,September,125,"23,307",520,188,,  -   ,"65,193",,"1,948",64.50%,30.00%,5.50%,0.60%,22.50%,46.00%,20.40%,7.70%,2.00%,0.80%,Demografi by Impression
2758,X,IDX Channel,IDX CHANNEL,Active,2025,October,82,"23,795",638,278,,  -   ,"45,031",,"1,775",64.70%,31.30%,4.00%,1.50%,26.40%,46.60%,16.40%,5.90%,2.10%,1.10%,Demografi by Impression
2759,X,IDX Channel,IDX CHANNEL,Active,2025,November,315,"24,094",471,"7,541",,  -   ,"92,180",,"2,734",68.70%,24.80%,6.50%,1.60%,21.20%,43.80%,19.70%,9.10%,2.90%,1.60%,Demografi by Impression
2760,X,IDX Channel,IDX CHANNEL,Active,2025,December,448,"24,573",623,"18,946",,  -   ,"141,176",,"5,026",69.90%,26.30%,3.80%,1.50%,21.70%,44.50%,20.00%,8.60%,2.70%,1.10%,Demografi by Impression
2761,X,IDX Channel,IDX CHANNEL,Active,2026,January,572,"25,969","1,383","19,807",,  -   ,"213,071",,"8,119",68.80%,27.00%,4.20%,1.60%,22.20%,44.20%,20.40%,8.20%,2.50%,0.90%,Demografi by Impression
2762,X,IDX Channel,IDX CHANNEL,Active,2026,February,481,"26,983","1,364","16,650",,  -   ,"320,670",,"9,493",73.60%,22.90%,3.50%,1.20%,19.20%,51.00%,19.80%,5.70%,2.20%,0.80%,Demografi by Impression
2763,X,IDX Channel,IDX CHANNEL,Active,2026,March,659,"28,197","1,523","23,086",,  -   ,"238,611",,"8,490",76.50%,21.30%,2.20%,1.30%,17.70%,46.00%,21.30%,8.90%,3.20%,1.70%,Demografi by Impression
2764,X,IDX Channel,IDX CHANNEL,Active,2026,April,"1,069","30,368","2,612","13,793",,  -   ,"352,561",,"2,926",73.30%,22.10%,4.60%,1.20%,19.60%,47.30%,18.90%,8.40%,2.70%,1.90%,Demografi by Impression
2765,X,IDX Channel,IDX CHANNEL,Active,2026,May,939,"34,648","4,766","15,850",,  -   ,"811,952",,"4,699",75.00%,20.90%,4.10%,0.80%,17.20%,52.40%,20.10%,5.90%,2.10%,1.40%,Demografi by Impression
2766,X,IDX Channel,IDX CHANNEL,Active,2026,June,784,"40,193","6,644","8,140",,  -   ,"480,905",,"4,767",59.30%,20.10%,20.60%,1.00%,16.80%,49.50%,19.60%,8.40%,3.00%,1.60%,Demografi by Impression
2767,X,IDX Channel,IDX CHANNEL,Active,2026,July,,"44,900","4,707",,,  -   ,,,,,,,,,,,,,,Demografi by Impression
2768,X,IDX Channel,IDX CHANNEL,Active,2026,August,,,,,,  -   ,,,,,,,,,,,,,,
2769,X,IDX Channel,IDX CHANNEL,Active,2026,September,,,,,,  -   ,,,,,,,,,,,,,,
2770,X,IDX Channel,IDX CHANNEL,Active,2026,October,,,,,,  -   ,,,,,,,,,,,,,,
2771,X,IDX Channel,IDX CHANNEL,Active,2026,November,,,,,,  -   ,,,,,,,,,,,,,,
2772,X,IDX Channel,IDX CHANNEL,Active,2026,December,,,,,,  -   ,,,,,,,,,,,,,,
2785,X,iNews,Buletin iNews GTV,Active,2024,January,,,,,,  -   ,,,,,,,,,,,,,,
2786,X,iNews,Buletin iNews GTV,Active,2024,February,,,,,,  -   ,,,,,,,,,,,,,,
2787,X,iNews,Buletin iNews GTV,Active,2024,March,,,,,,  -   ,,,,,,,,,,,,,,
2788,X,iNews,Buletin iNews GTV,Active,2024,April,,,,,,  -   ,,,,,,,,,,,,,,
2789,X,iNews,Buletin iNews GTV,Active,2024,May,,,,,,  -   ,,,,,,,,,,,,,,
2790,X,iNews,Buletin iNews GTV,Active,2024,June,,,,,,  -   ,,,,,,,,,,,,,,
2791,X,iNews,Buletin iNews GTV,Active,2024,July,,,,,,  -   ,,,,,,,,,,,,,,
2792,X,iNews,Buletin iNews GTV,Active,2024,August,,,,,,  -   ,,,,,,,,,,,,,,
2793,X,iNews,Buletin iNews GTV,Active,2024,September,,,,,,  -   ,,,,,,,,,,,,,,
2794,X,iNews,Buletin iNews GTV,Active,2024,October,,,,,,  -   ,,,,,,,,,,,,,,
2795,X,iNews,Buletin iNews GTV,Active,2024,November,,,,,,  -   ,,,,,,,,,,,,,,
2796,X,iNews,Buletin iNews GTV,Active,2024,December,,,,,,  -   ,,,,,,,,,,,,,,
2797,X,iNews,Buletin iNews GTV,Active,2025,January,,,,,,  -   ,,,,,,,,,,,,,,
2798,X,iNews,Buletin iNews GTV,Active,2025,February,,,,,,  -   ,,,,,,,,,,,,,,
2799,X,iNews,Buletin iNews GTV,Active,2025,March,,,,,,  -   ,,,,,,,,,,,,,,
2800,X,iNews,Buletin iNews GTV,Active,2025,April,,,,,,  -   ,,,,,,,,,,,,,,
2801,X,iNews,Buletin iNews GTV,Active,2025,May,,,,,,  -   ,,,,,,,,,,,,,,
2802,X,iNews,Buletin iNews GTV,Active,2025,June,,"11,619",,,,  -   ,,,,,,,,,,,,,,
2803,X,iNews,Buletin iNews GTV,Active,2025,July,,"11,621","11,621",,,  -   ,,,,,,,,,,,,,,
2804,X,iNews,Buletin iNews GTV,Active,2025,August,,"11,616","11,616",,,  -   ,,,,,,,,,,,,,,
2805,X,iNews,Buletin iNews GTV,Active,2025,September,,"11,573",192,,,  -   ,,,,,,,,,,,,,,
2806,X,iNews,Buletin iNews GTV,Active,2025,October,,"11,381",711,,,  -   ,,,,,,,,,,,,,,
2807,X,iNews,Buletin iNews GTV,Active,2025,November,,"10,670","10,670",,,  -   ,,,,,,,,,,,,,,
2808,X,iNews,Buletin iNews GTV,Active,2025,December,,"10,629",-987,,,  -   ,,,,,,,,,,,,,,
2809,X,iNews,Buletin iNews GTV,Active,2026,January,,"10,620",-5,,,  -   ,,,,,,,,,,,,,,
2810,X,iNews,Buletin iNews GTV,Active,2026,February,,"10,625","10,625",,,  -   ,,,,,,,,,,,,,,
2811,X,iNews,Buletin iNews GTV,Active,2026,March,,"10,622",27,,,  -   ,,,,,,,,,,,,,,
2812,X,iNews,Buletin iNews GTV,Active,2026,April,,"10,619",-954,,,  -   ,,,,,,,,,,,,,,
2813,X,iNews,Buletin iNews GTV,Active,2026,May,,"10,606",-16,,,  -   ,,,,,,,,,,,,,,
2814,X,iNews,Buletin iNews GTV,Active,2026,June,,"10,595","10,595",,,  -   ,,,,,,,,,,,,,,
2815,X,iNews,Buletin iNews GTV,Active,2026,July,,"10,583",-12,,,  -   ,,,,,,,,,,,,,,
2816,X,iNews,Buletin iNews GTV,Active,2026,August,,,,,,  -   ,,,,,,,,,,,,,,
2817,X,iNews,Buletin iNews GTV,Active,2026,September,,,,,,  -   ,,,,,,,,,,,,,,
2818,X,iNews,Buletin iNews GTV,Active,2026,October,,,,,,  -   ,,,,,,,,,,,,,,
2819,X,iNews,Buletin iNews GTV,Active,2026,November,,,,,,  -   ,,,,,,,,,,,,,,
2820,X,iNews,Buletin iNews GTV,Active,2026,December,,,,,,  -   ,,,,,,,,,,,,,,
2833,X,iNews,Lintas iNews MNCTV,Active,2024,January,,,,,,  -   ,,,,,,,,,,,,,,
2834,X,iNews,Lintas iNews MNCTV,Active,2024,February,,,,,,  -   ,,,,,,,,,,,,,,
2835,X,iNews,Lintas iNews MNCTV,Active,2024,March,,,,,,  -   ,,,,,,,,,,,,,,
2836,X,iNews,Lintas iNews MNCTV,Active,2024,April,,,,,,  -   ,,,,,,,,,,,,,,
2837,X,iNews,Lintas iNews MNCTV,Active,2024,May,,,,,,  -   ,,,,,,,,,,,,,,
2838,X,iNews,Lintas iNews MNCTV,Active,2024,June,,,,,,  -   ,,,,,,,,,,,,,,
2839,X,iNews,Lintas iNews MNCTV,Active,2024,July,,,,,,  -   ,,,,,,,,,,,,,,
2840,X,iNews,Lintas iNews MNCTV,Active,2024,August,,,,,,  -   ,,,,,,,,,,,,,,
2841,X,iNews,Lintas iNews MNCTV,Active,2024,September,,,,,,  -   ,,,,,,,,,,,,,,
2842,X,iNews,Lintas iNews MNCTV,Active,2024,October,,,,,,  -   ,,,,,,,,,,,,,,
2843,X,iNews,Lintas iNews MNCTV,Active,2024,November,,,,,,  -   ,,,,,,,,,,,,,,
2844,X,iNews,Lintas iNews MNCTV,Active,2024,December,,,,,,  -   ,,,,,,,,,,,,,,
2845,X,iNews,Lintas iNews MNCTV,Active,2025,January,,,,,,  -   ,,,,,,,,,,,,,,
2846,X,iNews,Lintas iNews MNCTV,Active,2025,February,,,,,,  -   ,,,,,,,,,,,,,,
2847,X,iNews,Lintas iNews MNCTV,Active,2025,March,,,,,,  -   ,,,,,,,,,,,,,,
2848,X,iNews,Lintas iNews MNCTV,Active,2025,April,,,,,,  -   ,,,,,,,,,,,,,,
2849,X,iNews,Lintas iNews MNCTV,Active,2025,May,,,,,,  -   ,,,,,,,,,,,,,,
2850,X,iNews,Lintas iNews MNCTV,Active,2025,June,,"35,274",,,,  -   ,,,,,,,,,,,,,,
2851,X,iNews,Lintas iNews MNCTV,Active,2025,July,,"35,277","35,277",,,  -   ,,,,,,,,,,,,,,
2852,X,iNews,Lintas iNews MNCTV,Active,2025,August,,"35,255","35,255",,,  -   ,,,,,,,,,,,,,,
2853,X,iNews,Lintas iNews MNCTV,Active,2025,September,,"35,008",637,,,  -   ,,,,,,,,,,,,,,
2854,X,iNews,Lintas iNews MNCTV,Active,2025,October,,"34,371","2,413",,,  -   ,,,,,,,,,,,,,,
2855,X,iNews,Lintas iNews MNCTV,Active,2025,November,,"31,958","31,958",,,  -   ,,,,,,,,,,,,,,
2856,X,iNews,Lintas iNews MNCTV,Active,2025,December,,"31,783","-3,472",,,  -   ,,,,,,,,,,,,,,
2857,X,iNews,Lintas iNews MNCTV,Active,2026,January,,"31,735",-10,,,  -   ,,,,,,,,,,,,,,
2858,X,iNews,Lintas iNews MNCTV,Active,2026,February,,"31,745","31,745",,,  -   ,,,,,,,,,,,,,,
2859,X,iNews,Lintas iNews MNCTV,Active,2026,March,,"31,735",42,,,  -   ,,,,,,,,,,,,,,
2860,X,iNews,Lintas iNews MNCTV,Active,2026,April,,"31,736","-3,272",,,  -   ,,,,,,,,,,,,,,
2861,X,iNews,Lintas iNews MNCTV,Active,2026,May,,"31,724",-11,,,  -   ,,,,,,,,,,,,,,
2862,X,iNews,Lintas iNews MNCTV,Active,2026,June,,"31,693","31,693",,,  -   ,,,,,,,,,,,,,,
2863,X,iNews,Lintas iNews MNCTV,Active,2026,July,,"31,668",-25,,,  -   ,,,,,,,,,,,,,,
2864,X,iNews,Lintas iNews MNCTV,Active,2026,August,,,,,,  -   ,,,,,,,,,,,,,,
2865,X,iNews,Lintas iNews MNCTV,Active,2026,September,,,,,,  -   ,,,,,,,,,,,,,,
2866,X,iNews,Lintas iNews MNCTV,Active,2026,October,,,,,,  -   ,,,,,,,,,,,,,,
2867,X,iNews,Lintas iNews MNCTV,Active,2026,November,,,,,,  -   ,,,,,,,,,,,,,,
2868,X,iNews,Lintas iNews MNCTV,Active,2026,December,,,,,,  -   ,,,,,,,,,,,,,,
2881,X,iNews,MNC Trijaya,Active,2024,January,,,,,,  -   ,,,,,,,,,,,,,,
2882,X,iNews,MNC Trijaya,Active,2024,February,,,,,,  -   ,,,,,,,,,,,,,,
2883,X,iNews,MNC Trijaya,Active,2024,March,,,,,,  -   ,,,,,,,,,,,,,,
2884,X,iNews,MNC Trijaya,Active,2024,April,,,,,,  -   ,,,,,,,,,,,,,,
2885,X,iNews,MNC Trijaya,Active,2024,May,,,,,,  -   ,,,,,,,,,,,,,,
2886,X,iNews,MNC Trijaya,Active,2024,June,,,,,,  -   ,,,,,,,,,,,,,,
2887,X,iNews,MNC Trijaya,Active,2024,July,,,,,,  -   ,,,,,,,,,,,,,,
2888,X,iNews,MNC Trijaya,Active,2024,August,,,,,,  -   ,,,,,,,,,,,,,,
2889,X,iNews,MNC Trijaya,Active,2024,September,,,,,,  -   ,,,,,,,,,,,,,,
2890,X,iNews,MNC Trijaya,Active,2024,October,,,,,,  -   ,,,,,,,,,,,,,,
2891,X,iNews,MNC Trijaya,Active,2024,November,,,,,,  -   ,,,,,,,,,,,,,,
2892,X,iNews,MNC Trijaya,Active,2024,December,,,,,,  -   ,,,,,,,,,,,,,,
2893,X,iNews,MNC Trijaya,Active,2025,January,,,,,,  -   ,,,,,,,,,,,,,,
2894,X,iNews,MNC Trijaya,Active,2025,February,,,,,,  -   ,,,,,,,,,,,,,,
2895,X,iNews,MNC Trijaya,Active,2025,March,,,,,,  -   ,,,,,,,,,,,,,,
2896,X,iNews,MNC Trijaya,Active,2025,April,,,,,,  -   ,,,,,,,,,,,,,,
2897,X,iNews,MNC Trijaya,Active,2025,May,,,,,,  -   ,,,,,,,,,,,,,,
2898,X,iNews,MNC Trijaya,Active,2025,June,,"41,809",,,,  -   ,,,,,,,,,,,,,,
2899,X,iNews,MNC Trijaya,Active,2025,July,,"41,802","41,802",,,  -   ,,,,,,,,,,,,,,
2900,X,iNews,MNC Trijaya,Active,2025,August,,"41,820","41,820",,,  -   ,,,,,,,,,,,,,,
2901,X,iNews,MNC Trijaya,Active,2025,September,,"41,719",328,,,  -   ,,,,,,,,,,,,,,
2902,X,iNews,MNC Trijaya,Active,2025,October,,"41,391","1,665",,,  -   ,,,,,,,,,,,,,,
2903,X,iNews,MNC Trijaya,Active,2025,November,,"39,726","39,726",,,  -   ,,,,,,,,,,,,,,
2904,X,iNews,MNC Trijaya,Active,2025,December,,"39,637","-2,183",,,  -   ,,,,,,,,,,,,,,
2905,X,iNews,MNC Trijaya,Active,2026,January,,"39,556",-7,,,  -   ,,,,,,,,,,,,,,
2906,X,iNews,MNC Trijaya,Active,2026,February,,"39,563","39,563",,,  -   ,,,,,,,,,,,,,,
2907,X,iNews,MNC Trijaya,Active,2026,March,,"39,548",59,,,  -   ,,,,,,,,,,,,,,
2908,X,iNews,MNC Trijaya,Active,2026,April,,"39,550","-2,169",,,  -   ,,,,,,,,,,,,,,
2909,X,iNews,MNC Trijaya,Active,2026,May,,"39,525",-23,,,  -   ,,,,,,,,,,,,,,
2910,X,iNews,MNC Trijaya,Active,2026,June,,"39,489","39,489",,,  -   ,,,,,,,,,,,,,,
2911,X,iNews,MNC Trijaya,Active,2026,July,,"39,464",-25,,,  -   ,,,,,,,,,,,,,,
2912,X,iNews,MNC Trijaya,Active,2026,August,,,,,,  -   ,,,,,,,,,,,,,,
2913,X,iNews,MNC Trijaya,Active,2026,September,,,,,,  -   ,,,,,,,,,,,,,,
2914,X,iNews,MNC Trijaya,Active,2026,October,,,,,,  -   ,,,,,,,,,,,,,,
2915,X,iNews,MNC Trijaya,Active,2026,November,,,,,,  -   ,,,,,,,,,,,,,,
2916,X,iNews,MNC Trijaya,Active,2026,December,,,,,,  -   ,,,,,,,,,,,,,,
2929,X,iNews,Official iNews,Active,2024,January,data tidak ada,"418,540",482,data tidak ada,,  -   ,data tidak ada,,,,,,,,,,,,,
2930,X,iNews,Official iNews,Active,2024,February,data tidak ada,"419,062",522,data tidak ada,,  -   ,data tidak ada,,,,,,,,,,,,,
2931,X,iNews,Official iNews,Active,2024,March,data tidak ada,"419,092",30,data tidak ada,,  -   ,data tidak ada,,,,,,,,,,,,,
2932,X,iNews,Official iNews,Active,2024,April,data tidak ada,"419,618",526,data tidak ada,,  -   ,data tidak ada,,,,,,,,,,,,,
2933,X,iNews,Official iNews,Active,2024,May,data tidak ada,"419,945",327,data tidak ada,,  -   ,data tidak ada,,,,,,,,,,,,,
2934,X,iNews,Official iNews,Active,2024,June,data tidak ada,"420,086",141,data tidak ada,,  -   ,data tidak ada,,,,,,,,,,,,,
2935,X,iNews,Official iNews,Active,2024,July,data tidak ada,"420,277",191,data tidak ada,,  -   ,data tidak ada,,,,,,,,,,,,,
2936,X,iNews,Official iNews,Active,2024,August,"7,808","422,332","2,055","45,804",,  -   ,"69,388,459",,,,,,,,,,,,,
2937,X,iNews,Official iNews,Active,2024,September,"5,048","424,660","2,328","66,883",,  -   ,"59,190,966",,,,,,,,,,,,,
2938,X,iNews,Official iNews,Active,2024,October,"5,061","426,166","1,506","30,410",,  -   ,"61,792,082",,,,,,,,,,,,,
2939,X,iNews,Official iNews,Active,2024,November,"5,446","427,156",990,"30,954",,  -   ,"24,703,604",,,,,,,,,,,,,
2940,X,iNews,Official iNews,Active,2024,December,"5,934","428,007",851,"258,300",,  -   ,"20,422,302",,,,,,,,,,,,,
2941,X,iNews,Official iNews,Active,2025,January,"5,762","428,745",738,"123,322",,  -   ,"18,021,223",,,,,,,,,,,,,
2942,X,iNews,Official iNews,Active,2025,February,"5,218","429,538",793,"284,920",,  -   ,"13,604,481",,,,,,,,,,,,,
2943,X,iNews,Official iNews,Active,2025,March,"5,234","430,032",494,"126,070",,  -   ,"6,512,817",,,,,,,,,,,,,
2944,X,iNews,Official iNews,Active,2025,April,"4,773","430,578",546,"114,941",,  -   ,"5,223,977",,,,,,,,,,,,,
2945,X,iNews,Official iNews,Active,2025,May,"4,824","431,076",498,"172,008",,  -   ,"4,073,285",,,,,,,,,,,,,
2946,X,iNews,Official iNews,Active,2025,June,"3,912","431,484",408,"189,032",,  -   ,"1,615,169",,,,,,,,,,,,,
2947,X,iNews,Official iNews,Active,2025,July,"4,179","431,553",401,"134,649",,  -   ,"1,988,985",,"43,337",63.70%,35.20%,1.10%,0.70%,21.20%,41.60%,21.10%,11.80%,2.70%,0.90%,Demografi by Impression
2948,X,iNews,Official iNews,Active,2025,August,"3,738","431,818",671,"400,075",,  -   ,"2,541,004",,"51,991",63.10%,35.80%,1.10%,0.70%,21.70%,41.70%,20.50%,11.70%,2.70%,0.90%,Demografi by Impression
2949,X,iNews,Official iNews,Active,2025,September,"1,746","429,893",785,"100,567",,  -   ,"2,985,834",,"61,321",57.90%,39.80%,2.30%,0.80%,25.40%,44.60%,17.40%,8.80%,2.10%,0.90%,Demografi by Impression
2950,X,iNews,Official iNews,Active,2025,October,"1,706","422,206",351,"336,862",,  -   ,"1,943,997",,"44,369",64.90%,33.60%,1.50%,1.40%,22.20%,43.20%,17.60%,9.30%,3.60%,2.70%,Demografi by Impression
2951,X,iNews,Official iNews,Active,2025,November,"1,432","382,121",353,"421,582",,  -   ,"1,764,108",,"43,863",57.50%,40.20%,2.30%,1.30%,22.70%,44.60%,17.30%,8.30%,3.30%,2.40%,Demografi by Impression
2952,X,iNews,Official iNews,Active,2025,December,"1,515","379,689",332,"436,449",,  -   ,"2,520,610",,"61,361",54.10%,44.00%,1.90%,1.30%,21.50%,48.30%,17.60%,6.90%,2.70%,1.80%,Demografi by Impression
2953,X,iNews,Official iNews,Active,2026,January,"1,647","379,225",259,"40,956",,  -   ,"1,217,106",,"30,455",55.00%,42.30%,2.70%,1.30%,22.60%,47.40%,17.40%,7.00%,3.10%,1.30%,Demografi by Impression
2954,X,iNews,Official iNews,Active,2026,February,"1,241","379,230",234,"9,296",,  -   ,"896,817",,"29,719",58.30%,38.50%,3.20%,1.20%,20.00%,46.10%,19.40%,8.30%,3.60%,1.50%,Demografi by Impression
2955,X,iNews,Official iNews,Active,2026,March,"1,250","379,380",461,"7,729",,  -   ,"605,101",,"23,573",65.90%,32.50%,2.00%,1.70%,19.50%,38.60%,20.50%,11.10%,5.20%,3.50%,Demografi by Impression
2956,X,iNews,Official iNews,Active,2026,April,"1,825","379,578",198,,,  -   ,"408,664",,"14,203",68.40%,29.40%,2.20%,0.50%,13.40%,33.30%,18.40%,11.60%,15.20%,7.50%,Demografi by Impression
2957,X,iNews,Official iNews,Active,2026,May,931,"379,453",246,"8,266",,  -   ,"598,504",,"1,900",66.00%,29.40%,4.60%,0.80%,19.80%,45.10%,19.30%,8.50%,4.00%,2.50%,Demografi by Impression
2958,X,iNews,Official iNews,Active,2026,June,"1,544","379,328",245,"10,835",,  -   ,"1,167,994",,"3,751",63.80%,32.10%,4.10%,1.00%,18.60%,36.70%,15.70%,10.20%,10.50%,7.30%,Demografi by Impression
2959,X,iNews,Official iNews,Active,2026,July,328,"379,148",-180,"13,852",,  -   ,"816,016",,"2,075",37.80%,17.40%,44.80%,1.20%,17.20%,42.60%,20.60%,11.00%,4.60%,2.90%,Demografi by Impression
2960,X,iNews,Official iNews,Active,2026,August,,,,,,  -   ,,,,,,,,,,,,,,
2961,X,iNews,Official iNews,Active,2026,September,,,,,,  -   ,,,,,,,,,,,,,,
2962,X,iNews,Official iNews,Active,2026,October,,,,,,  -   ,,,,,,,,,,,,,,
2963,X,iNews,Official iNews,Active,2026,November,,,,,,  -   ,,,,,,,,,,,,,,
2964,X,iNews,Official iNews,Active,2026,December,,,,,,  -   ,,,,,,,,,,,,,,
2977,X,iNews,Seputar iNews RCTI,Active,2024,January,,,,,,  -   ,,,,,,,,,,,,,,
2978,X,iNews,Seputar iNews RCTI,Active,2024,February,,,,,,  -   ,,,,,,,,,,,,,,
2979,X,iNews,Seputar iNews RCTI,Active,2024,March,,,,,,  -   ,,,,,,,,,,,,,,
2980,X,iNews,Seputar iNews RCTI,Active,2024,April,,,,,,  -   ,,,,,,,,,,,,,,
2981,X,iNews,Seputar iNews RCTI,Active,2024,May,,,,,,  -   ,,,,,,,,,,,,,,
2982,X,iNews,Seputar iNews RCTI,Active,2024,June,,,,,,  -   ,,,,,,,,,,,,,,
2983,X,iNews,Seputar iNews RCTI,Active,2024,July,,,,,,  -   ,,,,,,,,,,,,,,
2984,X,iNews,Seputar iNews RCTI,Active,2024,August,,,,,,  -   ,,,,,,,,,,,,,,
2985,X,iNews,Seputar iNews RCTI,Active,2024,September,,,,,,  -   ,,,,,,,,,,,,,,
2986,X,iNews,Seputar iNews RCTI,Active,2024,October,,,,,,  -   ,,,,,,,,,,,,,,
2987,X,iNews,Seputar iNews RCTI,Active,2024,November,,,,,,  -   ,,,,,,,,,,,,,,
2988,X,iNews,Seputar iNews RCTI,Active,2024,December,,,,,,  -   ,,,,,,,,,,,,,,
2989,X,iNews,Seputar iNews RCTI,Active,2025,January,,,,,,  -   ,,,,,,,,,,,,,,
2990,X,iNews,Seputar iNews RCTI,Active,2025,February,,,,,,  -   ,,,,,,,,,,,,,,
2991,X,iNews,Seputar iNews RCTI,Active,2025,March,,,,,,  -   ,,,,,,,,,,,,,,
2992,X,iNews,Seputar iNews RCTI,Active,2025,April,,,,,,  -   ,,,,,,,,,,,,,,
2993,X,iNews,Seputar iNews RCTI,Active,2025,May,,,,,,  -   ,,,,,,,,,,,,,,
2994,X,iNews,Seputar iNews RCTI,Active,2025,June,,"147,597",,,,  -   ,,,,,,,,,,,,,,
2995,X,iNews,Seputar iNews RCTI,Active,2025,July,,"147,610","147,610",,,  -   ,,,,,,,,,,,,,,
2996,X,iNews,Seputar iNews RCTI,Active,2025,August,,"147,398","147,398",,,  -   ,,,,,,,,,,,,,,
2997,X,iNews,Seputar iNews RCTI,Active,2025,September,,"147,223",523,,,  -   ,,,,,,,,,,,,,,
2998,X,iNews,Seputar iNews RCTI,Active,2025,October,,"146,700","2,559",,,  -   ,,,,,,,,,,,,,,
2999,X,iNews,Seputar iNews RCTI,Active,2025,November,,"144,141","144,141",,,  -   ,,,,,,,,,,,,,,
3000,X,iNews,Seputar iNews RCTI,Active,2025,December,,"144,036","-3,362",,,  -   ,,,,,,,,,,,,,,
3001,X,iNews,Seputar iNews RCTI,Active,2026,January,,"143,912",48,,,  -   ,,,,,,,,,,,,,,
3002,X,iNews,Seputar iNews RCTI,Active,2026,February,,"143,864","143,864",,,  -   ,,,,,,,,,,,,,,
3003,X,iNews,Seputar iNews RCTI,Active,2026,March,,"143,783",339,,,  -   ,,,,,,,,,,,,,,
3004,X,iNews,Seputar iNews RCTI,Active,2026,April,,"143,721","-3,502",,,  -   ,,,,,,,,,,,,,,
3005,X,iNews,Seputar iNews RCTI,Active,2026,May,,"143,586",-197,,,  -   ,,,,,,,,,,,,,,
3006,X,iNews,Seputar iNews RCTI,Active,2026,June,,"143,444","143,444",,,  -   ,,,,,,,,,,,,,,
3007,X,iNews,Seputar iNews RCTI,Active,2026,July,,"143,336",-108,,,  -   ,,,,,,,,,,,,,,
3008,X,iNews,Seputar iNews RCTI,Active,2026,August,,,,,,  -   ,,,,,,,,,,,,,,
3009,X,iNews,Seputar iNews RCTI,Active,2026,September,,,,,,  -   ,,,,,,,,,,,,,,
3010,X,iNews,Seputar iNews RCTI,Active,2026,October,,,,,,  -   ,,,,,,,,,,,,,,
3011,X,iNews,Seputar iNews RCTI,Active,2026,November,,,,,,  -   ,,,,,,,,,,,,,,
3012,X,iNews,Seputar iNews RCTI,Active,2026,December,,,,,,  -   ,,,,,,,,,,,,,,
3025,X,Okezone,Global Radio 88.4 FM Jakarta,Active,2024,January,,,,,,  -   ,,,,,,,,,,,,,,
3026,X,Okezone,Global Radio 88.4 FM Jakarta,Active,2024,February,,,,,,  -   ,,,,,,,,,,,,,,
3027,X,Okezone,Global Radio 88.4 FM Jakarta,Active,2024,March,,,,,,  -   ,,,,,,,,,,,,,,
3028,X,Okezone,Global Radio 88.4 FM Jakarta,Active,2024,April,,,,,,  -   ,,,,,,,,,,,,,,
3029,X,Okezone,Global Radio 88.4 FM Jakarta,Active,2024,May,,,,,,  -   ,,,,,,,,,,,,,,
3030,X,Okezone,Global Radio 88.4 FM Jakarta,Active,2024,June,,,,,,  -   ,,,,,,,,,,,,,,
3031,X,Okezone,Global Radio 88.4 FM Jakarta,Active,2024,July,,,,,,  -   ,,,,,,,,,,,,,,
3032,X,Okezone,Global Radio 88.4 FM Jakarta,Active,2024,August,,,,,,  -   ,,,,,,,,,,,,,,
3033,X,Okezone,Global Radio 88.4 FM Jakarta,Active,2024,September,,,,,,  -   ,,,,,,,,,,,,,,
3034,X,Okezone,Global Radio 88.4 FM Jakarta,Active,2024,October,,,,,,  -   ,,,,,,,,,,,,,,
3035,X,Okezone,Global Radio 88.4 FM Jakarta,Active,2024,November,,,,,,  -   ,,,,,,,,,,,,,,
3036,X,Okezone,Global Radio 88.4 FM Jakarta,Active,2024,December,,,,,,  -   ,,,,,,,,,,,,,,
3037,X,Okezone,Global Radio 88.4 FM Jakarta,Active,2025,January,,,,,,  -   ,,,,,,,,,,,,,,
3038,X,Okezone,Global Radio 88.4 FM Jakarta,Active,2025,February,,,,,,  -   ,,,,,,,,,,,,,,
3039,X,Okezone,Global Radio 88.4 FM Jakarta,Active,2025,March,,,,,,  -   ,,,,,,,,,,,,,,
3040,X,Okezone,Global Radio 88.4 FM Jakarta,Active,2025,April,,,,,,  -   ,,,,,,,,,,,,,,
3041,X,Okezone,Global Radio 88.4 FM Jakarta,Active,2025,May,,,,,,  -   ,,,,,,,,,,,,,,
3042,X,Okezone,Global Radio 88.4 FM Jakarta,Active,2025,June,,"241,772",,,,  -   ,,,,,,,,,,,,,,
3043,X,Okezone,Global Radio 88.4 FM Jakarta,Active,2025,July,,"241,656","241,656",,,  -   ,,,,,,,,,,,,,,
3044,X,Okezone,Global Radio 88.4 FM Jakarta,Active,2025,August,,"241,510","241,510",,,  -   ,,,,,,,,,,,,,,
3045,X,Okezone,Global Radio 88.4 FM Jakarta,Active,2025,September,,"240,259","2,755",,,  -   ,,,,,,,,,,,,,,
3046,X,Okezone,Global Radio 88.4 FM Jakarta,Active,2025,October,,"237,504","20,770",,,  -   ,,,,,,,,,,,,,,
3047,X,Okezone,Global Radio 88.4 FM Jakarta,Active,2025,November,,"216,734","216,734",,,  -   ,,,,,,,,,,,,,,
3048,X,Okezone,Global Radio 88.4 FM Jakarta,Active,2025,December,,"215,703","-25,807",,,  -   ,,,,,,,,,,,,,,
3049,X,Okezone,Global Radio 88.4 FM Jakarta,Active,2026,January,,"215,390",28,,,  -   ,,,,,,,,,,,,,,
3050,X,Okezone,Global Radio 88.4 FM Jakarta,Active,2026,February,,"215,362","215,362",,,  -   ,,,,,,,,,,,,,,
3051,X,Okezone,Global Radio 88.4 FM Jakarta,Active,2026,March,,"215,084",552,,,  -   ,,,,,,,,,,,,,,
3052,X,Okezone,Global Radio 88.4 FM Jakarta,Active,2026,April,,"214,940","-25,319",,,  -   ,,,,,,,,,,,,,,
3053,X,Okezone,Global Radio 88.4 FM Jakarta,Active,2026,May,,"214,813",-271,,,  -   ,,,,,,,,,,,,,,
3054,X,Okezone,Global Radio 88.4 FM Jakarta,Active,2026,June,,"214,532","214,532",,,  -   ,,,,,,,,,,,,,,
3055,X,Okezone,Global Radio 88.4 FM Jakarta,Active,2026,July,,"214,326",-206,,,  -   ,,,,,,,,,,,,,,
3056,X,Okezone,Global Radio 88.4 FM Jakarta,Active,2026,August,,,,,,  -   ,,,,,,,,,,,,,,
3057,X,Okezone,Global Radio 88.4 FM Jakarta,Active,2026,September,,,,,,  -   ,,,,,,,,,,,,,,
3058,X,Okezone,Global Radio 88.4 FM Jakarta,Active,2026,October,,,,,,  -   ,,,,,,,,,,,,,,
3059,X,Okezone,Global Radio 88.4 FM Jakarta,Active,2026,November,,,,,,  -   ,,,,,,,,,,,,,,
3060,X,Okezone,Global Radio 88.4 FM Jakarta,Active,2026,December,,,,,,  -   ,,,,,,,,,,,,,,
3073,X,Okezone,Okezone,Active,2024,January,data tidak ada,"1,808,626",864,data tidak ada,,  -   ,data tidak ada,,,,,,,,,,,,,
3074,X,Okezone,Okezone,Active,2024,February,data tidak ada,"1,808,074",-552,data tidak ada,,  -   ,data tidak ada,,,,,,,,,,,,,
3075,X,Okezone,Okezone,Active,2024,March,data tidak ada,"1,807,190",-884,data tidak ada,,  -   ,data tidak ada,,,,,,,,,,,,,
3076,X,Okezone,Okezone,Active,2024,April,data tidak ada,"1,806,655",-535,data tidak ada,,  -   ,data tidak ada,,,,,,,,,,,,,
3077,X,Okezone,Okezone,Active,2024,May,data tidak ada,"1,806,378",-277,data tidak ada,,  -   ,data tidak ada,,,,,,,,,,,,,
3078,X,Okezone,Okezone,Active,2024,June,data tidak ada,"1,806,048",-330,data tidak ada,,  -   ,data tidak ada,,,,,,,,,,,,,
3079,X,Okezone,Okezone,Active,2024,July,data tidak ada,"1,804,460","-1,588",data tidak ada,,  -   ,data tidak ada,,,,,,,,,,,,,
3080,X,Okezone,Okezone,Active,2024,August,"7,180","1,806,986","2,526","28,189",,  -   ,"54,315,911",,,,,,,,,,,,,
3081,X,Okezone,Okezone,Active,2024,September,"7,763","1,808,863","1,877","76,751",,  -   ,"34,398,966",,,,,,,,,,,,,
3082,X,Okezone,Okezone,Active,2024,October,"6,630","1,810,703","1,840","7,357",,  -   ,"21,275,611",,,,,,,,,,,,,
3083,X,Okezone,Okezone,Active,2024,November,"4,227","1,812,312","1,609","32,165",,  -   ,"9,912,393",,,,,,,,,,,,,
3084,X,Okezone,Okezone,Active,2024,December,"4,040","1,813,895","1,583","108,633",,  -   ,"8,039,213",,,,,,,,,,,,,
3085,X,Okezone,Okezone,Active,2025,January,"3,845","1,815,654","1,759","337,550",,  -   ,"6,688,819",,,,,,,,,,,,,
3086,X,Okezone,Okezone,Active,2025,February,"3,089","1,817,158","1,504","45,001",,  -   ,"3,456,864",,,,,,,,,,,,,
3087,X,Okezone,Okezone,Active,2025,March,"3,535","1,818,470","1,312","48,696",,  -   ,"3,393,298",,,,,,,,,,,,,
3088,X,Okezone,Okezone,Active,2025,April,"3,758","1,819,650","1,180","33,899",,  -   ,"2,999,756",,,,,,,,,,,,,
3089,X,Okezone,Okezone,Active,2025,May,"3,246","1,820,536",886,"37,885",,  -   ,"1,589,393",,,,,,,,,,,,,
3090,X,Okezone,Okezone,Active,2025,June,"1,745","1,821,448",912,"40,991",,  -   ,"1,279,570",,,,,,,,,,,,,
3091,X,Okezone,Okezone,Active,2025,July,420,"1,821,482",852,"27,039",,  -   ,"558,159",,"11,119",70.20%,28.20%,1.60%,0.80%,19.80%,40.20%,25.70%,10.00%,2.60%,0.80%,Demografi by Impression
3092,X,Okezone,Okezone,Active,2025,August,144,"1,821,533","1,015","64,293",,  -   ,"554,085",,"7,914",67.10%,30.40%,2.50%,0.80%,22.40%,42.60%,22.70%,8.60%,2.20%,0.70%,Demografi by Impression
3093,X,Okezone,Okezone,Active,2025,September,"1,226","1,810,782","1,097","5,914",,  -   ,"1,840,743",,"32,023",63.30%,34.80%,1.90%,0.70%,22.10%,45.20%,21.10%,8.00%,1.90%,0.90%,Demografi by Impression
3094,X,Okezone,Okezone,Active,2025,October,"1,636","1,779,683",884,"3,889",,  -   ,"4,253,578",,"83,708",73.60%,25.70%,0.70%,1.40%,23.70%,47.80%,17.80%,5.70%,2.00%,1.70%,Demografi by Impression
3095,X,Okezone,Okezone,Active,2025,November,"1,509","1,532,385",776,"4,095",,  -   ,"3,918,725",,"115,719",58.50%,40.00%,1.50%,1.40%,24.40%,47.60%,17.40%,5.50%,2.00%,1.60%,Demografi by Impression
3096,X,Okezone,Okezone,Active,2025,December,"1,364","1,519,550",830,"5,322",,  -   ,"3,185,319",,"102,026",57.30%,41.10%,1.60%,1.40%,24.90%,48.60%,16.80%,5.20%,1.80%,1.20%,Demografi by Impression
3097,X,Okezone,Okezone,Active,2026,January,"1,265","1,518,288",942,"2,970",,  -   ,"4,040,392",,"95,409",45.00%,52.90%,2.10%,1.40%,28.60%,50.60%,13.80%,3.60%,1.20%,0.70%,Demografi by Impression
3098,X,Okezone,Okezone,Active,2026,February,"1,560","1,521,195",794,"2,920",,  -   ,"1,654,169",,"67,983",58.50%,38.60%,2.90%,1.10%,20.70%,46.40%,20.80%,7.20%,2.50%,1.30%,Demografi by Impression
3099,X,Okezone,Okezone,Active,2026,March,"1,440","1,519,226",826,793,,  -   ,"1,207,824",,"50,235",72.70%,25.60%,1.70%,0.90%,15.40%,40.30%,25.00%,10.90%,4.40%,3.20%,Demografi by Impression
3100,X,Okezone,Okezone,Active,2026,April,"1,403","1,519,780",864,440,,  -   ,"1,462,643",,"3,634",57.00%,39.70%,3.30%,1.40%,21.80%,44.20%,19.70%,7.50%,3.10%,2.30%,Demografi by Impression
3101,X,Okezone,Okezone,Active,2026,May,934,"1,518,877",630,647,,  -   ,"710,346",,"1,681",68.10%,29.10%,2.80%,0.90%,14.30%,39.60%,25.70%,11.20%,4.90%,3.50%,Demografi by Impression
3102,X,Okezone,Okezone,Active,2026,June,923,"1,517,826",485,293,,  -   ,"612,569",,"1,185",61.10%,23.00%,15.90%,1.00%,14.90%,39.70%,25.50%,10.80%,4.50%,3.60%,Demografi by Impression
3103,X,Okezone,Okezone,Active,2026,July,841,"1,517,316",-510,508,,  -   ,"1,630,822",,"1,779",56.00%,15.10%,28.90%,1.20%,16.10%,45.20%,23.50%,8.20%,3.20%,2.50%,Demografi by Impression
3104,X,Okezone,Okezone,Active,2026,August,,,,,,  -   ,,,,,,,,,,,,,,
3105,X,Okezone,Okezone,Active,2026,September,,,,,,  -   ,,,,,,,,,,,,,,
3106,X,Okezone,Okezone,Active,2026,October,,,,,,  -   ,,,,,,,,,,,,,,
3107,X,Okezone,Okezone,Active,2026,November,,,,,,  -   ,,,,,,,,,,,,,,
3108,X,Okezone,Okezone,Active,2026,December,,,,,,  -   ,,,,,,,,,,,,,,
3121,X,Okezone,RDI 97.1 FM Jakarta,Active,2024,January,,,,,,  -   ,,,,,,,,,,,,,,
3122,X,Okezone,RDI 97.1 FM Jakarta,Active,2024,February,,,,,,  -   ,,,,,,,,,,,,,,
3123,X,Okezone,RDI 97.1 FM Jakarta,Active,2024,March,,,,,,  -   ,,,,,,,,,,,,,,
3124,X,Okezone,RDI 97.1 FM Jakarta,Active,2024,April,,,,,,  -   ,,,,,,,,,,,,,,
3125,X,Okezone,RDI 97.1 FM Jakarta,Active,2024,May,,,,,,  -   ,,,,,,,,,,,,,,
3126,X,Okezone,RDI 97.1 FM Jakarta,Active,2024,June,,,,,,  -   ,,,,,,,,,,,,,,
3127,X,Okezone,RDI 97.1 FM Jakarta,Active,2024,July,,,,,,  -   ,,,,,,,,,,,,,,
3128,X,Okezone,RDI 97.1 FM Jakarta,Active,2024,August,,,,,,  -   ,,,,,,,,,,,,,,
3129,X,Okezone,RDI 97.1 FM Jakarta,Active,2024,September,,,,,,  -   ,,,,,,,,,,,,,,
3130,X,Okezone,RDI 97.1 FM Jakarta,Active,2024,October,,,,,,  -   ,,,,,,,,,,,,,,
3131,X,Okezone,RDI 97.1 FM Jakarta,Active,2024,November,,,,,,  -   ,,,,,,,,,,,,,,
3132,X,Okezone,RDI 97.1 FM Jakarta,Active,2024,December,,,,,,  -   ,,,,,,,,,,,,,,
3133,X,Okezone,RDI 97.1 FM Jakarta,Active,2025,January,,,,,,  -   ,,,,,,,,,,,,,,
3134,X,Okezone,RDI 97.1 FM Jakarta,Active,2025,February,,,,,,  -   ,,,,,,,,,,,,,,
3135,X,Okezone,RDI 97.1 FM Jakarta,Active,2025,March,,,,,,  -   ,,,,,,,,,,,,,,
3136,X,Okezone,RDI 97.1 FM Jakarta,Active,2025,April,,,,,,  -   ,,,,,,,,,,,,,,
3137,X,Okezone,RDI 97.1 FM Jakarta,Active,2025,May,,,,,,  -   ,,,,,,,,,,,,,,
3138,X,Okezone,RDI 97.1 FM Jakarta,Active,2025,June,,"43,378",,,,  -   ,,,,,,,,,,,,,,
3139,X,Okezone,RDI 97.1 FM Jakarta,Active,2025,July,,"43,370","43,370",,,  -   ,,,,,,,,,,,,,,
3140,X,Okezone,RDI 97.1 FM Jakarta,Active,2025,August,,"43,353","43,353",,,  -   ,,,,,,,,,,,,,,
3141,X,Okezone,RDI 97.1 FM Jakarta,Active,2025,September,,"43,068",523,,,  -   ,,,,,,,,,,,,,,
3142,X,Okezone,RDI 97.1 FM Jakarta,Active,2025,October,,"42,545","2,762",,,  -   ,,,,,,,,,,,,,,
3143,X,Okezone,RDI 97.1 FM Jakarta,Active,2025,November,,"39,783","39,783",,,  -   ,,,,,,,,,,,,,,
3144,X,Okezone,RDI 97.1 FM Jakarta,Active,2025,December,,"39,639","-3,714",,,  -   ,,,,,,,,,,,,,,
3145,X,Okezone,RDI 97.1 FM Jakarta,Active,2026,January,,"39,619",7,,,  -   ,,,,,,,,,,,,,,
3146,X,Okezone,RDI 97.1 FM Jakarta,Active,2026,February,,"39,612","39,612",,,  -   ,,,,,,,,,,,,,,
3147,X,Okezone,RDI 97.1 FM Jakarta,Active,2026,March,,"39,598",45,,,  -   ,,,,,,,,,,,,,,
3148,X,Okezone,RDI 97.1 FM Jakarta,Active,2026,April,,"39,593","-3,475",,,  -   ,,,,,,,,,,,,,,
3149,X,Okezone,RDI 97.1 FM Jakarta,Active,2026,May,,"39,576",-22,,,  -   ,,,,,,,,,,,,,,
3150,X,Okezone,RDI 97.1 FM Jakarta,Active,2026,June,,"39,553","39,553",,,  -   ,,,,,,,,,,,,,,
3151,X,Okezone,RDI 97.1 FM Jakarta,Active,2026,July,,"39,532",-21,,,  -   ,,,,,,,,,,,,,,
3152,X,Okezone,RDI 97.1 FM Jakarta,Active,2026,August,,,,,,  -   ,,,,,,,,,,,,,,
3153,X,Okezone,RDI 97.1 FM Jakarta,Active,2026,September,,,,,,  -   ,,,,,,,,,,,,,,
3154,X,Okezone,RDI 97.1 FM Jakarta,Active,2026,October,,,,,,  -   ,,,,,,,,,,,,,,
3155,X,Okezone,RDI 97.1 FM Jakarta,Active,2026,November,,,,,,  -   ,,,,,,,,,,,,,,
3156,X,Okezone,RDI 97.1 FM Jakarta,Active,2026,December,,,,,,  -   ,,,,,,,,,,,,,,
3169,X,Okezone,V Radio,Active,2024,January,,,,,,  -   ,,,,,,,,,,,,,,
3170,X,Okezone,V Radio,Active,2024,February,,,,,,  -   ,,,,,,,,,,,,,,
3171,X,Okezone,V Radio,Active,2024,March,,,,,,  -   ,,,,,,,,,,,,,,
3172,X,Okezone,V Radio,Active,2024,April,,,,,,  -   ,,,,,,,,,,,,,,
3173,X,Okezone,V Radio,Active,2024,May,,,,,,  -   ,,,,,,,,,,,,,,
3174,X,Okezone,V Radio,Active,2024,June,,,,,,  -   ,,,,,,,,,,,,,,
3175,X,Okezone,V Radio,Active,2024,July,,,,,,  -   ,,,,,,,,,,,,,,
3176,X,Okezone,V Radio,Active,2024,August,,,,,,  -   ,,,,,,,,,,,,,,
3177,X,Okezone,V Radio,Active,2024,September,,,,,,  -   ,,,,,,,,,,,,,,
3178,X,Okezone,V Radio,Active,2024,October,,,,,,  -   ,,,,,,,,,,,,,,
3179,X,Okezone,V Radio,Active,2024,November,,,,,,  -   ,,,,,,,,,,,,,,
3180,X,Okezone,V Radio,Active,2024,December,,,,,,  -   ,,,,,,,,,,,,,,
3181,X,Okezone,V Radio,Active,2025,January,,,,,,  -   ,,,,,,,,,,,,,,
3182,X,Okezone,V Radio,Active,2025,February,,,,,,  -   ,,,,,,,,,,,,,,
3183,X,Okezone,V Radio,Active,2025,March,,,,,,  -   ,,,,,,,,,,,,,,
3184,X,Okezone,V Radio,Active,2025,April,,,,,,  -   ,,,,,,,,,,,,,,
3185,X,Okezone,V Radio,Active,2025,May,,,,,,  -   ,,,,,,,,,,,,,,
3186,X,Okezone,V Radio,Active,2025,June,,"222,682",,,,  -   ,,,,,,,,,,,,,,
3187,X,Okezone,V Radio,Active,2025,July,,"222,645","222,645",,,  -   ,,,,,,,,,,,,,,
3188,X,Okezone,V Radio,Active,2025,August,,"222,198","222,198",,,  -   ,,,,,,,,,,,,,,
3189,X,Okezone,V Radio,Active,2025,September,,"221,464","1,498",,,  -   ,,,,,,,,,,,,,,
3190,X,Okezone,V Radio,Active,2025,October,,"219,966","15,879",,,  -   ,,,,,,,,,,,,,,
3191,X,Okezone,V Radio,Active,2025,November,,"204,087","204,087",,,  -   ,,,,,,,,,,,,,,
3192,X,Okezone,V Radio,Active,2025,December,,"203,338","-18,860",,,  -   ,,,,,,,,,,,,,,
3193,X,Okezone,V Radio,Active,2026,January,,"203,225",22,,,  -   ,,,,,,,,,,,,,,
3194,X,Okezone,V Radio,Active,2026,February,,"203,203","203,203",,,  -   ,,,,,,,,,,,,,,
3195,X,Okezone,V Radio,Active,2026,March,,"203,152",246,,,  -   ,,,,,,,,,,,,,,
3196,X,Okezone,V Radio,Active,2026,April,,"203,089","-18,375",,,  -   ,,,,,,,,,,,,,,
3197,X,Okezone,V Radio,Active,2026,May,,"203,001",-151,,,  -   ,,,,,,,,,,,,,,
3198,X,Okezone,V Radio,Active,2026,June,,"202,906","202,906",,,  -   ,,,,,,,,,,,,,,
3199,X,Okezone,V Radio,Active,2026,July,,"202,837",-69,,,  -   ,,,,,,,,,,,,,,
3200,X,Okezone,V Radio,Active,2026,August,,,,,,  -   ,,,,,,,,,,,,,,
3201,X,Okezone,V Radio,Active,2026,September,,,,,,  -   ,,,,,,,,,,,,,,
3202,X,Okezone,V Radio,Active,2026,October,,,,,,  -   ,,,,,,,,,,,,,,
3203,X,Okezone,V Radio,Active,2026,November,,,,,,  -   ,,,,,,,,,,,,,,
3204,X,Okezone,V Radio,Active,2026,December,,,,,,  -   ,,,,,,,,,,,,,,
3217,X,Sindonews,SINDOnews,Active,2024,January,data tidak ada,"399,875",301,data tidak ada,,  -   ,data tidak ada,,,,,,,,,,,,,
3218,X,Sindonews,SINDOnews,Active,2024,February,data tidak ada,"400,446",571,data tidak ada,,  -   ,data tidak ada,,,,,,,,,,,,,
3219,X,Sindonews,SINDOnews,Active,2024,March,data tidak ada,"400,467",21,data tidak ada,,  -   ,data tidak ada,,,,,,,,,,,,,
3220,X,Sindonews,SINDOnews,Active,2024,April,data tidak ada,"400,539",72,data tidak ada,,  -   ,data tidak ada,,,,,,,,,,,,,
3221,X,Sindonews,SINDOnews,Active,2024,May,data tidak ada,"400,770",231,data tidak ada,,  -   ,data tidak ada,,,,,,,,,,,,,
3222,X,Sindonews,SINDOnews,Active,2024,June,data tidak ada,"400,830",60,data tidak ada,,  -   ,data tidak ada,,,,,,,,,,,,,
3223,X,Sindonews,SINDOnews,Active,2024,July,data tidak ada,"400,770",-60,data tidak ada,,  -   ,data tidak ada,,,,,,,,,,,,,
3224,X,Sindonews,SINDOnews,Active,2024,August,"6,355","402,212","1,442","1,909",,  -   ,"41,192,433",,,,,,,,,,,,,
3225,X,Sindonews,SINDOnews,Active,2024,September,"7,451","403,428","1,216","1,090",,  -   ,"22,112,028",,,,,,,,,,,,,
3226,X,Sindonews,SINDOnews,Active,2024,October,"7,559","404,745","1,317","2,449",,  -   ,"21,899,200",,,,,,,,,,,,,
3227,X,Sindonews,SINDOnews,Active,2024,November,"2,653","405,898","1,153","11,847",,  -   ,"11,075,009",,,,,,,,,,,,,
3228,X,Sindonews,SINDOnews,Active,2024,December,"2,766","407,015","1,117","39,385",,  -   ,"11,251,642",,,,,,,,,,,,,
3229,X,Sindonews,SINDOnews,Active,2025,January,"3,708","408,062","1,047","55,479",,  -   ,"8,137,030",,,,,,,,,,,,,
3230,X,Sindonews,SINDOnews,Active,2025,February,"3,625","408,909",847,"77,645",,  -   ,"9,503,670",,,,,,,,,,,,,
3231,X,Sindonews,SINDOnews,Active,2025,March,"2,828","409,754",845,"27,150",,  -   ,"3,145,998",,,,,,,,,,,,,
3232,X,Sindonews,SINDOnews,Active,2025,April,"2,217","410,633",879,"17,301",,  -   ,"1,832,984",,,,,,,,,,,,,
3233,X,Sindonews,SINDOnews,Active,2025,May,"1,756","411,319",686,"22,461",,  -   ,"1,359,417",,,,,,,,,,,,,
3234,X,Sindonews,SINDOnews,Active,2025,June,816,"412,043",724,"45,993",,  -   ,"582,601",,,,,,,,,,,,,
3235,X,Sindonews,SINDOnews,Active,2025,July,647,"412,249",646,"87,376",,  -   ,"1,988,985",,"43,337",65.20%,33.60%,1.20%,0.80%,22.60%,42.30%,21.40%,9.80%,2.40%,0.80%,Demografi by Impression
3236,X,Sindonews,SINDOnews,Active,2025,August,623,"412,677",781,"149,627",,  -   ,"956,292",,"58,502",65.60%,32.90%,1.50%,0.80%,21.30%,42.10%,22.00%,10.50%,2.40%,0.90%,Demografi by Impression
3237,X,Sindonews,SINDOnews,Active,2025,September,688,"412,410",936,"47,024",,  -   ,"693,939",,"49,971",67.90%,28.80%,3.30%,0.90%,18.50%,39.70%,23.80%,12.60%,3.10%,1.30%,Demografi by Impression
3238,X,Sindonews,SINDOnews,Active,2025,October,660,"410,800",669,"100,272",,  -   ,"787,244",,"50,172",66.10%,32.30%,1.60%,1.30%,20.80%,41.40%,19.60%,10.00%,4.00%,3.00%,Demografi by Impression
3239,X,Sindonews,SINDOnews,Active,2025,November,673,"400,471",503,"181,232",,  -   ,"1,178,701",,"77,380",60.70%,36.40%,2.90%,1.60%,25.20%,42.40%,17.10%,8.10%,3.20%,2.50%,Demografi by Impression
3240,X,Sindonews,SINDOnews,Active,2025,December,985,"399,979",484,"253,188",,  -   ,"950,005",,"45,799",67.10%,30.30%,2.60%,1.10%,16.70%,38.50%,22.50%,12.50%,5.20%,3.50%,Demografi by Impression
3241,X,Sindonews,SINDOnews,Active,2026,January,"1,176","399,983",575,"361,228",,  -   ,"1,578,871",,"76,111",63.00%,32.10%,4.90%,0.90%,17.20%,39.70%,22.50%,12.30%,5.00%,2.30%,Demografi by Impression
3242,X,Sindonews,SINDOnews,Active,2026,February,"1,237","400,385",716,"889,091",,  -   ,"3,219,366",,"259,079",61.50%,35.50%,3.00%,1.00%,18.30%,47.50%,20.00%,8.40%,3.30%,1.50%,Demografi by Impression
3243,X,Sindonews,SINDOnews,Active,2026,March,"1,292","401,284","1,416","2,319,647",,  -   ,"5,677,472",,"164,254",70.20%,29.40%,0.40%,0.90%,14.90%,32.70%,21.40%,18.00%,7.30%,4.80%,Demografi by Impression
3244,X,Sindonews,SINDOnews,Active,2026,April,"1,283","401,681",692,"689,206",,  -   ,"1,278,153",,"20,258",70.10%,28.20%,1.70%,0.80%,14.10%,36.90%,24.10%,14.10%,5.60%,4.30%,Demografi by Impression
3245,X,Sindonews,SINDOnews,Active,2026,May,883,"401,850",679,"322,201",,  -   ,"742,295",,"14,902",73.60%,22.90%,3.50%,0.70%,11.00%,34.00%,25.70%,16.00%,7.10%,5.50%,Demografi by Impression
3246,X,Sindonews,SINDOnews,Active,2026,June,880,"401,997",641,"852,728",,  -   ,"2,667,366",,"21,915",67.70%,26.10%,6.20%,0.80%,14.30%,43.20%,22.00%,11.70%,4.80%,3.30%,Demografi by Impression
3247,X,Sindonews,SINDOnews,Active,2026,July,621,"402,407",410,"1,534,873",,  -   ,"3,266,803",,"22,554",67.50%,21.70%,10.80%,0.60%,11.60%,38.10%,24.70%,14.90%,6.30%,3.80%,Demografi by Impression
3248,X,Sindonews,SINDOnews,Active,2026,August,,,,,,  -   ,,,,,,,,,,,,,,
3249,X,Sindonews,SINDOnews,Active,2026,September,,,,,,  -   ,,,,,,,,,,,,,,
3250,X,Sindonews,SINDOnews,Active,2026,October,,,,,,  -   ,,,,,,,,,,,,,,
3251,X,Sindonews,SINDOnews,Active,2026,November,,,,,,  -   ,,,,,,,,,,,,,,
3252,X,Sindonews,SINDOnews,Active,2026,December,,,,,,  -   ,,,,,,,,,,,,,,