No,Unit,Channel,Year,Month,Views Cummulative,Engaged views,Watch time (hours),Subscribers,Average view duration,Average percentage viewed (%),Videos published,Impressions,Impressions click-through rate (%),Unique viewers,New viewers,Returning viewers,Casual viewers,Regular viewers,Subscribers gained,Subscribers lost,Likes,Dislikes,Shares,Comments added,Revenue Cummulative (IDR),Transaction revenue (IDR),Transactions,YouTube Premium (IDR),Watch Page ads (IDR),YouTube ad revenue (IDR),Ad impressions,CPM (IDR),Estimated monetized playbacks,RPM (IDR),Product clicks,Product impressions,Total sales (IDR),Orders,YouTube Premium views,YouTube Premium watch time (hours),Hours streamed,Reminders set,Chat messages,Reactions,Remix count,Remix views,Community clip views,Watch time from community clips (hours),Card clicks,Cards shown,End screen element clicks,End screen elements shown, Total members, Active members, Members gained, Members lost, Canceled memberships, Exit surveys, Average membership tenure (days), Churn rate (%),Lifetime Subscriber/Followers,New Subscribers/Followers,Views Fresh Content, Revenue Fresh Content (IDR), Revenue Fresh Content (USD),"View
 Male (%)","View
 Female (%)","View
 Other (%)",13 - 17 Years,18 - 24 Years,25 - 34 Years,35 - 44 Years,45 - 54 Years,55 - 64 Years,65+ Years
1,IDX Channel,IDX Channel,2024,January,"5,011,740","5,011,740","108,236","16,364",00:01:17,37,"1,088","49,441,107",8,"3,232,830","1,713,656","1,519,174","1,519,174",0,"20,087","3,723","61,405","2,508","12,681","8,484","11,797,500",,,,,,,,,,0,0,,,"84,675","4,010",747,82,237,"1,518",8,"16,062",0,0,0,0,202,"21,519",,,,,,,,,"854,727","16,364","1,836,308","  5,763,000 ",  339 ,,,,,,,,,,
2,IDX Channel,IDX Channel,2024,February,"3,767,874","3,767,874","88,900","9,702",00:01:24,6,906,"39,770,997",7,"2,515,578","1,222,345","1,301,106","1,301,106",0,"12,298","2,596","30,249","1,101","11,432","7,962","11,220,000",,,,,,,,,,0,0,,,"64,700","2,926",544,51,186,902,1,727,0,0,0,0,99,"11,784",,,,,,,,,"864,429","9,702","1,454,779","  5,559,000 ",  327 ,,,,,,,,,,
3,IDX Channel,IDX Channel,2024,March,"2,977,528","2,977,528","66,658","6,235",00:01:20,42,941,"29,722,042",6,"2,014,308","994,863","1,019,445","1,019,445",0,"8,709","2,474","22,011",757,"9,188","4,724","9,949,500",,,,,,,,,,0,0,,,"52,194","2,422",743,-2,148,"1,017",1,"9,365",0,0,0,0,61,"14,958",,,,,,,,,"870,664","6,235","1,250,223","  4,369,000 ",  257 ,,,,,,,,,,
4,IDX Channel,IDX Channel,2024,April,"3,048,893","3,048,893","66,102","7,761",00:01:18,38,843,"29,560,038",7,"2,177,165","1,092,666","1,084,499","1,084,499",0,"10,174","2,413","25,293","1,010","8,695","7,302","9,735,000",,,,,,,,,,0,0,,,"68,183","2,594",720,0,225,760,,489,0,0,0,0,66,"9,920",,,,,,,,,"878,425","7,761","1,677,018","  5,423,000 ",  319 ,,,,,,,,,,
5,IDX Channel,IDX Channel,2024,May,"3,270,360","3,270,360","88,948","8,980",00:01:37,37,883,"34,548,713",7,"2,187,771","1,075,930","1,111,841","1,111,841",0,"11,817","2,837","28,064",983,"10,256","7,662","11,121,000",,,,,,,,,,0,0,,,"74,861","4,208",744,0,244,"2,254",2,"2,294",0,0,0,0,66,"11,459",,,,,,,,,"887,405","8,980","1,207,281","  4,998,000 ",  294 ,,,,,,,,,,
6,IDX Channel,IDX Channel,2024,June,"2,484,009","2,484,009","71,808","6,175",00:01:44,14,952,"27,161,937",6,"1,644,656","807,261","837,395","837,395",0,"8,913","2,738","20,933","1,024","8,315","6,808","8,877,000",,,,,,,,,,0,0,,,"54,389","3,485",682,0,866,"2,875",8,"14,681",0,0,0,0,74,"13,038",,,,,,,,,"893,580","6,175","1,008,848","  5,168,000 ",  304 ,,,,,,,,,,
7,IDX Channel,IDX Channel,2024,July,"3,265,561","3,265,561","87,742","8,351",00:01:36,12,"1,201","34,736,312",7,"2,105,515","989,694","1,115,821","1,115,821",0,"11,274","2,923","28,795","1,162","9,964","8,778","10,131,000",,,,,,,,,,0,0,,,"72,639","3,786",718,0,249,794,2,"11,640",0,0,0,80,81,"11,557",,,,,,,,,"901,931","8,351","1,897,686","  7,293,000 ",  429 ,,,,,,,,,,
8,IDX Channel,IDX Channel,2024,August,"3,314,205","3,314,205","83,763","7,680",00:01:30,46,970,"36,865,252",7,"2,160,620","991,584","1,169,036","1,169,036",0,"10,600","2,920","26,267","1,033","9,844","9,856","10,048,500",,,,,,,,,,0,0,,,"77,940","3,529",744,0,271,"1,219",3,"51,141",0,0,0,137,72,"10,810",,,,,,,,,"909,611","7,680","1,529,848","  6,035,000 ",  355 ,,,,,,,,,,
9,IDX Channel,IDX Channel,2024,September,"3,069,674","3,069,674","83,887","8,241",00:01:38,11,975,"35,451,478",7,"1,938,886","866,786","1,072,100","1,072,100",0,"10,900","2,659","27,408","1,052","9,506","8,887","10,197,000",,,,,,,,,,0,0,,,"74,796","3,925",690,0,220,"1,274",5,"13,716",0,0,2,455,116,"12,857",,,,,,,,,"917,852","8,241","1,547,474","  7,514,000 ",  442 ,,,,,,,,,,
10,IDX Channel,IDX Channel,2024,October,"3,695,397","3,695,397","102,373","9,123",00:01:39,7,"1,182","43,239,009",6,"2,388,224","1,139,187","1,249,037","1,249,037",0,"12,495","3,372","33,548","1,681","10,369","8,940","24,453,000",,,,,,,,,,0,0,,,"75,508","4,391",712,25,718,572,9,"59,381",0,0,1,192,83,"8,729",,,,,,,,,"926,975","9,123","2,010,003","  7,939,000 ",  467 ,,,,,,,,,,
11,IDX Channel,IDX Channel,2024,November,"1,233,699","1,233,699","32,818","2,379",00:01:35,22,426,"14,749,326",6,"908,396","426,910","481,486","481,486",0,"4,509","2,130","10,859",585,"3,852","3,365","198,000",,,,,,,,,,0,0,,,"26,520","1,358",282,0,142,260,2,"141,605",0,0,0,42,32,"4,390",,,,,,,,,"929,354","2,379","497,334","  136,000 ",  8 ,,,,,,,,,,
12,IDX Channel,IDX Channel,2024,December,"2,291,720","2,291,720","100,491","6,724",00:02:37,33,769,"26,739,600",7,"1,602,993","753,822","849,171","849,171",0,"9,060","2,336","18,024",846,"6,907","5,966","9,306,000",,,,,,,,,,0,0,,,"49,815","3,719",744,0,814,"1,885",3,"148,805",0,0,2,94,56,"5,023",,,,,,,,,"936,078","6,724","1,067,325","  7,327,000 ",  431 ,,,,,,,,,,
13,IDX Channel,IDX Channel,2025,January,"2,767,543","2,767,543","97,726","7,575",00:02:07,6,744,"32,747,422",6,"1,730,462","795,575","934,887","934,887",0,"9,952","2,377","23,875",835,"11,325","7,725","8,167,500",,,,,,,,,,0,0,,,"61,593","4,274",717,25,752,"1,576",1,"138,419",0,0,0,64,33,"3,814",,,,,,,,,"943,653","7,575","1,677,509","  6,843,520 ",  403 ,,,,,,,,,,
14,IDX Channel,IDX Channel,2025,February,"2,490,316","2,490,316","106,699","7,564",00:02:34,15,732,"28,934,433",6,"1,521,346","697,750","823,596","823,596",0,"9,076","1,512","21,384",671,"8,288","8,038","9,471,000",,,,,,,,,,0,0,,,"68,658","5,234",668,-1,359,534,5,"17,422",0,0,0,77,17,"2,882",,,,,,,,,"951,217","7,564","1,284,037","  7,400,780 ",  435 ,,,,,,,,,,
15,IDX Channel,IDX Channel,2025,March,"1,799,108","1,794,717","72,558","3,275",00:02:25,27,732,"22,490,219",6,"1,096,072","545,311","550,700","489,830","60,870","6,084","2,809","14,831",506,"6,871","6,054","7,045,500",,,,,,,,,,0,0,,,"52,242","4,278",743,0,464,721,6,"42,006",0,0,0,22,17,"2,705",,,,,,,,,"954,492","3,275","788,122","  4,763,910 ",  280 ,,,,,,,,,,
16,IDX Channel,IDX Channel,2025,April,"1,997,866","1,790,965","78,123","5,063",00:02:36,13,713,"27,919,543",5,"1,131,101","558,456","575,283","459,245","116,038","7,498","2,435","14,265",718,"6,609","2,054","4,801,500",,,,,,,,,,3,488,,,"51,522","5,216",699,140,362,"1,146",4,"11,555",0,0,0,37,16,"2,439",,,,,,,,,"959,555","5,063","1,047,092","  3,776,380 ",  222 ,,,,,,,,,,
17,IDX Channel,IDX Channel,2025,May,"2,973,251","2,635,868","121,192","8,207",00:02:45,12,978,"36,735,679",5,"1,583,429","743,185","840,244","676,199","164,045","10,638","2,431","25,705",946,"9,347","8,097","8,033,585",0,15,"760,803","7,177,325","13,050,562","1,279,044","10,203","1,083,741","3,048","1,187","70,057","955,368",13,"74,785","6,675",728,74,139,691,3,"33,802",2,0,0,41,12,"2,251",,,,,,,,,"967,762","8,207","1,920,584","  7,025,250 ",  413 ,,,,,,,,,,
18,IDX Channel,IDX Channel,2025,June,"2,781,917","2,463,138","112,165","7,680",00:02:43,11,814,"32,546,506",5,"1,555,237","735,196","820,041","661,929","158,112","9,889","2,209","24,961",787,"7,973","7,584","9,301,598",0,14,"1,044,960","8,115,041","14,758,522","1,352,413","10,913","1,137,236","3,776",626,"47,873","1,875,787",15,"74,269","6,731",731,175,190,778,5,"57,749",0,0,0,51,20,"2,184",,,,,,,,,"975,442","7,680","1,865,757","  7,643,880 ",  450 ,,,,,,,,,,
19,IDX Channel,IDX Channel,2025,July,"4,156,317","3,946,582","225,059","13,521",00:03:25,14,"1,121","53,231,780",5,"2,092,965","978,495","1,114,470","896,417","218,053","16,311","2,790","37,942","1,167","9,984","13,066","20,094,369","13,918",44,"1,713,471","18,179,946","33,062,058","3,093,095","10,689","2,561,147","5,092","1,912","57,768","8,785,154",37,"127,043","11,786",752,406,393,"5,517",3,"2,858",0,0,0,31,20,"3,479",,,,,,,,,"988,963","13,521","3,161,127","  18,246,950 ","  1,073 ",78.60%,21.40%,,1.30%,8.40%,30.20%,23.20%,18.00%,12.40%,6.60%
20,IDX Channel,IDX Channel,2025,August,"3,697,244","3,388,733","211,118","10,881",00:03:44,31,"1,093","46,110,515",5,"1,927,002","899,901","1,027,101","832,755","194,346","13,196","2,315","31,230","1,387","9,705","15,633","18,337,331",0,31,"1,895,956","16,092,904","29,273,746","2,482,578","11,792","1,945,296","5,411",862,"45,244","1,963,425",25,"122,870","13,198",786,438,405,866,1,"1,777",0,0,0,31,29,"1,963",,,,,,,,,"1,000,810","10,881","2,676,885","  15,476,290 ",  910 ,77.10%,22.90%,0.10%,1.20%,7.90%,30.20%,22.90%,17.60%,12.90%,7.30%
21,IDX Channel,IDX Channel,2025,September,"10,293,205","10,040,336","517,732","28,720",00:03:05,18,"1,288","123,133,910",6,"4,778,720","2,297,618","2,481,102","2,120,387","360,715","32,277","3,557","92,220","1,973","25,898","39,184","50,134,205",0,59,"3,857,562","46,012,347","83,786,325","7,775,397","10,776","6,221,111","4,993","2,385","66,308","4,140,476",58,"341,255","25,940",777,875,"2,065","2,215",,259,0,0,0,36,"13,888","1,360,597",,,,,,,,,"1,028,499","28,720","9,477,025","  48,403,080 ","  2,847 ",78.20%,21.70%,0.10%,1.00%,6.60%,29.30%,25.20%,19.30%,12.50%,6.20%
22,IDX Channel,IDX Channel,2025,October,"10,119,843","9,692,127","565,059","25,536",00:03:29,19,"1,181","101,188,685",7,"3,968,517","1,375,616","2,592,901","2,171,481","421,420","29,105","3,569","99,077","2,015","35,427","33,189","58,470,292",0,47,"5,830,541","52,228,587","95,146,847","7,904,674","12,037","5,961,231","6,033","1,652","41,170","5,876,484",40,"441,606","39,735",788,"1,363","20,046","11,979",1,"5,203",0,0,0,24,"7,828","950,617",,,,,,,,,"1,054,035","25,536","7,934,481","  50,527,740 ","  2,972 ",77.80%,22.10%,0.10%,0.90%,5.90%,27.50%,23.90%,19.80%,14.30%,7.70%
23,IDX Channel,IDX Channel,2025,November,"7,493,167","7,081,414","386,877","15,472",00:03:16,18,973,"75,557,775",7,"3,605,210","1,248,030","2,355,556","1,944,454","411,102","18,746","3,274","69,062","1,693","22,944","28,073","44,579,724",0,54,"3,677,800","40,469,867","73,644,788","6,107,007","12,059","4,663,139","6,295","1,736","121,055","14,472,412",46,"274,658","24,164",755,"1,848","1,613","1,522",6,"10,234",0,0,0,14,"3,632","498,086",,,,,,,,,"1,069,507","15,472","6,236,865","  37,024,810 ","  2,178 ",77.20%,22.70%,0.10%,1.00%,6.10%,28.50%,23.50%,18.90%,13.90%,8.00%
24,IDX Channel,IDX Channel,2025,December,"4,862,746","4,578,657","253,554","8,798",00:03:19,13,"1,091","59,047,310",5,"2,578,784","930,674","1,647,131","1,285,428","361,703","11,477","2,679","37,578","1,289","14,169","14,199","26,631,224","34,899",42,"2,066,537","24,272,276","44,190,253","3,965,456","11,144","3,095,199","5,816","1,228","82,807","3,931,399",35,"158,507","14,310",771,980,"7,476","2,553",2,"1,190",0,0,0,19,"3,613","463,666",,,,,,,,,"1,078,300","8,793","3,785,184","  21,205,460 ","  1,247 ",74.60%,25.30%,0.10%,1.20%,6.40%,28.20%,22.50%,19.10%,14.40%,8.20%
25,IDX Channel,IDX Channel,2026,January,"4,876,310","4,578,331","303,577","12,802",00:03:58,33,"1,237","51,870,331",6,"2,248,225","686,773","1,560,799","1,132,396","428,403","15,480","2,678","47,507","1,301","20,591","16,344","31,055,882",0,101,"3,735,898","26,345,543","47,935,167","3,788,089","12,654","2,762,876","6,776","1,644","175,808","12,800,670",68,"240,181","26,203",820,"1,007","12,769","10,737",1,418,0,0,0,30,"2,283","430,166",,,,,,,,,"1,091,106","12,801","4,038,526","  25,596,674 ",,78.90%,21.10%,0.10%,1.00%,5.90%,28.00%,23.60%,19.50%,14.10%,8.00%
26,IDX Channel,IDX Channel,2026,February,"4,181,207","3,952,035","255,397","7,492",00:03:52,29,"1,307","45,326,122",6,"2,109,868","659,748","1,452,536","1,020,597","431,939","9,955","2,463","37,975","1,160","16,313","14,245","26,811,771",0,92,"3,203,075","23,219,020","42,195,732","3,604,152","11,708","2,601,852","6,782","1,789","233,211","7,030,059",64,"206,465","20,844",746,"1,381","1,426","4,806",0,217,0,0,0,31,"2,763","412,537",,,,,,,,,"1,098,599","7,492","3,520,995","  22,103,000 ",,78.20%,21.80%,0.10%,1.00%,6.20%,28.50%,23.30%,19.20%,14.00%,7.90%
27,IDX Channel,IDX Channel,2026,March,"14,717,328","13,729,784","672,801","18,699",00:02:56,29,"1,750","124,899,528",8,"6,504,587","2,726,772","3,542,728","2,764,577","778,151","22,727","4,028","164,641","4,860","20,526","59,130","61,712,270","75,641",50,"3,325,881","57,513,076","104,504,419","10,598,770","9,860","8,135,568","4,470","1,691","202,615","5,169,239",37,"395,292","25,524",805,"1,287","6,085","8,936",2,"3,465",0,0,0,18,"11,609","1,930,627",,,,,,,,,"1,117,298","18,699","13,982,328","  57,251,409 ",,80.10%,19.80%,0.10%,1.20%,5.60%,29.30%,28.20%,19.80%,11.00%,4.90%
28,IDX Channel,IDX Channel,2026,April,"10,766,415","10,162,640","591,780","11,115",00:03:29,17,"1,118","93,883,486",7,"4,293,066","1,226,732","2,885,837","2,141,821","744,016","14,749","3,634","91,662","3,243","16,003","37,696","43,933,972",0,13,"3,433,968","40,325,214","72,981,168","7,339,542","9,944","5,725,905","4,262",692,"96,035","800,539",10,"304,736","24,890",813,"1,335","4,903",907,2,663,0,0,0,10,"8,649","1,210,455",,,,,,,,,"1,128,413","11,115","9,441,231","  37,233,699 ",,79.50%,20.40%,0.10%,1.20%,6.10%,28.50%,25.50%,19.90%,12.60%,6.20%
29,IDX Channel,IDX Channel,2026,May,"11,136,322","10,553,847","687,481","12,907",00:03:54,31,"1,892","98,538,401",7,"4,213,027","1,217,220","2,861,621","2,035,499","826,122","16,560","3,653","93,509","3,594","21,121","37,459","60,974,538",0,1,"4,432,797","56,339,252","101,038,073","8,827,592","11,446","6,764,790","5,764",135,"14,668","25,694",1,"369,368","33,403",828,"1,389","11,333","4,808",,984,0,0,0,34,"9,664","1,707,911",,,,,,,,,"1,141,320","12,907","10,034,826","  54,617,883 ",,78.30%,21.70%,0.10%,1.30%,6.20%,27.70%,22.40%,19.20%,14.70%,8.50%
30,IDX Channel,IDX CHANNEL,2026,June,"8,413,197","7,795,856","441,312","8,598",00:03:23,31,"1,849","73,298,178",7,"3,392,494","827,176","2,420,048","1,599,776","820,272","11,759","3,161","80,827","2,992","18,298","31,970","44,574,725","42,768",7,"3,570,929","40,613,495","73,725,763","6,130,133","12,027","4,727,466","5,736",115,"10,128","527,178",5,"341,430","25,240",774,"1,619","1,193","1,239",1,846,0,0,0,25,"2,314","593,437",,,,,,,,,"1,149,920","8,598","7,171,862","  36,294,167 ",,78.90%,21.00%,0.10%,1.10%,5.60%,27.00%,23.10%,19.60%,15.00%,8.70%
31,IDX Channel,IDX CHANNEL,2026,July,"8,382,933","7,943,721","458,526","9,400",00:03:27,32,"1,979","80,169,905",7,"3,774,961","881,499","2,655,221","1,687,549","967,672","12,509","3,109","74,925","2,011","24,372","29,891","46,914,288",0,5,"3,558,434","43,132,700","78,376,086","6,410,321","12,227","4,964,539","5,916",115,"9,656","205,115",4,"300,367","25,655",858,"1,766","1,632","7,682",,397,0,0,0,41,"3,368","632,684",,,,,,,,,"1,159,321","9,400","6,982,766","  38,612,558 ",,79.00%,20.90%,0.10%,1.00%,5.40%,26.80%,23.90%,19.90%,14.60%,
32,IDX Channel,IDX CHANNEL,2026,August,,,,,,,,,,,,,,,,,,,,,,,,,,,,,,,,,,,,,,,,,,,,,,,,,,,,,,,,,,,,,,,,,,,,,,,
33,IDX Channel,IDX CHANNEL,2026,September,,,,,,,,,,,,,,,,,,,,,,,,,,,,,,,,,,,,,,,,,,,,,,,,,,,,,,,,,,,,,,,,,,,,,,,
34,IDX Channel,IDX CHANNEL,2026,October,,,,,,,,,,,,,,,,,,,,,,,,,,,,,,,,,,,,,,,,,,,,,,,,,,,,,,,,,,,,,,,,,,,,,,,
35,IDX Channel,IDX CHANNEL,2026,November,,,,,,,,,,,,,,,,,,,,,,,,,,,,,,,,,,,,,,,,,,,,,,,,,,,,,,,,,,,,,,,,,,,,,,,
36,IDX Channel,IDX CHANNEL,2026,December,,,,,,,,,,,,,,,,,,,,,,,,,,,,,,,,,,,,,,,,,,,,,,,,,,,,,,,,,,,,,,,,,,,,,,,
37,IDX Channel,IDX Channel Insight,2024,January,"75,007","75,007","2,557",189,00:02:02,28,2,"761,739",8,"57,400","43,518","13,882","13,882",0,479,290,519,21,793,106,"418,440",,,,,,,,,,,,"1,534",53,0,0,0,0,,4,0,0,0,0,42,"12,226",,,,,,,,,,,"178,888",189,,  -   ,,,,,,,,,,,
38,IDX Channel,IDX Channel Insight,2024,February,"69,236","69,236","2,693",243,00:02:20,28,4,"708,503",8,"50,127","35,747","14,300","14,300",0,534,291,496,10,708,130,"411,840",,,,,,,,,,,,"1,448",50,,0,,,,,0,0,0,0,39,"7,261",,,,,,,,,,,"179,131",243,,  -   ,,,,,,,,,,,
39,IDX Channel,IDX Channel Insight,2024,March,"235,368","235,368","12,198","1,123",00:03:06,22,7,"1,846,423",10,"156,957","114,899","42,058","42,058",0,"1,486",363,"1,695",36,"1,051",329,"1,191,300",,,,,,,,,,,,"2,363",111,,0,,,,6,0,0,0,0,33,"8,722",,,,,,,,,,,"180,254","1,123",,  -   ,,,,,,,,,,,
40,IDX Channel,IDX Channel Insight,2024,April,"133,770","133,770","7,356",658,00:03:17,25,15,"1,199,341",9,"93,461","64,783","28,678","28,678",0,985,327,"1,049",40,675,183,"693,660",,,,,,,,,,,,"1,891",98,,0,,,,2,0,0,0,0,39,"9,388",,,,,,,,,,,"180,912",658,,  -   ,,,,,,,,,,,
41,IDX Channel,IDX Channel Insight,2024,May,"254,426","254,426","12,510","1,130",00:02:57,28,251,"2,672,265",7,"180,072","130,661","49,411","49,411",0,"1,551",421,"2,432",59,"1,327",508,"1,294,920",,,,,,,,,,,,"6,167",373,,0,,,,,0,0,0,0,236,"26,714",,,,,,,,,,,"182,042","1,130",,  -   ,,,,,,,,,,,
42,IDX Channel,IDX Channel Insight,2024,June,"249,574","249,574","11,742","1,274",00:02:49,32,471,"3,119,207",6,"192,872","143,426","49,446","49,446",0,"1,710",436,"2,637",93,"1,081",616,"1,500,015",,,,,,,,,,,,"5,728",307,,0,,,1,3,0,0,0,0,295,"34,556",,,,,,,,,,,"183,316","1,274",,  -   ,,,,,,,,,,,
43,IDX Channel,IDX Channel Insight,2024,July,"281,350","281,350","14,066","1,514",00:02:59,29,614,"3,569,507",6,"209,054","152,728","56,326","56,326",0,"1,994",480,"3,157",87,"1,437",800,"1,890,570",,,,,,,,,,,,"7,466",577,,0,,,,,0,0,0,11,198,"18,955",,,,,,,,,,,"184,830","1,514",,  -   ,,,,,,,,,,,
44,IDX Channel,IDX Channel Insight,2024,August,"215,254","215,254","8,217",979,00:02:17,29,443,"2,907,970",6,"165,215","118,255","46,960","46,960",0,"1,390",411,"2,065",74,"1,164",297,"1,148,235",,,,,,,,,,,,"4,678",223,,0,,,,,0,0,0,61,262,"29,626",,,,,,,,,,,"185,809",979,,  -   ,,,,,,,,,,,
45,IDX Channel,IDX Channel Insight,2024,September,"275,141","275,141","9,607","1,069",00:02:05,22,447,"3,568,392",6,"197,072","130,114","66,958","66,958",0,"1,551",482,"2,753",92,"1,452",595,"1,299,045",,,,,,,,,,,,"5,984",291,2,0,0,26,,1,0,0,1,61,42,"6,329",,,,,,,,,,,"186,878","1,069",,  -   ,,,,,,,,,,,
46,IDX Channel,IDX Channel Insight,2024,October,"360,456","360,456","13,629","1,685",00:02:16,23,520,"4,730,553",6,"257,143","176,520","80,623","80,623",0,"2,120",435,"3,966",148,"1,873","1,210","1,623,270",,,,,,,,,,,,"8,510",449,,0,,,1,1,0,0,2,62,27,"6,360",,,,,,,,,,,"188,563","1,685",,  -   ,,,,,,,,,,,
47,IDX Channel,IDX Channel Insight,2024,November,"1,320,341","1,320,341","59,190","8,445",00:02:41,16,611,"14,486,390",8,"948,774","776,382","172,392","172,392",0,"9,132",687,"13,549",332,"5,410","3,611","7,030,980",,,,,,,,,,,,"28,675","1,725",237,0,431,754,3,"2,169",0,0,2,135,20,"5,979",,,,,,,,,,,"197,008","8,445",,  -   ,,,,,,,,,,,
48,IDX Channel,IDX Channel Insight,2024,December,"417,853","417,853","19,225","2,222",00:02:45,28,547,"5,478,108",6,"312,515","234,968","77,547","77,547",0,"2,721",499,"4,107",123,"1,742",821,"2,351,415",,,,,,,,,,,,"9,343",498,,0,,,,19,0,0,0,60,25,"4,923",,,,,,,,,,,"199,230","2,222",,  -   ,,,,,,,,,,,
49,IDX Channel,IDX Channel Insight,2025,January,"333,969","333,969","14,107","1,470",00:02:32,22,595,"4,632,591",6,"234,231","141,332","92,899","92,899",0,"1,961",491,"3,469",99,"2,915",841,"1,571,130",,,,,,,,,,,,"9,155",510,,-3,,,,427,0,0,0,144,49,"9,373",,,,,,,,,,,"200,700","1,470","200,119",  -   ,,,,,,,,,,,
50,IDX Channel,IDX Channel Insight,2025,February,"323,524","323,524","15,144","1,412",00:02:48,22,592,"3,819,095",6,"220,307","131,658","88,649","88,649",0,"1,780",368,"3,479",68,"2,098","1,014","1,698,510",,,,,,,,,,,,"9,176",492,,0,,,,1,0,0,0,47,35,"6,633",,,,,,,,,,,"202,112","1,412","148,541",  -   ,,,,,,,,,,,
51,IDX Channel,IDX Channel Insight,2025,March,"297,401","297,334","12,108",950,00:02:26,16,591,"3,478,251",7,"216,037","139,123","76,856","72,348","4,508","1,417",467,"2,729",62,"1,490",676,"1,548,360",,,,,,,,,,,,"5,971",280,,0,,,,4,0,0,0,86,25,"5,917",,,,,,,,,,,"203,062",950,"229,237",  -   ,,,,,,,,,,,
52,IDX Channel,IDX Channel Insight,2025,April,"379,431","373,795","18,110","1,720",00:02:54,17,611,"4,717,516",6,"264,153","163,463","100,543","89,026","11,517","2,200",480,"3,740",94,"1,857","1,098","1,653,300",,,,,,,,,,,,"9,225",608,23,1,5,0,,19,0,0,0,43,20,"3,921",,,,,,,,,,,"204,782","1,720","229,237",  -   ,  -   ,,,,,,,,,,
53,IDX Channel,IDX Channel Insight,2025,May,"287,019","283,426","10,121",963,00:02:08,19,782,"3,535,740",5,"198,387","123,713","74,674","64,129","10,545","1,465",502,"2,942",62,"1,810",716,"723,836",0,0,"32,058","690,200","1,254,907","106,058","11,832","93,654","2,554",0,0,"6,613",290,,-1,,,2,"1,263",0,0,0,11,11,"3,937",,,,,,,,,,,"205,745",963,"137,955","  459,680 ",  27 ,,,,,,,,,,
54,IDX Channel,IDX Channel Insight,2025,June,"573,172","569,097","24,257","3,774",00:02:33,27,597,"6,183,936",7,"433,916","294,777","139,139","126,231","12,908","4,265",491,"6,636",188,"1,595","2,199","2,033,725",0,0,"81,778","1,949,342","3,544,626","367,695","9,640","334,591","3,574",0,0,"11,478",531,,0,,,,12,0,0,0,6,20,"3,404",,,,,,,,,,,"209,519","3,774","450,988","  1,707,140 ",  100 ,,,,,,,,,,
55,IDX Channel,IDX Channel Insight,2025,July,"398,691","344,426","11,631","1,443",00:02:01,19,897,"4,216,451",6,"227,248","136,522","90,726","77,941","12,785","1,890",447,"3,807",110,"1,464",683,"1,379,479",0,0,"80,035","1,288,082","2,360,826","193,790","12,182","166,952","4,005",0,0,"12,967",572,1,6,0,0,1,"1,070",0,0,0,22,10,"3,316",,,,,,,,,,,"210,962","1,443","300,526","  1,120,470 ",  66 ,79.30%,20.70%,,1.40%,8.70%,32.50%,25.40%,17.50%,9.80%,4.70%
56,IDX Channel,IDX Channel Insight,2025,August,"473,865","355,996","12,304","1,319",00:02:03,19,571,"4,098,401",6,"226,349","129,112","97,237","82,932","14,305","1,702",383,"4,865",143,"1,965",916,"1,696,067",0,0,"152,751","1,525,296","2,775,831","184,197","15,070","151,155","4,764",0,0,"23,076","1,037",15,0,13,0,,19,0,0,0,30,13,"2,886",,,,,,,,,,,"212,459","1,319","363,938","  1,215,500 ",  72 ,81.60%,18.40%,0%,0.90%,7.40%,32.10%,26.00%,18.30%,10.20%,5.10%
57,IDX Channel,IDX Channel Insight,2025,September,"983,590","860,891","38,444","4,401",00:02:40,16,405,"8,565,942",7,"559,417","341,089","218,328","195,133","23,195","4,960",559,"11,131",246,"4,608","3,185","5,375,317",0,0,"438,272","4,910,199","8,927,937","645,892","13,823","501,707","6,244",0,0,"52,083","2,925",45,129,593,161,1,"3,488",0,0,0,13,45,"9,989",,,,,,,,,,,"216,678","4,401","895,562","  5,130,260 ",  302 ,84.00%,16.00%,0%,0.50%,6.00%,32.40%,28.20%,18.30%,10.00%,4.50%
58,IDX Channel,IDX Channel Insight,2025,October,"1,006,811","868,042","40,061","4,000",00:02:45,19,423,"7,886,533",7,"604,099","383,624","220,475","198,588","21,887","4,530",530,"12,192",319,"4,078","1,944","5,168,655",0,0,"342,050","4,780,314","8,717,628","582,426","14,968","433,554","5,954",0,0,"43,989","2,410",33,54,290,"1,045",7,"5,763",0,0,0,21,28,"4,533",,,,,,,,,,,"220,678","4,000","631,727","  2,502,910 ",  147 ,79.00%,21.00%,0%,0.60%,5.80%,28.60%,24.70%,18.90%,13.60%,7.70%
59,IDX Channel,IDX Channel Insight,2025,November,"979,697","882,574","34,492","2,947",00:02:20,19,413,"8,438,696",8,"572,935","312,261","260,863","231,877","28,986","3,441",494,"10,308",223,"3,636","2,412","5,560,225",0,0,"446,104","5,088,811","9,255,581","619,846","14,932","482,704","6,300",0,0,"62,514","2,969",57,75,133,128,1,"1,183",0,0,0,18,7,"2,349",,,,,,,,,,,"223,625","2,947","786,911","  4,017,610 ",  236 ,85.40%,14.50%,0%,0.50%,5.10%,30.90%,29.10%,19.10%,10.20%,5.20%
60,IDX Channel,IDX Channel Insight,2025,December,"665,923","613,859","22,630","1,748",00:02:12,22,283,"6,157,818",7,"395,328","195,118","200,741","176,322","24,419","2,199",451,"6,380",117,"3,324","1,312","4,273,675",0,0,"310,462","3,948,003","7,182,664","422,887","16,985","329,948","6,962",0,0,"45,498","2,179",16,46,40,420,1,59,0,0,0,28,7,"1,936",,,,,,,,,,,"225,374","1,749","538,751","  3,029,230 ",  178 ,83.50%,16.50%,0%,0.50%,4.80%,29.90%,30.50%,20.00%,9.70%,4.60%
61,IDX Channel,IDX Channel Insight,2026,January,"693,127","618,289","24,415","1,949",00:02:22,24,361,"6,519,410",6,"367,410","170,420","196,618","164,657","31,961","2,413",464,"8,705",185,"2,898","1,297","3,621,795",0,0,"351,634","3,160,828","5,760,094","390,376","14,755","298,857","5,715",0,0,"49,515","2,530",62,36,359,"1,142",3,"2,932",0,0,4,43,28,"4,402",,,,,,,,,,,"227,322","1,949","566,112","  2,451,051 ",,88.20%,11.80%,0%,0.40%,4.50%,31.10%,29.90%,19.80%,9.80%,4.50%
62,IDX Channel,IDX Channel Insight,2026,February,"821,380","719,496","35,121","3,217",00:02:55,27,466,"6,953,791",6,"409,945","199,995","209,873","165,540","44,333","4,372","1,155","40,596",486,"41,642","33,726","5,215,680",0,0,"542,217","4,638,303","8,424,405","535,318","15,737","375,328","7,245",0,0,"57,872","3,773",43,137,43,148,20,"18,057",0,0,0,33,59,"13,568",,,,,,,,,,,"230,539","3,217","718,906","  4,301,650 ",,83.40%,16.60%,0.00%,0.40%,5.10%,30.90%,28.70%,20.80%,10.00%,4.20%
63,IDX Channel,IDX Channel Insight,2026,March,"1,165,255","1,060,384","39,509","1,869",00:02:14,20,435,"10,776,650",7,"682,749","325,762","316,224","261,391","54,833","2,428",559,"10,835",316,"4,822","3,228","5,698,846",0,0,"597,956","5,053,855","9,188,221","659,463","13,933","486,015","5,497",,,0,0,"90,784","4,512",35,158,97,415,2,99,0,0,0,34,17,"5,256",,,,,,,,,"232,408","1,869","1,048,023","  4,565,087 ",,86.10%,13.90%,0.00%,0.50%,4.20%,29.20%,30.60%,20.60%,10.20%,4.70%
64,IDX Channel,IDX Channel Insight,2026,April,"1,442,383","1,320,158","59,277","2,524",00:02:41,28,321,"11,098,384",7,"795,733","378,708","360,619","296,433","64,186","3,149",625,"13,932",419,"4,703","3,110","6,954,475",0,0,"875,617","6,040,537","10,921,971","819,939","13,320","612,512","5,073",,,0,0,"104,998","6,322",45,147,23,22,2,"1,765",0,0,0,8,7,"4,727",,,,,,,,,"234,932","2,524","1,250,105","  5,602,868 ",,83.50%,16.50%,0.00%,0.70%,4.40%,28.60%,28.40%,21.10%,11.50%,5.40%
65,IDX Channel,IDX Channel Insight,2026,May,"1,475,380","1,355,621","69,927","2,874",00:03:05,24,684,"12,034,558",7,"819,677","396,393","397,381","324,003","73,378","3,455",581,"14,646",433,"5,271","3,433","8,149,607",0,0,"834,057","7,271,097","13,162,554","932,159","14,121","703,012","6,010",,,0,0,"103,730","6,256",46,146,81,50,,16,0,0,0,9,118,"24,337",,,,,,,,,"237,806","2,874","1,282,220","  6,826,333 ",,85.80%,14.20%,0.10%,0.70%,4.50%,29.30%,28.50%,19.80%,11.20%,6.00%
66,IDX Channel,IDX Channel Insight,2026,June,"1,133,851","1,106,375","59,907","2,715",00:03:14,25,517,"11,250,778",7,"646,677","274,665","347,952","267,057","80,895","3,341",626,"10,549",268,"4,592","3,063","9,676,091",0,0,"895,464","8,769,445","15,881,367","926,105","17,149","661,030","8,799",,,0,0,"97,189","6,302",17,123,53,37,,11,0,0,0,9,77,"11,868",,,,,,,,,"240,521","2,715","980,104","  7,889,111 ",,86.60%,13.40%,0.00%,0.50%,4.30%,28.30%,29.30%,20.70%,11.40%,5.50%
67,IDX Channel,IDX Channel Insight,2026,July,"946,315","906,295","40,280","1,795",00:02:39,25,449,"9,184,363",6,"562,513","216,975","288,301","208,865","79,436","2,313",518,"8,414",146,"3,635","1,999","6,840,877",0,0,"637,792","6,186,205","11,238,333","646,374","17,387","463,634","7,701",,,0,0,"75,247","4,507",10,78,3,0,,19,0,0,0,5,16,"5,264",,,,,,,,,"242,316","1,795","789,489","  5,522,679 ",,87.60%,12.30%,0.10%,0.40%,4.50%,30.70%,32.20%,19.60%,8.70%,
68,IDX Channel,IDX Channel Insight,2026,August,,,,,,,,,,,,,,,,,,,,,,,,,,,,,,,,,,,,,,,,,,,,,,,,,,,,,,,,,,,,,,,,,,,,,,,
69,IDX Channel,IDX Channel Insight,2026,September,,,,,,,,,,,,,,,,,,,,,,,,,,,,,,,,,,,,,,,,,,,,,,,,,,,,,,,,,,,,,,,,,,,,,,,
70,IDX Channel,IDX Channel Insight,2026,October,,,,,,,,,,,,,,,,,,,,,,,,,,,,,,,,,,,,,,,,,,,,,,,,,,,,,,,,,,,,,,,,,,,,,,,
71,IDX Channel,IDX Channel Insight,2026,November,,,,,,,,,,,,,,,,,,,,,,,,,,,,,,,,,,,,,,,,,,,,,,,,,,,,,,,,,,,,,,,,,,,,,,,
72,IDX Channel,IDX Channel Insight,2026,December,,,,,,,,,,,,,,,,,,,,,,,,,,,,,,,,,,,,,,,,,,,,,,,,,,,,,,,,,,,,,,,,,,,,,,,
73,iNews,Buletin iNews GTV,2024,January,"11,490,965","11,490,965","232,988","15,911",00:01:12,35,"1,297","108,060,870",8,"6,583,359","2,203,848","4,379,511","4,379,511",0,"19,589","3,678","83,729","2,007","21,239","30,725","20,983,646",0,0,"336,885","20,593,948","37,443,465","4,203,389","8,908","3,856,463","1,826",0,0,0,0,"120,076","3,460",,0,,,7,"14,367",0,0,0,0,67,"3,331",,,,,,,,,"1,433,628","15,911",,  -   ,,,,,,,,,,,
74,iNews,Buletin iNews GTV,2024,February,"12,305,045","12,305,045","257,737","20,304",00:01:15,43,"1,203","117,193,272",8,"7,117,848","2,494,613","4,621,062","4,621,062",0,"23,997","3,693","59,095","2,267","23,413","32,497","29,537,071",0,0,"298,880","29,180,982","53,056,262","5,966,600","8,892","5,492,546","2,400",0,0,0,0,"130,138","2,975",0,42,0,0,12,"49,871",0,0,0,0,155,"4,970",,,,,,,,,"1,453,932","20,304",,  -   ,,,,,,,,,,,
75,iNews,Buletin iNews GTV,2024,March,"12,499,431","12,499,431","200,697","15,933",00:00:57,40,"1,005","93,727,895",7,"7,362,363","2,481,727","4,880,636","4,880,636",0,"19,359","3,426","60,390","3,664","20,715","17,511","26,543,480",0,0,"189,263","25,805,867","46,919,988","5,094,984","9,209","4,642,569","2,124",0,0,0,0,"113,790","2,065",,0,,,11,"14,776",0,0,0,0,146,"5,034",,,,,,,,,"1,469,865","15,933",,  -   ,,,,,,,,,,,
76,iNews,Buletin iNews GTV,2024,April,"10,766,201","10,766,201","175,418","12,429",00:00:58,47,934,"97,238,406",7,"6,454,605","2,139,776","4,314,829","4,314,829",0,"15,477","3,048","38,918","1,594","12,505","13,586","20,027,902",0,0,"203,746","19,765,651","35,937,580","4,076,461","8,816","3,893,355","1,860",0,0,0,0,"103,002","1,932",,0,,,27,"76,049",0,0,0,0,42,"2,155",,,,,,,,,"1,482,294","12,429",,  -   ,,,,,,,,,,,
77,iNews,Buletin iNews GTV,2024,May,"15,359,498","15,359,498","264,165","16,362",00:01:01,47,"1,182","116,574,248",9,"8,125,969","2,632,825","5,493,144","5,493,144",0,"20,063","3,701","56,496","2,335","19,890","27,483","28,288,636",0,0,"300,745","27,915,710","50,755,854","5,477,975","9,265","5,218,406","1,842",0,0,0,0,"147,621","2,998",,0,,,535,"4,193,756",0,0,0,0,48,"2,982",,,,,,,,,"1,498,656","16,362",,  -   ,,,,,,,,,,,
78,iNews,Buletin iNews GTV,2024,June,"6,906,237","6,906,237","137,736","9,171",00:01:11,42,"1,193","72,509,444",7,"4,332,917","1,389,599","2,943,318","2,943,318",0,"12,512","3,341","27,322","1,059","13,367","11,195","15,591,315",0,0,"185,436","15,392,532","27,986,425","2,912,932","9,608","2,719,561","2,258",0,0,0,0,"68,200","1,728",0,0,0,0,290,"6,769,926",0,0,0,0,46,"2,336",,,,,,,,,"1,507,827","9,171",,  -   ,,,,,,,,,,,
79,iNews,Buletin iNews GTV,2024,July,"6,393,971","6,393,971","127,587","8,249",00:01:11,38,"1,278","67,505,609",7,"4,045,251","1,493,802","2,551,449","2,551,449",0,"11,614","3,365","25,770",964,"12,772","14,177","14,534,374",0,0,"194,262","14,334,262","26,062,742","2,812,455","9,267","2,575,781","2,273",0,0,0,0,"67,968","1,895",,0,,,109,"2,883,598",0,0,0,3,43,"2,577",,,,,,,,,"1,516,076","8,249",,  -   ,,,,,,,,,,,
80,iNews,Buletin iNews GTV,2024,August,"6,373,253","6,373,253","131,603","9,434",00:01:14,38,"1,067","73,890,627",7,"4,107,045","1,438,451","2,668,594","2,668,594",0,"12,690","3,256","27,973","1,036","11,907","11,908","13,628,250",0,0,"185,008","13,437,546","24,494,808","2,651,706","9,237","2,443,196","2,138",0,0,0,0,"77,359","1,842",,0,,,326,"2,800,559",0,0,0,0,51,"3,928",,,,,,,,,"1,525,510","9,434",,  -   ,,,,,,,,,,,
81,iNews,Buletin iNews GTV,2024,September,"6,583,830","6,583,830","152,131","9,958",00:01:23,27,872,"68,306,003",8,"4,094,229","1,399,314","2,694,915","2,694,915",0,"13,208","3,250","27,267","1,148","12,366","12,204","14,897,673",0,0,"227,291","14,664,081","26,661,963","2,964,621","8,993","2,733,969","2,263",6,234,0,0,"74,858","2,012",,0,,,155,"999,338",0,0,0,1,47,"2,334",,,,,,,,,"1,535,468","9,958",,  -   ,,,,,,,,,,,
82,iNews,Buletin iNews GTV,2024,October,"7,282,217","7,282,217","148,810","12,173",00:01:13,33,925,"82,566,228",8,"4,594,998","1,612,810","2,982,188","2,982,188",0,"15,620","3,447","31,567","1,349","13,282","14,285","13,308,455",0,0,"197,478","13,095,022","23,809,228","2,695,430","8,833","2,561,786","1,828",0,8,0,0,"76,750","1,683",,0,,,224,"1,175,892",0,0,0,4,37,"1,867",,,,,,,,,"1,547,641","12,173",,  -   ,,,,,,,,,,,
83,iNews,Buletin iNews GTV,2024,November,"9,158,494","9,158,494","216,780","15,936",00:01:25,43,900,"93,320,264",8,"5,815,172","2,132,176","3,682,996","3,682,996",0,"19,327","3,391","42,192","1,899","14,488","16,359","17,524,024",0,0,"333,904","17,108,045","31,105,569","3,485,137","8,925","3,234,745","1,913",53,"46,860",0,0,"89,075","2,429",2,6,0,1,155,"837,112",0,0,0,5,44,"1,776",,,,,,,,,"1,563,577","15,936",,  -   ,,,,,,,,,,,
84,iNews,Buletin iNews GTV,2024,December,"5,626,546","5,626,546","126,543","9,534",00:01:20,37,"1,249","58,734,978",8,"3,612,910","1,367,776","2,245,134","2,245,134",0,"12,835","3,301","21,224",945,"9,145","8,763","11,325,854",0,0,"189,261","11,110,904","20,201,648","2,294,214","8,805","2,159,133","2,013",19,"17,959",0,0,"49,539","1,414",,0,,,142,"726,514",0,0,1,6,25,"1,566",,,,,,,,,"1,573,111","9,534",,  -   ,,,,,,,,,,,
85,iNews,Buletin iNews GTV,2025,January,"4,582,086","4,582,086","96,609","7,927",00:01:15,34,"1,258","51,392,249",7,"3,074,773","1,211,499","1,863,274","1,863,274",0,"11,126","3,199","16,439",719,"9,192","6,118","5,728,333",0,0,"118,683","5,595,303","10,173,320","1,088,256","9,348","1,053,598","1,250",8,"11,981",0,0,"40,837",958,0,2,0,0,100,"512,532",0,0,10,67,37,"1,712",,,,,,,,,"1,581,038","7,927","1,975,290","  2,063,290 ",  121 ,,,,,,,,,,
86,iNews,Buletin iNews GTV,2025,February,"4,172,545","4,172,545","72,167","6,476",00:01:02,29,925,"46,136,951",7,"2,905,370","1,187,549","1,717,821","1,717,821",0,"8,438","1,962","15,091",577,"8,417","25,849","5,790,379","13,909",1,"129,864","5,617,731","10,214,045","1,077,348","9,481","1,027,490","1,388",9,"5,400",0,0,"41,794",899,,0,,,23,"110,418",0,0,2,9,17,"1,233",,,,,,,,,"1,587,514","6,476","1,477,110","  2,263,720 ",  133 ,,,,,,,,,,
87,iNews,Buletin iNews GTV,2025,March,"4,134,433","4,128,567","63,825","5,418",00:00:55,40,874,"42,819,740",7,"2,820,002","1,265,987","1,554,154","1,398,230","155,924","9,248","3,830","14,235",702,"5,919","6,606","6,867,351",0,0,"75,395","6,731,807","12,239,644","1,401,362","8,734","1,319,772","1,663",1,"1,264",0,0,"37,618",648,,0,,,60,"369,793",0,0,0,1,19,"1,178",,,,,,,,,"1,592,932","5,418","1,646,065","  2,920,600 ",  172 ,,,,,,,,,,
88,iNews,Buletin iNews GTV,2025,April,"3,548,182","3,247,723","51,739","3,950",00:00:57,38,706,"35,130,351",7,"2,275,190","1,029,687","1,246,896","984,945","261,951","7,015","3,065","10,612",874,"5,478","5,325","4,449,051",0,0,"75,935","4,322,547","7,860,361","922,824","8,518","881,750","1,370",0,31,0,0,"31,489",581,,0,,,54,"353,701",0,0,1,5,19,"1,114",,,,,,,,,"1,596,882","3,950","1,378,941","  1,460,980 ",  86 ,,,,,,,,,,
89,iNews,Buletin iNews GTV,2025,May,"3,041,337","2,819,222","45,450","2,812",00:00:57,33,544,"31,617,054",7,"2,034,267","1,029,462","1,004,805","799,065","205,740","5,457","2,645","7,545",483,"5,618","5,784","4,884,560",0,0,"75,930","4,772,250","8,676,815","888,036","9,771","852,484","1,733",0,14,0,0,"30,184",599,,0,,,61,"371,851",0,0,0,1,16,"1,312",,,,,,,,,"1,599,694","2,812","950,811","  1,335,690 ",  79 ,,,,,,,,,,
90,iNews,Buletin iNews GTV,2025,June,"2,207,479","2,166,563","32,926","2,006",00:00:54,41,300,"24,928,449",7,"1,588,808","749,837","838,971","647,162","191,809","4,270","2,264","5,898",161,"3,989","4,519","3,507,204",0,0,"53,462","3,446,240","6,266,188","657,720","9,527","642,487","1,619",1,15,0,0,"24,440",412,2,0,1,1,58,"192,817",0,0,0,3,11,977,,,,,,,,,"1,601,700","2,006","616,867","  990,760 ",  58 ,,,,,,,,,,
91,iNews,Buletin iNews GTV,2025,July,"2,383,711","2,349,026","49,668","2,468",00:01:16,31,268,"28,058,615",7,"1,780,671","965,393","815,278","685,687","129,591","5,017","2,549","5,957",231,"3,837","3,137","4,178,534",0,0,"90,531","4,081,782","7,421,426","821,559","9,033","766,992","1,779",0,18,0,0,"25,996",700,,0,,,53,"319,859",0,0,1,6,26,"1,419",,,,,,,,,"1,604,168","2,468","685,839","  2,054,960 ",  121 ,71.20%,28.80%,,2.80%,11.30%,35.80%,23.80%,14.00%,8.40%,3.90%
92,iNews,Buletin iNews GTV,2025,August,"2,504,336","2,476,037","85,253","5,464",00:02:03,25,186,"29,304,069",7,"1,858,420","922,182","936,238","795,311","140,927","7,652","2,188","10,372",437,"4,424","6,377","5,649,107",0,0,"130,000","5,512,819","10,022,435","1,220,767","8,210","1,107,118","2,282",70,"1,656",0,0,"26,055","1,012",13,167,46,315,13,"19,772",0,0,0,1,24,"2,963",,,,,,,,,"1,609,824","5,464","1,131,389","  3,873,960 ",  228 ,72.50%,27.40%,0.10%,2.30%,10.10%,33.90%,22.60%,14.60%,10.80%,5.70%
93,iNews,Buletin iNews GTV,2025,September,"1,988,117","1,961,806","68,874","3,217",00:02:06,23,131,"23,961,429",6,"1,505,043","738,126","766,917","668,561","98,356","5,355","2,138","5,276",258,"4,015","2,587","5,336,071",0,0,"150,960","5,179,038","9,416,453","1,006,290","9,358","847,080","2,720",1,22,0,0,"22,492","1,098",32,7,25,1,9,"42,603",0,0,0,0,20,"1,583",,,,,,,,,"1,612,843","3,217","663,382","  3,152,310 ",  185 ,69.30%,30.70%,0.10%,2.40%,10.10%,35.10%,23.20%,14.40%,9.60%,5.30%
94,iNews,Buletin iNews GTV,2025,October,"2,731,294","2,703,919","83,565","4,025",00:01:51,15,264,"31,325,783",7,"2,022,435","1,037,724","984,711","870,873","113,838","6,307","2,282","10,644",306,"6,263","5,221","7,056,095",0,0,"244,208","6,806,532","12,403,007","1,369,569","9,056","1,160,763","2,610",1,17,0,0,"35,033","1,724",31,151,"14,553","29,595",23,"95,182",0,0,0,0,45,"4,827",,,,,,,,,"1,616,868","4,025","933,526","  4,489,530 ",  264 ,71.60%,28.40%,0.10%,2.30%,9.50%,35.60%,24.70%,14.50%,8.90%,4.50%
95,iNews,Buletin iNews GTV,2025,November,"2,950,792","2,914,938","83,107","3,489",00:01:42,14,267,"34,139,721",7,"2,184,391","1,117,983","1,066,819","958,820","107,999","5,580","2,091","9,370",402,"5,977","4,613","6,680,806",0,0,"205,223","6,469,365","11,763,030","1,335,302","8,809","1,153,195","2,292",0,22,0,0,"36,112","1,446",27,72,"3,420",430,20,"60,234",0,0,0,0,98,"16,238",,,,,,,,,"1,620,357","3,489","876,084","  3,421,080 ",  201 ,73.20%,26.70%,0.10%,2.50%,9.00%,33.90%,24.20%,16.00%,9.90%,4.50%
96,iNews,Buletin iNews GTV,2025,December,"1,859,411","1,823,962","54,299",960,00:01:47,28,184,"22,790,840",6,"1,336,207","701,184","636,196","572,013","64,183","3,094","2,134","2,902",209,"3,338","2,795","4,184,394",0,0,"130,992","4,045,880","7,356,141","843,980","8,716","722,844","2,294",0,6,0,0,"22,071",959,2,11,0,0,14,"26,776",0,0,0,1,247,"22,250",,,,,,,,,"1,621,318",961,"495,091","  2,260,320 ",  133 ,70.70%,29.30%,0%,3.30%,9.90%,34.70%,22.40%,15.10%,9.70%,5.00%
97,iNews,Buletin iNews GTV,2026,January,"2,481,782","2,441,348","57,609","1,587",00:01:24,31,197,"30,557,272",7,"1,823,473","976,156","847,275","777,300","69,975","3,661","2,074","6,378",220,"4,168","4,062","4,581,876",0,0,"126,645","4,263,434","7,756,565","943,757","8,219","840,436","1,801",0,14,0,0,"30,534","1,001",2,-8,0,0,13,"17,661",0,0,0,0,209,"9,003",,,,,,,,,"1,622,903","1,586","594,025","  2,201,605 ",,73.50%,26.50%,0%,2.90%,9.60%,36.00%,23.70%,14.50%,8.80%,4.50%
98,iNews,Buletin iNews GTV,2026,February,"2,476,393","2,428,547","50,145","1,049",00:01:14,27,234,"29,396,352",7,"1,808,427","988,910","823,806","753,392","70,414","3,049","2,000","5,152",275,"3,529","4,152","4,430,755",0,0,"110,016","4,313,024","7,824,633","954,632","8,196","849,536","1,824",1,13,0,0,"30,287",831,7,82,35,468,14,"31,018",0,0,0,0,45,"2,351",,,,,,,,,"1,623,953","1,049","547,147","  1,914,797 ",,74.50%,25.40%,0.10%,2.40%,9.20%,35.50%,23.70%,15.00%,9.30%,4.80%
99,iNews,Buletin iNews GTV,2026,March,"4,170,952","4,054,842","87,673","2,868",00:01:17,9,215,"41,461,832",8,"2,715,198","1,435,871","1,123,896","1,030,859","93,037","5,087","2,219","20,237",635,"4,409","9,674","6,983,961",0,0,"199,539","6,767,648","12,280,009","1,400,304","8,770","1,154,142","1,733",0,27,0,0,"52,677","1,619",31,142,"4,544","17,866",15,"68,753",0,0,0,0,19,"1,605",,,,,,,,,"1,626,821","2,868","1,553,726","  5,062,578 ",,75.60%,24.30%,0.10%,1.50%,8.50%,31.50%,23.40%,17.90%,10.90%,6.40%
100,iNews,Buletin iNews GTV,2026,April,"3,625,537","3,528,167","94,406","1,777",00:01:36,34,103,"34,380,202",8,"2,434,073","1,045,393","1,214,538","1,105,593","108,945","4,402","2,625","13,996",339,"4,497","6,893","6,506,363",0,0,"198,478","6,292,198","11,201,403","1,239,110","9,040","1,046,489","1,734",0,28,0,0,"41,248","1,529",0,0,0,0,10,"15,992",0,0,0,0,30,"3,193",,,,,,,,,"1,628,598","1,777","968,368","  3,630,981 ",,72.90%,27.00%,0.10%,2.00%,7.60%,32.80%,24.50%,17.40%,10.90%,4.70%
101,iNews,Buletin iNews GTV,2026,May,"3,039,733","2,842,115","92,947","2,119",00:01:57,6,263,"28,657,770",7,"2,142,935","1,039,811","982,894","895,608","87,286","4,145","2,026","12,426",684,"10,692","6,352","7,446,464",0,0,"212,605","7,215,820","13,035,398","1,384,989","9,412","1,154,824","2,641",0,39,0,0,"36,074","1,750",41,43,563,"3,135",12,"25,916",0,0,0,0,27,"3,806",,,,,,,,,"1,630,716","2,119","1,165,632","  4,938,191 ",,69.00%,31.00%,0.00%,2.20%,8.00%,32.90%,23.90%,16.30%,11.10%,5.60%
102,iNews,Buletin iNews GTV,2026,June,"3,373,219","3,160,689","116,421","2,070",00:02:12,15,378,"35,905,261",7,"2,418,856","1,266,452","1,031,352","934,568","96,784","4,724","2,654","17,108","1,331","8,120","11,698","9,911,846",0,0,"295,165","9,598,625","17,415,222","1,804,529","9,651","1,546,259","3,118",0,31,0,0,"53,109","2,311",29,198,"1,931",340,16,"26,756",0,0,0,0,21,"2,552",,,,,,,,,"1,632,786","2,070","1,503,939","  6,688,155 ",,68.40%,31.50%,0.10%,2.60%,9.10%,33.20%,22.80%,15.10%,11.20%,6.20%
103,iNews,Buletin iNews GTV,2026,July,"2,769,871","2,672,176","109,293","1,651",00:02:27,20,505,"30,096,952",7,"1,984,553","728,763","922,103","815,507","106,596","3,798","2,147","8,802",603,"4,379","9,751","8,350,369",0,0,"284,673","8,049,234","14,602,460","1,560,158","9,360","1,326,778","3,151",0,16,0,0,"43,763","2,220",14,198,83,65,8,"14,429",0,0,0,0,41,"4,124",,,,,,,,,"1,634,438","1,651","1,457,807","  6,132,004 ",,73.90%,26.10%,0.10%,1.70%,6.80%,30.00%,22.90%,16.80%,13.70%,
104,iNews,Buletin iNews GTV,2026,August,,,,,,,,,,,,,,,,,,,,,,,,,,,,,,,,,,,,,,,,,,,,,,,,,,,,,,,,,,,,,,,,,,,,,,,
105,iNews,Buletin iNews GTV,2026,September,,,,,,,,,,,,,,,,,,,,,,,,,,,,,,,,,,,,,,,,,,,,,,,,,,,,,,,,,,,,,,,,,,,,,,,
106,iNews,Buletin iNews GTV,2026,October,,,,,,,,,,,,,,,,,,,,,,,,,,,,,,,,,,,,,,,,,,,,,,,,,,,,,,,,,,,,,,,,,,,,,,,
107,iNews,Buletin iNews GTV,2026,November,,,,,,,,,,,,,,,,,,,,,,,,,,,,,,,,,,,,,,,,,,,,,,,,,,,,,,,,,,,,,,,,,,,,,,,
108,iNews,Buletin iNews GTV,2026,December,,,,,,,,,,,,,,,,,,,,,,,,,,,,,,,,,,,,,,,,,,,,,,,,,,,,,,,,,,,,,,,,,,,,,,,
109,iNews,iNews Bali Nusra,2024,January,"19,741","19,741","1,084",-27,00:03:17,22,,"289,611",5,"12,158","9,954","2,204","2,204",0,158,185,176,0,99,19,"61,573",0,0,"2,410","58,943","107,169","10,882","9,848","9,043","3,119",0,0,0,0,409,22,,0,,,,,0,0,0,0,36,461,,,,,,,,,"207,628",-27,,  -   ,,,,,,,,,,,
110,iNews,iNews Bali Nusra,2024,February,"23,008","23,008","1,352",-24,00:03:31,24,,"328,302",5,"15,344","12,870","2,444","2,444",0,149,173,111,-6,70,19,"82,456",0,0,"2,255","79,873","145,223","14,916","9,736","12,172","3,584",0,0,0,0,383,20,,0,,,,,0,0,0,0,28,356,,,,,,,,,"207,604",-24,,  -   ,,,,,,,,,,,
111,iNews,iNews Bali Nusra,2024,March,"23,218","23,218","1,332",-21,00:03:26,24,,"302,891",6,"14,840","12,605","2,235","2,235",0,170,191,104,-2,81,18,"108,980",0,0,"2,033","106,601","193,821","17,969","10,786","13,906","4,694",0,0,0,0,462,22,,0,,,,,0,0,0,0,39,667,,,,,,,,,"207,583",-21,,  -   ,,,,,,,,,,,
112,iNews,iNews Bali Nusra,2024,April,"35,870","35,870","1,432",27,00:02:23,22,1,"399,739",5,"26,215","23,987","2,228","2,228",0,189,162,387,9,94,18,"79,295",0,0,"3,691","72,783","132,333","12,150","10,892","9,749","2,211",0,0,0,0,717,32,,0,,,,,6,0,0,0,25,553,,,,,,,,,"207,610",27,,  -   ,,,,,,,,,,,
113,iNews,iNews Bali Nusra,2024,May,"50,705","50,705","2,743",130,00:03:14,28,1,"502,176",6,"36,027","32,842","3,185","3,185",0,354,224,341,20,122,38,"139,961",0,0,"9,710","128,155","233,009","21,434","10,871","17,344","2,760",0,0,0,0,"1,362",80,,0,,,,,6,0,0,0,26,647,,,,,,,,,"207,740",130,,  -   ,,,,,,,,,,,
114,iNews,iNews Bali Nusra,2024,June,"44,061","44,061","2,624",112,00:03:34,28,,"417,868",6,"33,711","30,839","2,872","2,872",0,337,225,339,22,115,38,"119,951",0,0,"4,815","112,487","204,522","18,189","11,244","14,872","2,722",0,0,0,0,796,37,,0,,,,,0,0,0,0,21,495,,,,,,,,,"207,852",112,,  -   ,,,,,,,,,,,
115,iNews,iNews Bali Nusra,2024,July,"40,386","40,386","2,353",92,00:03:29,27,,"412,806",6,"29,202","26,786","2,416","2,416",0,326,234,322,4,121,32,"114,901",0,0,"3,593","108,950","198,091","22,548","8,785","18,687","2,845",0,0,0,0,637,33,,0,,,,,6,0,0,0,12,520,,,,,,,,,"207,944",92,,  -   ,,,,,,,,,,,
116,iNews,iNews Bali Nusra,2024,August,"74,061","74,061","3,572",238,00:02:53,31,,"623,166",7,"57,561","54,181","3,380","3,380",0,439,201,988,25,127,43,"174,843",0,0,"4,227","163,370","297,038","33,793","8,790","27,644","2,361",0,0,0,0,"1,091",47,,0,,,,,1,0,0,0,31,540,,,,,,,,,"208,182",238,,  -   ,,,,,,,,,,,
117,iNews,iNews Bali Nusra,2024,September,"45,118","45,118","2,307",59,00:03:04,25,,"457,817",6,"33,596","31,161","2,435","2,435",0,252,193,494,2,96,24,"124,192",0,0,"5,158","115,738","210,432","23,226","9,060","18,546","2,753",0,0,0,0,952,53,,0,,,,,0,0,0,0,17,356,,,,,,,,,"208,241",59,,  -   ,,,,,,,,,,,
118,iNews,iNews Bali Nusra,2024,October,"192,823","192,823","18,343","1,262",00:05:42,37,,"1,865,289",7,"153,747","146,630","7,117","7,117",0,"1,502",240,"1,730",87,289,161,"880,142",0,0,"24,261","853,182","1,551,240","185,470","8,364","146,439","4,565",0,0,0,0,"2,217",212,,0,,,,,1,0,0,0,6,248,,,,,,,,,"209,503","1,262",,  -   ,,,,,,,,,,,
119,iNews,iNews Bali Nusra,2024,November,"71,482","71,482","5,290",269,00:04:26,32,,"673,993",7,"58,840","54,879","3,961","3,961",0,447,178,534,13,108,48,"277,953",0,0,"10,947","264,568","481,032","57,882","8,311","48,545","3,888",0,0,0,0,"1,023",76,,0,,,,,1,0,0,0,18,394,,,,,,,,,"209,772",269,,  -   ,,,,,,,,,,,
120,iNews,iNews Bali Nusra,2024,December,"41,224","41,224","1,798",52,00:02:37,28,,"344,168",6,"31,643","29,103","2,540","2,540",0,250,198,527,13,83,19,"94,806",0,0,"4,481","85,775","155,955","15,885","9,818","13,127","2,300",0,0,0,0,592,30,,0,,,,,0,0,0,0,10,435,,,,,,,,,"209,824",52,,  -   ,,,,,,,,,,,
121,iNews,iNews Bali Nusra,2025,January,"27,684","27,684","1,385",-40,00:03:00,22,,"283,538",6,"18,498","16,219","2,279","2,279",0,145,185,226,3,61,15,"59,825",0,0,"8,851","49,474","89,952","10,579","8,503","9,003","2,161",0,0,0,0,623,52,,0,,,,,0,0,0,0,17,443,,,,,,,,,"209,784",-40,0,  -   ,  -   ,,,,,,,,,,
122,iNews,iNews Bali Nusra,2025,February,"22,683","22,683","1,099",12,00:02:54,18,,"248,195",5,"13,921","12,036","1,885","1,885",0,117,105,168,5,40,15,"63,779",0,0,"2,866","59,615","108,391","9,510","11,398","7,662","2,812",0,0,0,0,368,18,,0,,,,,1,0,0,0,22,395,,,,,,,,,"209,796",12,0,  -   ,  -   ,,,,,,,,,,
123,iNews,iNews Bali Nusra,2025,March,"24,947","24,863","1,289",-61,00:03:06,21,,"269,822",6,"16,438","14,203","2,237","2,176",61,154,215,101,5,54,24,"91,799",0,0,"2,729","87,840","159,709","14,194","11,252","11,067","3,692",0,0,0,0,442,22,,0,,,,,1,0,0,0,23,271,,,,,,,,,"209,735",-61,0,  -   ,  -   ,,,,,,,,,,
124,iNews,iNews Bali Nusra,2025,April,"21,293","17,799",741,-52,00:02:29,16,,"199,086",5,"10,913","9,437","1,460","1,362",98,125,177,22,-8,52,13,"48,735",0,0,"5,161","42,489","77,252","6,912","11,176","5,568","2,738",0,0,0,0,499,33,,0,,,,,0,0,0,0,11,292,,,,,,,,,"209,683",-52,0,  -   ,  -   ,,,,,,,,,,
125,iNews,iNews Bali Nusra,2025,May,"18,998","16,424",725,-83,00:02:38,17,,"196,670",5,"10,215","8,924","1,291","1,179",112,109,192,26,-5,45,7,"38,709",0,0,"2,473","35,436","64,428","6,459","9,975","5,377","2,357",0,0,0,0,309,18,,0,,,1,7,0,0,0,0,27,341,,,,,,,,,"209,600",-83,0,  -   ,  -   ,,,,,,,,,,
126,iNews,iNews Bali Nusra,2025,June,"20,944","17,332",672,-57,00:02:19,13,,"212,262",5,"10,009","8,768","1,241","1,138",103,107,164,83,-10,37,11,"40,056",0,0,"2,243","36,665","66,664","5,925","11,251","4,867","2,311",0,0,0,0,309,15,,0,,,,22,0,0,0,0,16,286,,,,,,,,,"209,543",-57,0,  -   ,  -   ,,,,,,,,,,
127,iNews,iNews Bali Nusra,2025,July,"23,038","18,728",727,-90,00:02:19,14,,"225,723",5,"11,393","10,002","1,391","1,278",113,119,209,14,-2,44,5,"42,889",0,0,"1,971","39,649","72,089","6,934","10,397","5,802","2,290",0,0,0,0,316,15,,0,,,,20,0,0,0,0,14,286,,,,,,,,,"209,453",-90,0,  -   ,  -   ,67.90%,32.10%,,0.20%,13.60%,42.40%,20.40%,12.60%,8.00%,2.80%
128,iNews,iNews Bali Nusra,2025,August,"604,381","602,170","47,322","2,756",00:04:42,27,106,"6,114,757",8,"515,675","498,503","17,172","17,080",92,"3,070",314,"3,192",286,532,"5,964","2,430,787",0,0,"65,358","2,364,807","4,299,361","534,899","8,038","474,138","4,037",0,0,0,0,"6,972",497,23,0,"1,707",78,1,"7,609",7,0,0,0,13,236,,,,,,,,,"212,299","2,756","588,173","  2,541,500 ",  150 ,78.30%,21.70%,0%,1.10%,6.00%,25.90%,20.30%,18.90%,18.10%,9.70%
129,iNews,iNews Bali Nusra,2025,September,"2,705,592","2,698,155","284,779","12,997",00:06:19,27,178,"26,952,527",7,"2,035,674","1,829,104","206,570","206,445",125,"13,839",842,"22,387",873,"4,128","7,438","20,123,908",0,0,"859,622","19,261,025","35,020,663","3,293,705","10,633","2,295,933","7,458",0,2,0,0,"60,436","6,443",463,4,434,64,6,"58,621",13,0,0,0,27,498,,,,,,,,,"225,247","12,997","2,522,109","  18,919,810 ","  1,113 ",75.10%,24.80%,0.10%,0.90%,7.30%,31.20%,21.00%,16.30%,14.40%,8.90%
130,iNews,iNews Bali Nusra,2025,October,"968,605","956,238","73,803","3,609",00:04:37,12,200,"10,262,909",7,"759,679","499,848","259,831","259,713",118,"4,082",473,"7,888",294,"1,798","6,254","4,500,024",0,0,"223,112","4,272,681","7,768,576","894,164","8,688","724,702","4,706",0,2,0,0,"18,278","1,670",704,4,297,640,6,"42,430",0,0,0,0,30,660,,,,,,,,,"228,856","3,609","651,127","  2,320,670 ",  137 ,76.80%,23.20%,0.10%,1.00%,5.70%,26.70%,21.90%,18.10%,16.60%,10.00%
131,iNews,iNews Bali Nusra,2025,November,"583,066","582,001","51,997","1,373",00:05:21,33,159,"4,418,800",11,"464,481","297,005","167,869","167,740",129,"1,755",382,"3,175",171,957,"1,441","3,523,973",0,0,"160,774","3,362,855","6,114,281","532,089","11,491","436,087","6,055",0,1,0,0,"9,638","1,146",316,1,722,246,3,"23,759",0,0,0,0,14,240,,,,,,,,,"230,229","1,373","386,073","  1,862,180 ",  110 ,75.90%,24.00%,0.10%,1.00%,5.20%,25.60%,21.00%,18.40%,17.10%,11.70%
132,iNews,iNews Bali Nusra,2025,December,"755,811","754,787","79,121","2,299",00:06:17,7,178,"5,957,607",10,"620,338","427,922","191,932","191,768",164,"2,732",433,"4,344",266,"1,491","1,558","5,741,459",0,0,"168,502","5,572,543","10,131,896","877,647","11,544","705,148","7,607",0,0,0,0,"10,932","1,292",36,0,159,0,,"18,527",0,0,0,0,12,270,,,,,,,,,"232,528","2,299","132,561","  947,240 ",  56 ,78.50%,21.50%,0%,1.00%,4.80%,24.60%,20.50%,18.60%,18.10%,12.40%
133,iNews,iNews Bali Nusra,2026,January,"457,181","448,604","63,383","1,014",00:08:28,15,197,"3,584,541",10,"347,154","213,955","133,364","132,654",710,"1,378",364,"1,907",253,568,"1,317","3,195,290",0,0,"76,854","3,025,623","5,504,938","569,672","9,663","403,157","6,920",0,0,0,0,"4,400",623,1,0,1,0,2,"1,140",0,0,0,0,22,320,,,,,,,,,"233,542","1,014","230,358","  1,220,815 ",,76.60%,23.40%,0.00%,1.40%,5.90%,27.90%,19.50%,16.30%,16.90%,12.10%
134,iNews,iNews Bali Nusra,2026,February,"1,050,769","1,023,347","133,896","2,284",00:07:51,13,341,"7,283,642",11,"737,751","383,800","353,218","349,041","4,177","2,719",435,"6,488",561,"1,121","4,289","6,881,091",0,0,"217,163","6,653,481","12,096,382","1,347,067","8,980","949,323","6,723",0,0,0,0,"9,973","1,593",12,7,887,829,0,43,4,0,0,0,7,191,,,,,,,,,"235,826","2,284","799,044","  4,964,157 ",,77.40%,22.50%,0.00%,1.20%,5.20%,25.80%,18.10%,16.90%,19.30%,13.40%
135,iNews,iNews Bali Nusra,2026,March,"482,849","481,677","104,585",901,00:13:01,14,315,"4,783,254",8,"376,082","209,234","148,757","145,559","3,198","1,307",406,"2,520",262,700,"2,686","6,429,711",0,0,"299,029","6,130,267","11,109,661","930,103","11,945","482,284","13,849",0,0,0,0,"8,100","2,484",24,7,34,185,0,37,0,0,0,0,18,266,,,,,,,,,"236,727",901,"368,748","  5,203,722 ",,78.20%,21.80%,0.10%,1.10%,6.10%,31.10%,23.60%,16.60%,13.00%,8.60%
136,iNews,iNews Bali Nusra,2026,April,"1,061,049","1,059,458","143,150","1,870",00:08:06,14,178,"9,705,637",9,"774,450","351,921","322,873","313,459","9,414","2,322",452,"4,493",435,"1,026","4,602","6,703,055",0,0,"354,098","6,348,506","11,529,275","1,225,651","9,407","857,308","6,569",0,0,0,0,"15,633","2,756",76,24,662,256,0,10,8,0,0,0,19,402,,,,,,,,,"238,597","1,870","771,185","  5,136,372 ",,76.70%,23.30%,0%,1.20%,5.30%,26.90%,20.60%,17.90%,17.30%,10.70%
137,iNews,iNews Bali Nusra,2026,May,"1,261,927","1,259,740","171,384","2,012",00:08:09,16,449,"11,331,966",9,"833,610","376,036","420,955","401,018","19,937","2,547",535,"5,140",494,988,"4,654","8,968,317",0,0,"403,864","8,563,458","15,301,918","1,462,255","10,465","1,050,587","6,990",0,0,0,0,"17,573","3,189",334,20,827,398,1,965,1,0,0,0,12,237,,,,,,,,,"240,609","2,012","847,402","  5,671,016 ",,78.70%,21.30%,0.00%,1.10%,5.10%,26.60%,20.10%,17.40%,17.50%,12.20%
138,iNews,iNews Bali Nusra,2026,June,"802,891","800,902","133,105","1,160",00:09:58,8,492,"5,956,116",11,"567,081","220,382","308,759","285,777","22,982","1,560",400,"3,316",418,734,"3,126","6,766,361",0,0,"431,898","6,333,426","11,479,333","1,015,301","11,306","674,749","8,568",0,0,0,0,"12,977","3,142",476,23,"1,670",377,1,596,2,0,0,0,16,312,,,,,,,,,"241,769","1,160","471,355","  4,054,860 ",,78.60%,21.40%,0.00%,0.90%,5.20%,26.70%,19.90%,17.20%,17.40%,12.70%
139,iNews,iNews Bali Nusra,2026,July,"738,269","736,836","108,813","1,297",00:08:51,16,986,"5,302,102",11,"546,017","211,172","304,713","276,121","28,592","1,685",388,"3,279",397,761,"2,683","5,807,753",0,0,"196,569","5,610,703","10,189,703","927,412","10,987","664,463","7,920",0,0,0,0,"8,169","1,611",13,0,91,12,,19,0,0,0,0,12,305,,,,,,,,,"243,066","1,297","597,829","  4,735,465 ",,76.30%,23.60%,0.00%,0.90%,4.90%,25.30%,17.40%,16.20%,19.60%,
140,iNews,iNews Bali Nusra,2026,August,,,,,,,,,,,,,,,,,,,,,,,,,,,,,,,,,,,,,,,,,,,,,,,,,,,,,,,,,,,,,,,,,,,,,,,
141,iNews,iNews Bali Nusra,2026,September,,,,,,,,,,,,,,,,,,,,,,,,,,,,,,,,,,,,,,,,,,,,,,,,,,,,,,,,,,,,,,,,,,,,,,,
142,iNews,iNews Bali Nusra,2026,October,,,,,,,,,,,,,,,,,,,,,,,,,,,,,,,,,,,,,,,,,,,,,,,,,,,,,,,,,,,,,,,,,,,,,,,
143,iNews,iNews Bali Nusra,2026,November,,,,,,,,,,,,,,,,,,,,,,,,,,,,,,,,,,,,,,,,,,,,,,,,,,,,,,,,,,,,,,,,,,,,,,,
144,iNews,iNews Bali Nusra,2026,December,,,,,,,,,,,,,,,,,,,,,,,,,,,,,,,,,,,,,,,,,,,,,,,,,,,,,,,,,,,,,,,,,,,,,,,
145,iNews,iNews Jabar,2024,January,"82,061","82,061","4,659",152,00:03:24,21,,"834,159",9,"67,993","63,648","4,345","4,345",0,273,121,296,20,72,71,"249,728",0,0,"7,566","242,162","440,292","46,292","9,511","39,105","3,043",0,0,0,0,"1,381",84,,0,,,,,0,0,0,0,249,"7,185",,,,,,,,,"148,578",152,,  -   ,,,,,,,,,,,
146,iNews,iNews Jabar,2024,February,"58,665","58,665","3,607",112,00:03:41,23,,"608,538",8,"48,950","45,460","3,412","3,412",0,262,150,235,7,65,34,"208,268",0,0,"5,904","202,365","367,935","40,561","9,071","33,947","3,550",0,0,0,0,928,60,,0,,,,,0,0,0,0,238,"5,291",,,,,,,,,"148,690",112,,  -   ,,,,,,,,,,,
147,iNews,iNews Jabar,2024,March,"45,604","45,604","2,595",48,00:03:24,23,,"486,134",8,"36,613","33,702","2,911","2,911",0,156,108,108,-1,42,29,"207,842",0,0,"3,867","203,975","370,861","36,301","10,216","29,276","4,558",0,0,0,0,815,55,,0,,,,,0,0,0,0,241,"12,861",,,,,,,,,"148,738",48,,  -   ,,,,,,,,,,,
148,iNews,iNews Jabar,2024,April,"52,250","52,250","2,773",56,00:03:11,21,1,"575,328",8,"41,926","38,442","3,484","3,484",0,174,118,209,9,43,46,"197,226",0,0,"5,784","191,442","348,075","33,132","10,506","27,553","3,775",0,0,0,0,955,56,,0,,,,,6,0,0,0,215,"7,453",,,,,,,,,"148,794",56,,  -   ,,,,,,,,,,,
149,iNews,iNews Jabar,2024,May,"47,199","47,199","2,407",64,00:03:03,21,3,"474,333",8,"34,693","31,283","3,410","3,410",0,189,125,186,9,59,40,"138,830",0,0,"3,809","134,910","245,291","24,076","10,188","20,446","2,941",0,0,0,0,715,48,,0,,,,,0,0,0,0,412,"8,953",,,,,,,,,"148,858",64,,  -   ,,,,,,,,,,,
150,iNews,iNews Jabar,2024,June,"36,351","36,351","1,742",27,00:02:52,19,,"414,438",7,"24,833","22,088","2,745","2,745",0,158,131,88,1,45,19,"110,068",0,0,"2,631","107,400","195,272","19,873","9,826","16,812","3,028",0,0,0,0,620,37,,0,,,,,0,0,0,0,327,"7,547",,,,,,,,,"148,885",27,,  -   ,,,,,,,,,,,
151,iNews,iNews Jabar,2024,July,"44,107","44,107","2,303",50,00:03:07,22,2,"482,905",7,"32,828","29,545","3,283","3,283",0,186,136,179,0,60,37,"165,970",0,0,"2,951","163,017","296,395","28,349","10,455","23,631","3,763",0,0,0,0,726,33,,0,,,,,0,0,0,0,385,"14,999",,,,,,,,,"148,935",50,,  -   ,,,,,,,,,,,
152,iNews,iNews Jabar,2024,August,"58,203","58,203","3,147",114,00:03:14,22,,"662,086",8,"44,614","39,957","4,657","4,657",0,229,115,214,4,80,47,"188,045",0,0,"3,414","184,625","335,682","38,037","8,825","32,764","3,231",0,0,0,0,890,52,,0,,,,,0,0,0,0,407,"11,880",,,,,,,,,"149,049",114,,  -   ,,,,,,,,,,,
153,iNews,iNews Jabar,2024,September,"45,744","45,744","2,332",77,00:03:03,22,1,"494,028",8,"32,726","29,174","3,552","3,552",0,198,121,168,1,79,19,"138,909",0,0,"2,978","135,928","247,142","27,908","8,856","23,752","3,037",0,0,0,0,658,33,,0,,,,,0,0,0,0,336,"11,002",,,,,,,,,"149,126",77,,  -   ,,,,,,,,,,,
154,iNews,iNews Jabar,2024,October,"55,210","55,210","3,166",173,00:03:26,21,,"518,653",9,"42,839","38,104","4,735","4,735",0,284,111,240,4,82,59,"163,356",0,0,"5,854","157,498","286,360","31,821","8,999","27,394","2,959",0,0,0,0,941,59,,0,,,,,2,0,0,0,247,"7,931",,,,,,,,,"149,299",173,,  -   ,,,,,,,,,,,
155,iNews,iNews Jabar,2024,November,"120,162","120,162","4,574",350,00:02:17,20,62,"1,539,094",7,"97,968","92,541","5,427","5,427",0,503,153,481,22,84,113,"428,890",0,0,"7,807","421,035","765,692","77,750","9,848","67,883","3,569",0,0,0,0,"1,117",60,,0,,,,,0,0,0,0,203,"7,106",,,,,,,,,"149,649",350,,  -   ,,,,,,,,,,,
156,iNews,iNews Jabar,2024,December,"76,379","76,379","2,899",155,00:02:16,22,32,"845,926",8,"60,014","54,440","5,574","5,574",0,285,130,308,12,72,82,"257,144",0,0,"4,293","252,810","459,656","46,109","9,969","39,413","3,367",0,0,0,0,730,36,,0,,,,,0,0,0,0,250,"9,117",,,,,,,,,"149,804",155,,  -   ,,,,,,,,,,,
157,iNews,iNews Jabar,2025,January,"41,904","41,904","2,427",70,00:03:28,23,0,"417,664",8,"29,571","26,214","3,357","3,357",0,193,123,142,5,39,40,"123,193",0,0,"4,782","118,403","215,278","22,003","9,784","18,768","2,940",0,0,0,0,674,63,,0,,,,,0,0,0,0,271,"9,450",,,,,,,,,"149,874",70,0,  -   ,  -   ,,,,,,,,,,
158,iNews,iNews Jabar,2025,February,"39,356","39,356","2,297",85,00:03:30,21,,"413,258",8,"28,926","25,954","2,972","2,972",0,148,63,121,6,61,29,"140,274",0,0,"4,494","135,779","246,870","23,645","10,441","19,444","3,564",0,0,0,0,579,53,,0,,,,,0,0,0,0,202,"6,358",,,,,,,,,"149,959",85,0,  -   ,  -   ,,,,,,,,,,
159,iNews,iNews Jabar,2025,March,"32,821","32,821","1,743",-7,00:03:11,20,,"329,504",8,"22,454","20,116","2,348","2,265",83,135,142,46,-1,27,15,"123,783",0,0,"2,553","121,228","220,413","20,809","10,592","16,750","3,771",0,0,0,0,370,24,,0,,,4,"4,232",0,0,0,0,134,"5,008",,,,,,,,,"149,952",-7,0,  -   ,  -   ,,,,,,,,,,
160,iNews,iNews Jabar,2025,April,"21,246","21,244","1,141",-26,00:03:13,22,,"224,558",7,"11,527","9,801","1,712","1,568",144,83,109,-15,0,46,10,"58,415",0,0,"2,446","55,968","101,760","10,008","10,168","7,977","2,750",0,0,0,0,314,25,,0,,,,4,0,0,0,0,73,"4,735",,,,,,,,,"149,926",-26,0,  -   ,  -   ,,,,,,,,,,
161,iNews,iNews Jabar,2025,May,"53,849","53,849","3,230",123,00:03:35,23,,"480,104",9,"42,180","38,766","3,414","3,284",130,244,121,323,7,39,48,"152,969",0,0,"3,811","149,159","271,198","32,625","8,313","28,426","2,841",0,0,0,0,571,36,,0,,,,19,1,0,0,1,130,"5,738",,,,,,,,,"150,049",123,0,  -   ,  -   ,,,,,,,,,,
162,iNews,iNews Jabar,2025,June,"101,646","101,646","5,356",209,00:03:09,25,,"953,993",9,"85,802","80,616","5,186","5,048",138,338,129,497,30,51,95,"284,225",0,0,"10,959","273,266","496,847","56,764","8,753","49,682","2,796",0,0,0,0,"2,007",86,,0,,,,32,0,0,0,1,158,"4,852",,,,,,,,,"150,258",209,0,  -   ,  -   ,,,,,,,,,,
163,iNews,iNews Jabar,2025,July,"133,298","133,297","8,567",531,00:03:51,30,7,"1,316,083",8,"117,058","111,077","5,981","5,843",138,697,166,700,36,129,389,"504,136",0,0,"12,862","491,274","893,225","106,809","8,363","96,667","3,782",0,0,0,0,"1,732",108,,0,,,,39,0,0,0,2,160,"4,467",,,,,,,,,"150,789",531,"50,016","  201,450 ",  12 ,77.80%,22.20%,,0.70%,6.90%,36.60%,33.20%,15.60%,5.70%,1.30%
164,iNews,iNews Jabar,2025,August,"380,078","364,467","44,944","1,632",00:07:23,5,252,"2,905,991",9,"280,059","264,118","15,941","15,800",141,"1,849",217,"2,466",134,412,"1,067","3,136,907",0,0,"162,558","2,967,262","5,394,724","396,334","13,612","257,409","8,607",0,0,0,0,"5,676","1,108",111,8,"4,411","2,203",,26,0,0,1,23,112,"3,754",,,,,,,,,"152,308","1,632","276,945","  2,847,500 ",  168 ,59.30%,40.70%,0%,0.90%,7.40%,31.80%,23.30%,16.60%,13.20%,6.70%
165,iNews,iNews Jabar,2025,September,"343,500","336,741","17,841",964,00:03:10,14,217,"2,630,163",11,"262,619","237,518","25,101","24,954",147,"1,152",188,"1,926",97,394,"1,681","900,398",0,0,"27,007","870,838","1,604,380","172,174","9,318","138,002","2,674",0,0,0,0,"2,745",213,546,8,425,283,,3,0,0,0,20,137,"3,628",,,,,,,,,"153,262",964,"300,955","  752,420 ",  44 ,75.90%,24.10%,0%,1.00%,5.90%,30.80%,30.80%,18.10%,9.60%,3.70%
166,iNews,iNews Jabar,2025,October,"422,147","416,688","16,375",987,00:02:21,17,259,"2,922,965",13,"331,914","275,809","56,105","55,971",134,"1,168",181,"1,977",54,530,"1,427","610,899",0,0,"28,321","580,949","1,058,699","107,881","9,814","85,865","1,466",0,0,0,0,"3,950",210,917,6,16,179,,13,0,0,2,14,133,"3,088",,,,,,,,,"154,249",987,"288,135","  306,000 ",  18 ,68.90%,31.00%,0.00%,1.10%,5.10%,30.20%,31.40%,18.70%,9.90%,3.60%
167,iNews,iNews Jabar,2025,November,"312,244","312,011","16,045",519,00:03:05,23,174,"2,297,333",11,"245,656","184,112","61,783","61,637",146,701,182,"1,456",64,405,"1,870","962,010",0,0,"25,310","936,523","1,702,838","209,358","8,134","173,765","3,083",0,0,0,0,"3,461",193,460,0,3,0,,,0,0,0,2,143,"3,591",,,,,,,,,"154,768",519,"183,938","  568,480 ",  33 ,75.90%,24.10%,0%,1.10%,5.30%,26.10%,25.10%,20.90%,14.80%,6.80%
168,iNews,iNews Jabar,2025,December,"96,864","96,695","5,872",96,00:03:38,15,203,"820,117",10,"77,387","58,276","19,108","18,967",141,227,131,487,27,188,833,"365,176",0,0,"10,841","354,269","644,126","75,333","8,550","58,860","3,777",0,0,0,0,"1,267",124,3,0,1,1,,20,0,0,0,2,172,"3,905",,,,,,,,,"154,864",96,"55,856","  222,530 ",  13 ,80.10%,19.90%,0%,1.50%,6.60%,32.60%,29.80%,18.80%,8.00%,2.80%
169,iNews,iNews Jabar,2026,January,"287,973","280,474","19,088",725,00:04:04,39,277,"2,389,263",10,"216,255","170,388","45,836","45,613",223,924,199,"1,828",63,529,"1,002","985,269",0,0,"59,093","895,934","1,629,798","188,786","8,633","145,720","3,416",0,5,0,0,"3,741",504,165,0,158,738,,45,0,0,0,4,150,"3,845",,,,,,,,,"155,589",725,"189,061","  430,616 ",,69.80%,30.20%,0%,1.80%,7.10%,29.60%,25.00%,19.20%,12.10%,5.20%
170,iNews,iNews Jabar,2026,February,"170,249","161,702","8,216",281,00:03:02,3,343,"1,338,378",9,"128,849","105,627","23,420","23,200",220,466,185,"1,250",45,266,356,"539,005",0,0,"20,522","514,523","935,534","110,317","8,480","87,201","3,332",0,0,0,0,"3,283",185,14,0,"1,363","4,877",0,47,0,0,0,4,205,"3,709",,,,,,,,,"155,869",280,"92,822","  267,478 ",,75.10%,24.95%,0.00%,1.70%,8.00%,31.00%,23.60%,17.50%,12.70%,5.60%
171,iNews,iNews Jabar,2026,March,"436,557","436,347","20,534",505,00:02:49,19,333,"3,930,454",9,"355,044","268,677","78,496","78,106",390,711,206,"1,817",87,304,"1,408","1,286,928",0,0,"32,687","1,254,164","2,281,696","278,605","8,190","215,968","2,964",0,0,0,0,"5,214",270,23,5,13,2,0,99,0,0,0,0,116,"4,149",,,,,,,,,"156,374",505,"358,175","  959,988 ",,74.50%,25.50%,0.00%,1.40%,5.80%,28.20%,26.00%,21.20%,12.70%,4.60%
172,iNews,iNews Jabar,2026,April,"635,903","635,745","58,144","1,575",00:05:29,21,183,"4,884,211",11,"482,252","388,776","73,387","73,012",375,"1,830",255,"4,777",232,583,"2,157","3,016,609",0,0,"109,255","2,907,279","5,259,464","535,244","9,826","422,454","4,711",0,0,0,0,"7,795",826,3,1,11,0,0,17,0,0,0,1,53,"2,967",,,,,,,,,"157,950","1,575","586,559","  2,865,390 ",,80.00%,19.90%,0.10%,1.50%,5.80%,26.90%,22.20%,19.40%,15.80%,8.40%
173,iNews,iNews Jabar,2026,May,"849,913","849,703","97,263","1,834",00:06:52,6,435,"6,911,774",10,"665,942","534,254","105,084","104,514",570,"2,105",271,"5,127",198,986,"1,985","6,838,687",0,0,"239,471","6,599,111","11,985,016","1,022,544","11,721","627,377","7,904",0,0,0,0,"15,340","2,089",21,1,"2,621","10,371",,4,0,0,0,1,67,"3,155",,,,,,,,,"159,784","1,834","722,446","  6,164,138 ",,74.90%,25.10%,0.00%,1.40%,7.20%,33.40%,25.30%,17.00%,10.30%,5.50%
174,iNews,iNews Jabar,2026,June,"601,890","600,084","86,035","1,197",00:08:35,14,490,"5,115,360",9,"467,775","325,394","125,510","124,731",779,"1,432",235,"2,852",273,808,"1,880","4,972,312",0,0,"208,224","4,763,572","8,659,896","761,484","11,372","502,119","8,329",0,0,0,0,"9,638","1,805",29,5,724,212,,8,0,0,0,0,72,"2,524",,,,,,,,,"160,981","1,197","443,519","  3,432,795 ",,75.90%,24.10%,0.00%,1.10%,5.90%,28.50%,20.80%,17.60%,16.10%,10.00%
175,iNews,iNews Jabar,2026,July,"441,742","441,142","58,034",840,00:07:53,10,974,"3,601,196",10,"349,444","194,028","114,392","113,259","1,133","1,043",203,"2,046",167,627,"1,170","3,641,889",0,0,"214,382","3,427,381","6,227,116","508,531","12,245","336,278","8,036",0,0,0,0,"8,593","1,618",33,19,513,148,,16,0,0,0,0,57,"2,709",,,,,,,,,"161,821",840,"322,500","  2,772,812 ",,75.90%,24.10%,0.00%,0.90%,5.00%,25.50%,20.80%,18.70%,17.60%,
176,iNews,iNews Jabar,2026,August,,,,,,,,,,,,,,,,,,,,,,,,,,,,,,,,,,,,,,,,,,,,,,,,,,,,,,,,,,,,,,,,,,,,,,,
177,iNews,iNews Jabar,2026,September,,,,,,,,,,,,,,,,,,,,,,,,,,,,,,,,,,,,,,,,,,,,,,,,,,,,,,,,,,,,,,,,,,,,,,,
178,iNews,iNews Jabar,2026,October,,,,,,,,,,,,,,,,,,,,,,,,,,,,,,,,,,,,,,,,,,,,,,,,,,,,,,,,,,,,,,,,,,,,,,,
179,iNews,iNews Jabar,2026,November,,,,,,,,,,,,,,,,,,,,,,,,,,,,,,,,,,,,,,,,,,,,,,,,,,,,,,,,,,,,,,,,,,,,,,,
180,iNews,iNews Jabar,2026,December,,,,,,,,,,,,,,,,,,,,,,,,,,,,,,,,,,,,,,,,,,,,,,,,,,,,,,,,,,,,,,,,,,,,,,,
181,iNews,iNews Jateng,2024,January,"16,183","16,183",880,-93,00:03:15,24,,"195,593",7,"12,646","11,051","1,595","1,595",0,136,229,-93,-11,63,20,"43,688",0,0,561,"43,097","78,358","9,899","7,916","8,908","2,700",0,0,0,0,159,7,,0,,,,,0,0,0,0,0,8,,,,,,,,,"275,745",-93,,  -   ,,,,,,,,,,,
182,iNews,iNews Jateng,2024,February,"16,406","16,406",889,-54,00:03:15,23,,"194,603",7,"13,366","11,879","1,487","1,487",0,158,212,-145,-26,50,17,"47,288",0,0,804,"46,469","84,490","11,319","7,464","10,172","2,882",0,0,0,0,182,8,,0,,,,,0,0,0,0,1,5,,,,,,,,,"275,691",-54,,  -   ,,,,,,,,,,,
183,iNews,iNews Jateng,2024,March,"23,051","23,051","1,444",-15,00:03:45,24,,"235,408",9,"19,297","17,189","2,108","2,108",0,187,202,-56,-14,75,27,"80,542",0,0,746,"79,741","144,983","19,049","7,611","16,986","3,494",0,0,0,0,224,10,,0,,,,,0,0,0,0,0,1,,,,,,,,,"275,676",-15,,  -   ,,,,,,,,,,,
184,iNews,iNews Jateng,2024,April,"21,790","21,790","1,208",-51,00:03:19,23,9,"285,135",7,"17,059","15,512","1,547","1,547",0,141,192,29,-9,60,49,"66,006",0,0,"1,347","64,630","117,510","13,510","8,698","11,894","3,029",0,0,0,0,204,12,,0,,,,,0,0,0,0,0,6,,,,,,,,,"275,625",-51,,  -   ,,,,,,,,,,,
185,iNews,iNews Jateng,2024,May,"45,431","45,431","2,967",43,00:03:55,17,35,"609,992",6,"36,561","34,278","2,283","2,283",0,274,231,66,-10,50,138,"166,994",0,0,"5,275","161,514","293,958","27,704","10,611","23,406","3,676",0,0,0,0,412,44,,0,,,,,0,0,0,0,0,1,,,,,,,,,"275,668",43,,  -   ,,,,,,,,,,,
186,iNews,iNews Jateng,2024,June,"180,559","180,559","13,521",736,00:04:29,24,10,"1,880,482",9,"135,951","124,475","11,476","11,476",0,957,221,537,29,101,441,"581,390",0,0,"6,712","574,614","1,044,753","155,986","6,698","146,165","3,220",0,0,0,0,849,66,,0,,,,,0,0,0,0,0,0,,,,,,,,,"276,404",736,,  -   ,,,,,,,,,,,
187,iNews,iNews Jateng,2024,July,"136,009","136,009","10,686",438,00:04:42,20,66,"1,716,378",7,"100,723","85,752","14,971","14,971",0,686,248,644,20,70,711,"557,315",0,0,"9,960","547,254","995,008","102,662","9,692","87,415","4,098",0,0,0,0,906,93,,0,,,,,0,0,0,0,0,0,,,,,,,,,"276,842",438,,  -   ,,,,,,,,,,,
188,iNews,iNews Jateng,2024,August,"389,165","389,165","37,188","1,538",00:05:44,22,61,"4,106,132",9,"296,590","259,736","36,854","36,854",0,"1,838",300,"2,326",97,247,"2,171","1,834,241",0,0,"63,010","1,771,176","3,220,321","319,836","10,069","252,320","4,713",0,0,0,0,"3,607",567,,0,,,2,"4,267",0,0,0,0,1,6,,,,,,,,,"278,380","1,538",,  -   ,,,,,,,,,,,
189,iNews,iNews Jateng,2024,September,"642,156","642,156","92,266","3,725",00:08:37,26,63,"7,978,025",7,"459,968","399,462","60,506","60,506",0,"4,082",357,"7,477",242,"1,591","4,457","4,133,469",0,0,"320,022","3,813,227","6,933,141","669,813","10,351","551,001","6,437",0,0,0,0,"14,081","2,631",,0,,,1,541,1,0,0,0,0,2,,,,,,,,,"282,105","3,725",,  -   ,,,,,,,,,,,
190,iNews,iNews Jateng,2024,October,"23,609","23,609","1,470",-86,00:03:44,23,0,"251,380",7,"17,517","13,111","4,406","4,406",0,153,239,-103,-19,250,43,"61,789",0,0,"1,578","60,164","109,389","12,940","8,454","11,523","2,617",0,0,0,0,196,18,,0,,,,17,0,0,0,0,0,0,,,,,,,,,"282,019",-86,,  -   ,,,,,,,,,,,
191,iNews,iNews Jateng,2024,November,"480,230","480,230","45,008","2,389",00:05:37,25,35,"4,897,614",9,"372,056","295,533","76,523","76,523",0,"2,673",284,"2,595",152,442,"2,590","2,263,706",0,0,"108,955","2,154,526","3,917,321","451,030","8,685","387,801","4,714",0,4,0,0,"4,752",698,,0,,,,11,0,0,0,3,0,0,,,,,,,,,"284,408","2,389",,  -   ,,,,,,,,,,,
192,iNews,iNews Jateng,2024,December,"345,203","345,203","55,009","1,611",00:09:33,23,56,"4,087,287",7,"262,983","183,498","79,485","79,485",0,"1,891",280,"1,821",115,367,"1,272","2,672,343",0,0,"168,673","2,503,529","4,551,870","401,195","11,346","293,260","7,741",0,0,0,0,"4,224","1,193",,0,,,,2,1,0,0,1,0,1,,,,,,,,,"286,019","1,611",,  -   ,,,,,,,,,,,
193,iNews,iNews Jateng,2025,January,"497,378","497,378","82,205","2,266",00:09:54,26,88,"6,673,819",6,"375,245","277,283","97,962","97,962",0,"2,619",353,"3,334",213,457,"3,666","3,497,203","34,869",1,"296,559","3,165,549","5,755,545","503,687","11,427","382,270","7,031",0,0,0,0,"8,191","2,229",,0,,,1,622,0,0,0,0,0,2,,,,,,,,,"288,285","2,266",,  -   ,,,,,,,,,,,
194,iNews,iNews Jateng,2025,February,"215,634","215,634","18,528",730,00:05:09,24,96,"2,540,305",8,"161,862","103,239","58,623","58,623",0,913,183,"1,201",63,235,"3,550","857,945",0,0,"75,938","781,968","1,421,759","144,346","9,850","124,597","3,979",0,0,0,0,"3,622",453,,0,,,,12,0,0,0,3,0,2,,,,,,,,,"289,015",730,,  -   ,,,,,,,,,,,
195,iNews,iNews Jateng,2025,March,"170,309","170,308","22,277",441,00:07:50,24,80,"2,072,439",7,"130,978","85,698","45,274","44,727",547,762,321,680,68,170,"1,393","1,123,969",0,0,"84,260","1,039,655","1,890,280","166,849","11,329","124,123","6,600",0,0,0,0,"3,032",599,,0,,,,,0,0,0,0,0,0,,,,,,,,,"289,456",441,,  -   ,,,,,,,,,,,
196,iNews,iNews Jateng,2025,April,"202,216","201,929","33,601",928,00:09:59,22,92,"2,537,145",6,"152,488","107,964","44,595","43,456","1,139","1,247",319,"1,309",72,419,"1,413","1,452,578",0,0,"99,943","1,352,565","2,459,209","198,494","12,389","153,491","7,194",0,0,0,0,"3,323",705,,0,,,,1,0,0,0,3,0,0,,,,,,,,,"290,384",928,,  -   ,,,,,,,,,,,
197,iNews,iNews Jateng,2025,May,"179,802","179,414","47,627","1,189",00:15:55,20,32,"1,938,080",8,"131,158","87,787","43,371","42,102","1,269","1,484",295,"1,272",98,327,"1,347","1,865,972",0,0,"130,736","1,735,194","3,154,897","222,836","14,158","151,427","10,400",0,0,0,0,"2,935",942,,0,,,,2,0,0,0,0,0,1,,,,,,,,,"291,573","1,189",,  -   ,,,,,,,,,,,
198,iNews,iNews Jateng,2025,June,"15,722","15,587","1,039",-73,00:03:59,20,,"135,008",8,"10,619","7,606","3,013","2,857",156,129,202,-96,-21,72,110,"41,719",0,0,"2,139","39,548","71,905","8,567","8,393","7,485","2,677",0,0,0,0,362,17,,0,,,,,2,0,0,0,0,4,,,,,,,,,"291,500",-73,,  -   ,,,,,,,,,,,
199,iNews,iNews Jateng,2025,July,"404,811","404,635","78,071","1,941",00:11:34,18,4,"3,534,265",9,"313,932","226,645","87,287","86,183","1,104","2,288",347,"3,042",86,731,604,"3,723,433",0,0,"609,253","3,114,133","5,662,060","438,896","12,901","259,362","9,202",0,0,0,0,"15,907","4,226",1,7,0,0,,,0,0,0,0,0,1,,,,,,,,,"293,441","1,941",,  -   ,,82.90%,17.10%,,0.30%,4.30%,24.90%,25.60%,21.60%,15.70%,7.70%
200,iNews,iNews Jateng,2025,August,"2,010,131","1,971,695","156,139","4,081",00:04:45,2,232,"12,145,003",14,"1,343,998","1,131,477","212,521","210,662","1,859","4,683",602,"9,713",453,"2,518","1,398","10,649,398",0,0,"716,817","9,914,446","18,059,900","1,550,365","11,649","1,133,916","5,401",0,0,0,0,"44,238","5,013",134,204,"103,439","47,339",,,8,0,0,0,0,2,,,,,,,,,"294,766","4,081","1,937,009","  10,827,640 ",  637 ,67.40%,32.50%,0.10%,0.80%,7.00%,31.70%,25.60%,18.20%,11.80%,4.90%
201,iNews,iNews Jateng,2025,September,"1,110,339","1,089,834","78,444","3,465",00:04:19,13,268,"9,932,702",9,"877,380","557,745","319,635","316,848","2,787","3,941",476,"7,535",297,"1,331","5,251","5,762,576",0,0,"314,861","5,439,527","9,891,326","951,433","10,396","715,951","5,288",0,1,0,0,"19,702","2,141",558,42,"6,631","7,001",,,0,0,1,2,0,0,,,,,,,,,"298,186","3,465","1,048,873","  5,538,260 ",  326 ,76.40%,23.60%,0.10%,0.80%,5.40%,29.80%,24.70%,18.10%,14.40%,6.80%
202,iNews,iNews Jateng,2025,October,"894,319","855,804","72,919","3,391",00:05:06,8,272,"5,573,168",12,"605,409","310,509","294,900","291,624","3,276","3,838",447,"6,885",304,"1,515","3,444","5,435,045",0,0,"323,436","5,096,938","9,267,321","852,342","10,873","626,184","6,351",0,2,0,0,"14,157","2,240",831,496,"9,567","10,746",,,0,0,0,0,0,2,,,,,,,,,"301,577","3,391","751,550","  5,005,480 ",  294 ,67.90%,32.00%,0.00%,0.90%,5.30%,26.90%,22.00%,18.10%,16.80%,9.90%
203,iNews,iNews Jateng,2025,November,"366,791","366,272","22,988",543,00:03:45,13,143,"3,020,311",10,"291,828","178,541","113,241","111,150","2,091",820,277,"1,517",58,617,"1,613","1,259,564",0,0,"95,290","1,164,112","2,117,616","235,764","8,982","178,391","3,439",0,0,0,0,"5,518",676,467,24,14,0,,,0,0,0,0,0,0,,,,,,,,,"302,120",543,"281,687","  808,180 ",  48 ,74.60%,25.40%,0%,0.80%,5.00%,27.80%,26.20%,20.00%,13.90%,6.40%
204,iNews,iNews Jateng,2025,December,"603,585","603,123","37,871",635,00:03:46,31,158,"5,618,727",9,"456,723","251,181","205,522","201,461","4,061",957,322,"2,306",221,667,"4,683","2,431,506",0,0,"74,065","2,357,209","4,288,659","513,990","8,344","425,090","4,032",0,0,0,0,"8,476",548,1,1,48,2,,,0,0,0,1,0,0,,,,,,,,,"302,755",635,"536,405","  2,214,930 ",  130 ,82.00%,18.00%,0%,1.00%,4.40%,25.20%,26.30%,21.70%,15.30%,6.00%
205,iNews,iNews Jateng,2026,January,"697,892","674,772","62,215","1,126",00:05:31,28,245,"5,636,430",8,"503,723","267,642","236,232","230,354","5,878","1,502",376,"4,246",235,961,"3,638","2,928,631",0,0,"154,258","2,681,216","4,877,330","570,813","8,545","408,829","4,219",0,4,0,0,"11,680","1,176",4,0,16,3,,,0,0,0,0,0,1,,,,,,,,,"303,881","1,126","631,943","  2,747,257 ",,78.60%,21.40%,0.00%,0.90%,4.40%,24.60%,22.90%,20.50%,17.80%,9.00%
206,iNews,iNews Jateng,2026,February,"782,379","761,989","50,305","1,052",00:03:57,12,349,"5,337,496",11,"563,803","323,699","240,605","233,035","7,570","1,415",363,"5,136",252,"1,138","2,729","3,059,062",0,0,"104,716","2,944,305","5,354,084","602,163","8,891","450,143","4,014",0,0,0,0,"9,900",761,26,9,"1,445","1,036",0,0,0,0,0,0,1,3,,,,,,,,,"304,933","1,052","655,807","  2,719,398 ",,74.40%,25.60%,0.00%,1.10%,5.50%,27.90%,22.30%,19.00%,15.80%,8.30%
207,iNews,iNews Jateng,2026,March,"1,756,415","1,754,947","116,366","3,184",00:03:58,15,347,"11,857,540",13,"1,383,989","891,350","457,400","446,107","11,293","3,768",584,"11,084",460,"1,568","5,929","8,478,697",0,0,"280,738","8,197,504","14,905,889","1,610,688","9,254","1,220,781","4,866",0,0,0,0,"30,047","2,282",47,40,610,150,0,0,0,0,0,0,0,0,,,,,,,,,"308,116","3,184","1,695,537","  8,305,308 ",,79.30%,20.70%,0.10%,1.20%,5.40%,27.20%,25.80%,21.60%,13.30%,5.50%
208,iNews,iNews Jateng,2026,April,"855,250","854,223","62,971","1,355",00:04:25,20,179,"6,261,087",11,"668,356","336,721","281,201","270,605","10,596","1,808",453,"4,677",261,"1,222","3,102","3,914,660",0,0,"157,722","3,756,576","6,810,530","681,933","9,987","505,223","4,567",0,13,0,0,"11,331","1,159",9,-5,13,8,0,0,0,0,0,1,0,0,,,,,,,,,"309,472","1,355","745,753","  3,554,569 ",,78.30%,21.70%,0%,1.30%,5.60%,26.90%,22.40%,19.70%,15.80%,8.30%
209,iNews,iNews Jateng,2026,May,"826,177","825,120","74,622","1,190",00:05:25,12,428,"7,296,900",9,"581,685","280,471","259,412","244,232","15,180","1,520",330,"3,984",266,"1,084","2,890","4,761,919",0,0,"181,769","4,579,671","8,297,465","804,406","10,315","568,595","5,780",0,0,0,0,"11,270","1,452",44,15,"1,852",170,,5,0,0,0,2,0,0,,,,,,,,,"310,662","1,190","700,453","  4,301,651 ",,79.90%,20.10%,0.00%,1.20%,5.90%,28.30%,21.90%,18.50%,15.60%,8.60%
210,iNews,iNews Jateng,2026,June,"1,414,761","1,404,385","168,478","1,810",00:07:11,8,482,"12,641,983",9,"926,249","427,314","458,366","429,391","28,975","2,299",489,"7,180",592,"1,880","5,829","9,769,403",0,0,"556,978","9,209,163","16,731,665","1,534,772","10,902","998,292","7,097",0,3,0,0,"19,642","4,300",50,24,"2,263",711,,,0,0,0,0,0,0,,,,,,,,,"312,472","1,810","1,303,202","  9,246,691 ",,80.10%,19.90%,0.00%,0.90%,5.20%,28.50%,24.20%,19.00%,14.70%,7.50%
211,iNews,iNews Jateng,2026,July,"2,400,625","2,397,049","221,702","3,055",00:05:32,9,"1,015","18,574,934",11,"1,470,791","596,634","775,653","711,157","64,496","3,604",549,"10,936",859,"2,035","7,516","14,965,892",0,0,"770,901","14,194,195","25,806,433","2,398,398","10,760","1,740,366","6,257",0,0,0,0,"40,890","5,875",124,130,"13,544","2,334",,,0,0,0,0,0,0,,,,,,,,,"315,527","3,055","2,255,854","  14,225,298 ",,79.60%,20.40%,0.00%,0.80%,4.40%,24.70%,21.60%,20.10%,18.50%,
212,iNews,iNews Jateng,2026,August,,,,,,,,,,,,,,,,,,,,,,,,,,,,,,,,,,,,,,,,,,,,,,,,,,,,,,,,,,,,,,,,,,,,,,,
213,iNews,iNews Jateng,2026,September,,,,,,,,,,,,,,,,,,,,,,,,,,,,,,,,,,,,,,,,,,,,,,,,,,,,,,,,,,,,,,,,,,,,,,,
214,iNews,iNews Jateng,2026,October,,,,,,,,,,,,,,,,,,,,,,,,,,,,,,,,,,,,,,,,,,,,,,,,,,,,,,,,,,,,,,,,,,,,,,,
215,iNews,iNews Jateng,2026,November,,,,,,,,,,,,,,,,,,,,,,,,,,,,,,,,,,,,,,,,,,,,,,,,,,,,,,,,,,,,,,,,,,,,,,,
216,iNews,iNews Jateng,2026,December,,,,,,,,,,,,,,,,,,,,,,,,,,,,,,,,,,,,,,,,,,,,,,,,,,,,,,,,,,,,,,,,,,,,,,,
217,iNews,iNews Jatim Official,2024,January,"90,589","90,589","10,734",570,00:07:06,33,39,"1,402,973",5,"60,719","48,921","11,798","11,798",0,733,163,646,24,404,22,"557,233",0,0,"4,345","552,888","1,005,248","124,401","8,081","98,749","6,151",0,0,0,0,519,61,,0,,,,,0,0,0,0,122,"14,735",,,,,,,,,"94,349",570,,  -   ,,,,,,,,,,,
218,iNews,iNews Jatim Official,2024,February,"64,969","64,969","6,828",309,00:06:18,30,28,"998,876",5,"39,631","30,900","8,694","8,694",0,473,164,465,20,299,11,"436,572",0,0,"3,779","432,793","786,895","87,651","8,978","66,479","6,720",0,0,0,0,443,46,,0,,,,,1,0,0,0,54,"7,655",,,,,,,,,"94,658",309,,  -   ,,,,,,,,,,,
219,iNews,iNews Jatim Official,2024,March,"100,172","100,172","11,129",620,00:06:39,32,42,"1,402,772",5,"62,299","50,299","12,000","12,000",0,755,135,976,42,493,132,"868,609",0,0,"5,050","863,559","1,570,103","161,799","9,704","116,421","8,671",0,0,0,0,"2,220",71,,0,,,,1,9,0,0,0,98,"13,217",,,,,,,,,"95,278",620,,  -   ,,,,,,,,,,,
220,iNews,iNews Jatim Official,2024,April,"77,198","77,198","8,689",404,00:06:45,32,36,"1,192,847",5,"47,334","37,105","10,229","10,229",0,545,141,412,40,289,28,"565,592",0,0,"5,019","560,573","1,019,224","108,283","9,413","82,273","7,327",0,0,0,0,881,60,,0,,,,,3,0,0,0,66,"9,262",,,,,,,,,"95,682",404,,  -   ,,,,,,,,,,,
221,iNews,iNews Jatim Official,2024,May,"90,354","90,354","10,269",471,00:06:49,33,10,"1,275,046",6,"57,366","45,535","11,831","11,831",0,628,157,504,26,339,25,"585,821",0,0,"3,938","581,773","1,057,768","121,148","8,731","95,751","6,484",0,0,0,0,404,47,,0,,,,,0,0,0,0,86,"11,280",,,,,,,,,"96,153",471,,  -   ,,,,,,,,,,,
222,iNews,iNews Jatim Official,2024,June,"83,412","83,412","9,984",510,00:07:10,33,19,"1,301,943",5,"55,076","43,961","11,115","11,115",0,677,167,468,25,333,31,"706,209",0,0,"4,411","701,783","1,275,970","133,895","9,530","99,203","8,467",0,0,0,0,422,51,,0,,,1,414,0,0,0,0,78,"11,572",,,,,,,,,"96,663",510,,  -   ,,,,,,,,,,,
223,iNews,iNews Jatim Official,2024,July,"104,459","104,459","12,428",660,00:07:08,32,19,"1,604,772",5,"69,883","57,042","12,841","12,841",0,888,228,584,56,426,26,"868,831",0,0,"4,149","864,681","1,572,148","168,939","9,306","124,538","8,317",0,0,0,0,487,54,,0,,,,2,1,0,0,0,113,"16,104",,,,,,,,,"97,323",660,,  -   ,,,,,,,,,,,
224,iNews,iNews Jatim Official,2024,August,"89,533","89,533","9,673",481,00:06:28,31,12,"1,320,580",5,"54,631","43,282","11,349","11,349",0,669,188,372,41,458,18,"682,064",0,0,"2,983","679,067","1,234,670","132,202","9,339","98,324","7,618",0,0,0,0,"1,091",43,,0,,,,2,0,0,0,0,75,"11,711",,,,,,,,,"97,804",481,,  -   ,,,,,,,,,,,
225,iNews,iNews Jatim Official,2024,September,"89,921","89,921","10,406",570,00:06:56,32,18,"1,315,086",5,"58,604","46,022","12,582","12,582",0,716,146,441,39,367,38,"701,595",0,0,"2,337","699,251","1,272,204","146,136","8,706","107,960","7,802",0,0,0,0,557,37,,0,,,2,727,1,0,0,0,101,"13,274",,,,,,,,,"98,374",570,,  -   ,,,,,,,,,,,
226,iNews,iNews Jatim Official,2024,October,"104,960","104,960","12,005",538,00:06:51,33,,"1,460,575",5,"62,228","49,138","13,090","13,090",0,691,153,532,56,466,15,"725,573",0,0,"5,523","720,037","1,309,157","138,688","9,440","108,509","6,913",0,0,0,0,466,52,,0,,,,16,2,0,0,0,84,"14,328",,,,,,,,,"98,912",538,,  -   ,,,,,,,,,,,
227,iNews,iNews Jatim Official,2024,November,"112,707","112,707","13,563",629,00:07:13,33,18,"1,617,467",5,"68,015","53,266","14,749","14,749",0,779,150,522,48,333,18,"886,945",0,0,"5,810","881,124","1,602,044","161,398","9,926","124,599","7,869",0,0,0,0,503,59,,0,,,2,246,0,0,0,0,99,"15,912",,,,,,,,,"99,541",629,,  -   ,,,,,,,,,,,
228,iNews,iNews Jatim Official,2024,December,"113,548","113,548","13,249",544,00:07:00,33,36,"1,526,691",5,"67,343","52,309","15,034","15,034",0,729,185,481,56,315,26,"864,766",0,0,"6,817","857,940","1,559,891","157,851","9,882","121,867","7,616",0,0,0,0,689,76,,0,,,2,"2,529",6,0,0,0,89,"14,168",,,,,,,,,"100,085",544,,  -   ,,,,,,,,,,,
229,iNews,iNews Jatim Official,2025,January,"110,830","110,830","12,614",554,00:06:49,31,48,"1,508,725",5,"65,254","49,795","15,459","15,459",0,731,177,438,55,347,29,"661,517",0,0,"4,763","656,747","1,197,710","131,992","9,074","109,712","5,969",0,0,0,0,506,62,,0,,,2,"1,098",0,0,0,0,95,"14,543",,,,,,,,,"100,639",554,"6,245","  32,640 ",  2 ,,,,,,,,,,
230,iNews,iNews Jatim Official,2025,February,"95,311","95,311","10,564",450,00:06:39,30,44,"1,156,233",5,"54,020","40,648","13,372","13,372",0,558,108,334,32,360,14,"667,203",0,0,"4,239","662,958","1,205,378","120,452","10,007","94,303","7,000",0,0,0,0,428,49,,0,,,1,544,0,0,0,0,87,"12,135",,,,,,,,,"101,089",450,"4,353","  21,590 ",  1 ,,,,,,,,,,
231,iNews,iNews Jatim Official,2025,March,"186,180","186,180","18,179",894,00:05:51,30,169,"2,056,412",6,"102,391","84,142","18,586","18,084",502,"1,160",266,"1,226",72,561,65,"1,352,293",0,0,"8,256","1,344,008","2,443,652","238,512","10,245","182,205","7,263",0,0,0,0,977,110,,0,,,,97,0,0,0,0,120,"17,368",,,,,,,,,"101,983",894,"45,704","  218,450 ",  13 ,,,,,,,,,,
232,iNews,iNews Jatim Official,2025,April,"98,434","98,425","10,234",418,00:06:14,30,29,"919,371",6,"46,777","33,201","14,035","13,139",896,627,209,326,36,299,32,"537,853",0,0,"4,607","533,238","969,523","107,888","8,986","87,003","5,465",0,0,0,0,414,42,,0,,,1,"1,025",0,0,0,0,45,"7,875",,,,,,,,,"102,401",418,"2,518","  11,390 ",  1 ,,,,,,,,,,
233,iNews,iNews Jatim Official,2025,May,"100,713","100,713","11,708",446,00:06:58,34,34,"1,063,595",6,"48,085","31,873","16,212","15,146","1,066",645,199,394,43,315,105,"623,961",0,0,"5,431","618,530","1,124,600","124,194","9,055","97,258","6,195",0,0,0,0,436,48,,0,,,2,"1,552",16,0,0,0,43,"6,894",,,,,,,,,"102,847",446,"3,146","  15,130 ",  1 ,,,,,,,,,,
234,iNews,iNews Jatim Official,2025,June,"112,556","112,556","14,086",435,00:07:30,36,,"1,146,244",6,"54,895","36,881","18,014","16,921","1,093",589,154,345,44,278,32,"746,374",0,0,"7,047","739,327","1,344,233","147,028","9,143","110,590","6,631",0,0,0,0,562,71,,0,,,2,881,0,0,0,0,45,"7,609",,,,,,,,,"103,282",435,0,  -   ,  -   ,,,,,,,,,,
235,iNews,iNews Jatim Official,2025,July,"152,659","152,657","16,040",586,00:06:18,33,32,"1,621,622",6,"92,314","74,745","17,569","16,443","1,126",784,198,622,71,298,283,"849,673",0,0,"9,924","839,748","1,526,817","169,970","8,983","132,605","5,566",0,0,0,0,886,96,,0,,,,353,0,0,0,0,68,"10,733",,,,,,,,,"103,868",586,"35,857","  82,790 ",  5 ,58.90%,41.10%,,1.70%,12.20%,27.90%,20.00%,19.60%,13.30%,5.30%
236,iNews,iNews Jatim Official,2025,August,"227,453","226,057","16,996",751,00:04:30,22,138,"2,295,186",7,"160,171","141,770","18,401","17,318","1,083",960,209,920,88,425,802,"949,986",0,0,"14,520","934,732","1,699,339","188,681","9,006","151,128","4,202",0,0,0,0,"2,020",123,10,0,42,6,3,"1,787",0,0,0,0,47,"9,758",,,,,,,,,"104,462",751,"127,652","  335,580 ",  20 ,67.60%,32.40%,0%,1.30%,8.00%,26.60%,21.60%,20.50%,15.00%,7.00%
237,iNews,iNews Jatim Official,2025,September,"1,083,699","1,072,784","125,605","4,455",00:07:01,26,282,"9,700,576",9,"779,698","713,790","65,908","64,859","1,049","4,856",401,"7,061",311,"1,847","4,880","8,326,327","13,824",1,"719,208","7,589,503","13,799,459","1,182,054","11,674","731,799","7,761",0,0,0,0,"23,340","4,801",554,21,"3,770","1,365",,185,0,0,0,0,98,"19,825",,,,,,,,,"108,882","4,455","835,524","  6,085,150 ",  358 ,75.90%,24.00%,0%,0.90%,6.00%,27.20%,24.30%,20.40%,14.30%,6.80%
238,iNews,iNews Jatim Official,2025,October,"784,615","752,762","63,198","2,627",00:05:02,17,304,"6,597,057",9,"552,849","432,407","120,442","119,305","1,137","2,943",316,"4,764",263,"1,010","3,071","3,490,079",0,0,"215,132","3,261,708","5,930,782","657,827","9,016","470,902","4,636",0,0,0,0,"10,295","1,606",804,27,458,64,,92,0,0,0,0,51,"10,073",,,,,,,,,"111,509","2,627","501,396","  1,331,950 ",  78 ,71.10%,28.90%,0%,1.30%,7.00%,29.80%,24.10%,17.80%,13.30%,6.70%
239,iNews,iNews Jatim Official,2025,November,"745,601","745,474","57,641","2,122",00:04:38,29,142,"6,636,917",9,"566,941","410,177","157,545","156,342","1,203","2,418",296,"4,827",223,"1,438","4,489","4,034,764",0,0,"122,569","3,912,146","7,113,005","807,045","8,814","621,868","5,412",0,0,0,0,"11,036",893,458,-6,3,0,,53,0,0,0,0,59,"10,867",,,,,,,,,"113,631","2,122","481,574","  2,085,050 ",  123 ,76.40%,23.60%,0%,1.10%,5.80%,26.30%,22.10%,19.30%,16.70%,8.80%
240,iNews,iNews Jatim Official,2025,December,"1,099,658","1,099,543","88,371","3,089",00:04:49,25,167,"9,180,086",10,"830,145","579,386","250,384","248,707","1,677","3,437",348,"5,956",389,"1,382","5,526","6,695,650",0,0,"126,733","6,568,864","11,943,390","1,295,691","9,218","1,001,858","6,089",0,0,0,0,"11,191","1,004",2,1,0,0,,80,0,0,0,0,58,"9,448",,,,,,,,,"116,719","3,088","624,274","  2,714,050 ",  160 ,77.50%,22.50%,0%,1.20%,5.70%,25.70%,20.00%,18.30%,18.10%,11.10%
241,iNews,iNews Jatim Official,2026,January,"884,819","870,597","135,709","2,228",00:09:21,20,226,"7,433,502",8,"632,099","410,466","221,537","218,881","2,656","2,575",347,"5,052",424,"1,016","2,297","6,873,173",0,0,"268,874","6,413,211","11,665,192","1,215,243","9,599","773,082","7,682",0,0,0,0,"9,302","2,190",177,1,132,509,1,836,0,0,0,0,90,"15,324",,,,,,,,,"118,947","2,227","427,229","  3,309,055 ",,76.30%,23.70%,0%,1.30%,6.30%,27.80%,20.50%,17.60%,16.30%,10.20%
242,iNews,iNews Jatim Official,2026,February,"1,272,442","1,248,142","177,635","2,787",00:08:32,15,339,"9,654,740",10,"862,048","497,382","363,286","356,633","6,653","3,292",505,"8,317",633,"1,528","5,608","9,020,143",0,0,"353,047","8,657,022","15,737,949","1,715,479","9,174","1,148,845","7,226",0,0,0,0,"14,681","2,624",174,5,547,"1,499",0,159,0,0,0,0,85,"18,937",,,,,,,,,"121,735","2,787","870,894","  5,728,900 ",,76.30%,23.70%,0.00%,1.10%,5.90%,26.10%,19.30%,18.40%,18.00%,11.10%
243,iNews,iNews Jatim Official,2026,March,"2,340,034","2,339,530","216,548","5,350",00:05:33,5,310,"20,532,971",9,"1,748,759","1,161,942","530,802","522,195","8,607","5,998",648,"15,865",679,"2,386","8,615","16,306,537",0,0,"764,455","15,541,889","28,205,548","2,688,808","10,490","1,843,711","7,004",0,0,0,0,"44,301","5,709",387,-5,"22,742","4,279",1,133,0,0,0,0,78,"18,182",,,,,,,,,"127,085","5,350","1,919,847","  11,559,882 ",,77.00%,22.90%,0.10%,1.30%,5.90%,27.00%,24.50%,20.80%,13.90%,6.60%
244,iNews,iNews Jatim Official,2026,April,"2,187,752","2,187,340","264,749","5,067",00:07:15,25,176,"16,081,273",10,"1,512,920","797,563","628,080","611,424","16,656","5,823",756,"15,654","1,023","2,085","9,618","14,279,755",0,0,"583,417","13,696,198","24,851,387","2,401,104","10,350","1,732,800","6,245",0,0,0,0,"27,937","4,595",0,0,0,0,0,99,0,0,0,0,47,"13,341",,,,,,,,,"132,152","5,067","1,883,774","  12,217,217 ",,77.80%,22.20%,0.10%,1.40%,6.10%,26.20%,19.80%,18.60%,17.00%,10.80%
245,iNews,iNews Jatim Official,2026,May,"3,395,176","3,394,932","576,695","5,399",00:10:11,14,413,"27,035,997",9,"1,790,297","807,192","912,021","866,494","45,527","6,347",948,"16,759","1,445","2,071","15,856","26,620,454",0,0,"1,424,296","25,195,986","45,649,882","4,270,164","10,690","2,891,462","7,820",0,0,0,0,"50,323","11,268",526,17,376,910,2,270,0,0,0,0,34,"10,006",,,,,,,,,"137,551","5,399","2,691,169","  18,056,677 ",,78.10%,21.90%,0.10%,1.10%,5.20%,26.10%,20.80%,18.60%,17.50%,10.70%
246,iNews,iNews Jatim Official,2026,June,"2,281,692","2,280,360","279,365","3,561",00:07:20,19,460,"20,795,011",9,"1,576,804","712,345","760,241","706,418","53,823","4,225",664,"12,165","1,074","2,456","11,968","17,341,669",0,0,"787,646","16,553,345","30,082,095","2,692,076","11,174","1,939,195","7,600",0,0,0,0,"42,355","6,147",118,3,45,2,1,"1,274",0,0,0,0,19,"7,302",,,,,,,,,"141,112","3,561","1,718,418","  12,480,073 ",,78.70%,21.20%,0.10%,1.00%,6.00%,29.70%,22.20%,17.30%,14.80%,9.10%
247,iNews,iNews Jatim Official,2026,July,"4,866,457","4,861,908","596,598","9,181",00:07:21,21,963,"39,439,443",10,"2,839,068","1,073,847","1,516,065","1,387,713","128,352","10,242","1,061","30,467","2,188","7,135","22,524","35,700,799",0,0,"1,963,246","33,737,224","61,339,165","5,607,625","10,939","4,084,586","7,289",0,0,0,0,"97,363","14,245",683,2,"5,138",225,,29,0,0,0,0,39,"9,331",,,,,,,,,"150,293","9,181","4,274,323","  30,123,620 ",,77.70%,22.30%,0.10%,1.00%,4.70%,24.60%,19.70%,18.40%,18.70%,
248,iNews,iNews Jatim Official,2026,August,,,,,,,,,,,,,,,,,,,,,,,,,,,,,,,,,,,,,,,,,,,,,,,,,,,,,,,,,,,,,,,,,,,,,,,
249,iNews,iNews Jatim Official,2026,September,,,,,,,,,,,,,,,,,,,,,,,,,,,,,,,,,,,,,,,,,,,,,,,,,,,,,,,,,,,,,,,,,,,,,,,
250,iNews,iNews Jatim Official,2026,October,,,,,,,,,,,,,,,,,,,,,,,,,,,,,,,,,,,,,,,,,,,,,,,,,,,,,,,,,,,,,,,,,,,,,,,
251,iNews,iNews Jatim Official,2026,November,,,,,,,,,,,,,,,,,,,,,,,,,,,,,,,,,,,,,,,,,,,,,,,,,,,,,,,,,,,,,,,,,,,,,,,
252,iNews,iNews Jatim Official,2026,December,,,,,,,,,,,,,,,,,,,,,,,,,,,,,,,,,,,,,,,,,,,,,,,,,,,,,,,,,,,,,,,,,,,,,,,
253,iNews,iNews Premium Sport,2024,January,"58,592","58,592","2,040",63,00:02:05,47,7,"405,958",10,"37,621","29,205","8,416","8,416",0,344,281,104,-21,37,24,"107,899",0,0,"1,081","106,536","193,698","24,724","7,834","21,871","1,842",0,0,0,0,564,14,,0,,,,,0,0,0,0,16,"1,342",,,,,,,,,"412,846",63,,  -   ,,,,,,,,,,,
254,iNews,iNews Premium Sport,2024,February,"106,018","106,018","5,195",161,00:02:56,46,9,"1,265,128",6,"85,832","74,912","10,897","10,897",0,492,331,336,69,68,525,"388,682",0,0,"5,995","381,234","693,150","78,281","8,855","64,542","3,666",0,0,0,0,"1,068",54,,0,,,,,0,0,0,0,22,"11,912",,,,,,,,,"413,007",161,,  -   ,,,,,,,,,,,
255,iNews,iNews Premium Sport,2024,March,"94,941","94,941","3,073",169,00:01:56,47,6,"695,669",10,"71,467","60,366","11,101","11,101",0,434,265,243,-10,47,77,"272,524",0,0,"2,494","269,408","489,830","59,557","8,225","52,621","2,870",0,0,0,0,867,24,,0,,,,,0,0,0,0,17,"3,275",,,,,,,,,"413,176",169,,  -   ,,,,,,,,,,,
256,iNews,iNews Premium Sport,2024,April,"69,791","69,791","2,353",100,00:02:01,45,1,"522,926",9,"47,897","38,814","9,083","9,083",0,357,257,146,-2,33,21,"163,002",0,0,"2,468","160,417","291,669","35,897","8,125","32,464","2,336",0,0,0,0,757,22,,0,,,,,0,0,0,0,17,"5,318",,,,,,,,,"413,276",100,,  -   ,,,,,,,,,,,
257,iNews,iNews Premium Sport,2024,May,"229,174","229,174","14,039",705,00:03:40,47,3,"2,387,959",8,"186,395","162,973","23,422","23,422",0,"1,063",358,"1,099",222,182,"1,783","855,864",0,0,"17,293","837,595","1,522,902","148,121","10,281","125,321","3,735",0,0,0,0,"2,618",163,,0,,,,,0,0,0,0,37,"37,007",,,,,,,,,"413,981",705,,  -   ,,,,,,,,,,,
258,iNews,iNews Premium Sport,2024,June,"106,604","106,604","4,231",321,00:02:22,43,,"949,929",9,"74,473","59,447","15,026","15,026",0,638,317,381,-19,59,110,"280,868",0,0,"4,424","276,416","502,574","56,974","8,821","51,836","2,635",0,0,0,0,"1,038",41,,0,,,,,2,0,0,0,18,"8,033",,,,,,,,,"414,302",321,,  -   ,,,,,,,,,,,
259,iNews,iNews Premium Sport,2024,July,"120,622","120,622","4,651",258,00:02:18,42,,"1,046,931",9,"85,609","69,340","16,269","16,269",0,576,318,309,-12,89,155,"261,467",0,0,"3,792","257,643","468,444","64,081","7,310","58,734","2,168",0,0,0,0,"1,008",40,,0,,,,,0,0,2,20,24,"10,836",,,,,,,,,"414,560",258,,  -   ,,,,,,,,,,,
260,iNews,iNews Premium Sport,2024,August,"123,297","123,297","4,153",211,00:02:01,41,26,"1,123,342",7,"81,776","64,971","16,805","16,805",0,571,360,297,8,78,94,"258,836",0,0,"3,702","252,399","458,906","63,934","7,178","58,496","2,099",0,0,0,0,"1,260",40,,0,,,,49,0,0,8,40,16,"5,279",,,,,,,,,"414,771",211,,  -   ,,,,,,,,,,,
261,iNews,iNews Premium Sport,2024,September,"245,186","245,186","4,737",307,00:01:09,45,50,"1,273,295",7,"188,115","168,558","19,557","19,557",0,677,370,"1,934",102,98,82,"241,201",0,0,"4,485","209,039","380,071","55,367","6,865","50,540",984,0,0,0,0,"4,621",53,,0,,,,1,0,0,2,31,16,"3,387",,,,,,,,,"415,078",307,,  -   ,,,,,,,,,,,
262,iNews,iNews Premium Sport,2024,October,"97,029","97,029","2,865",174,00:01:46,34,23,"889,111",8,"69,838","57,530","12,308","12,308",0,447,273,371,-25,65,57,"151,289",0,0,"2,339","146,562","266,478","34,888","7,638","31,901","1,559",0,0,0,0,835,22,1,5,0,0,,1,1,0,0,2,17,"2,415",,,,,,,,,"415,252",174,,  -   ,,,,,,,,,,,
263,iNews,iNews Premium Sport,2024,November,"93,213","93,213","2,618",172,00:01:41,43,34,"792,408",8,"67,774","53,980","13,794","13,794",0,432,260,170,-28,39,27,"180,709",0,0,"2,763","174,342","316,984","42,023","7,543","37,759","1,939",1,482,0,0,851,20,,0,,,,,0,0,0,2,18,"4,683",,,,,,,,,"415,424",172,,  -   ,,,,,,,,,,,
264,iNews,iNews Premium Sport,2024,December,"172,836","172,836","3,483",370,00:01:12,44,157,"1,550,634",6,"136,066","122,293","13,773","13,773",0,674,304,"1,159",41,152,172,"313,084",0,0,"3,228","295,167","536,666","55,807","9,616","49,677","1,811",0,7,0,0,"1,610",27,,0,,,2,1,0,0,1,5,10,"1,911",,,,,,,,,"415,794",370,,  -   ,,,,,,,,,,,
265,iNews,iNews Premium Sport,2025,January,"91,812","91,812","2,140",122,00:01:23,41,129,"1,634,351",4,"70,593","59,976","10,617","10,617",0,405,283,395,-1,86,34,"139,137",0,0,"2,505","133,396","242,542","28,617","8,475","26,340","1,515",0,2,0,0,"1,483",30,,0,,,,,0,0,0,4,6,405,,,,,,,,,"415,916",122,"44,957","  72,420 ",  4 ,,,,,,,,,,
266,iNews,iNews Premium Sport,2025,February,"58,988","58,988","1,562",87,00:01:35,40,19,"994,596",5,"42,121","33,073","9,048","9,048",0,232,145,159,-5,34,55,"103,060",0,0,"2,087","100,160","182,109","21,589","8,435","19,579","1,747",6,221,0,0,631,16,,0,,,,,0,0,0,2,0,492,,,,,,,,,"416,003",87,"10,491","  14,790 ",  1 ,,,,,,,,,,
267,iNews,iNews Premium Sport,2025,March,"41,963","41,941","1,133",-116,00:01:37,34,0,"535,700",6,"25,654","19,415","6,255","5,878",377,245,361,-86,-31,16,18,"88,528",0,0,"1,392","86,848","157,905","18,940","8,337","17,216","2,111",0,10,0,0,341,10,,-6,,,,1,0,0,1,73,2,416,,,,,,,,,"415,887",-116,0,  -   ,  -   ,,,,,,,,,,
268,iNews,iNews Premium Sport,2025,April,"35,950","35,383",928,-66,00:01:34,32,,"454,680",6,"20,833","15,421","5,410","4,806",604,265,331,-306,-56,31,7,"57,245",0,0,"1,160","55,984","101,779","12,937","7,867","12,063","1,618",0,2,0,0,327,8,,0,,,,,0,0,3,120,0,301,,,,,,,,,"415,821",-66,0,  -   ,  -   ,,,,,,,,,,
269,iNews,iNews Premium Sport,2025,May,"56,546","56,013","1,837",28,00:01:58,32,10,"625,275",7,"36,314","28,466","7,848","7,252",596,329,301,0,-31,46,62,"123,749",0,0,"2,951","120,716","219,485","28,533","7,692","26,384","2,209",0,0,0,0,603,22,,0,,,,4,0,0,0,12,6,379,,,,,,,,,"415,849",28,265,  680 ,  0 ,,,,,,,,,,
270,iNews,iNews Premium Sport,2025,June,"49,622","49,274","1,523",3,00:01:51,35,,"574,641",7,"31,561","24,059","7,502","7,002",500,283,280,65,-21,26,35,"113,999",0,0,"3,163","110,761","201,385","24,663","8,165","22,964","2,314",0,3,0,0,549,20,,0,,,,1,0,0,0,48,1,258,,,,,,,,,"415,852",3,0,  -   ,  -   ,,,,,,,,,,
271,iNews,iNews Premium Sport,2025,July,"105,405","105,178","13,394",152,00:07:38,24,1,"1,251,909",7,"73,895","63,313","10,582","10,107",475,526,374,471,-22,110,110,"911,796",0,0,"73,236","838,506","1,524,556","118,250","12,893","71,365","8,669",0,0,0,0,"2,291",575,1,0,0,0,,3,0,0,1,24,1,208,,,,,,,,,"416,004",152,"51,903","  855,270 ",  50 ,68.90%,31.10%,,0.90%,13.60%,37.60%,21.90%,13.00%,8.80%,4.20%
272,iNews,iNews Premium Sport,2025,August,"339,402","334,642","23,278","1,498",00:04:10,34,38,"3,335,055",8,"247,346","210,701","36,645","36,232",413,"1,857",359,"3,227",47,223,577,"1,587,630",0,0,"72,956","1,512,232","2,749,299","265,379","10,360","204,507","4,744",0,11,0,0,"5,451",563,3,16,0,0,,5,0,0,0,12,4,196,,,,,,,,,"417,566","1,498","254,011","  1,363,060 ",  80 ,83.30%,16.70%,0%,1.00%,9.60%,34.50%,27.00%,17.30%,8.30%,2.50%
273,iNews,iNews Premium Sport,2025,September,"309,262","290,069","29,393","1,177",00:06:04,28,56,"3,144,287",6,"204,662","141,812","62,850","62,394",456,"1,524",347,"2,262",81,174,544,"1,116,849",0,0,"95,883","1,016,001","1,847,274","214,719","8,603","170,620","3,850",0,20,0,0,"5,073",734,11,107,2,0,,,1,1,0,6,0,184,,,,,,,,,"418,625","1,177","233,570","  943,330 ",  55 ,76.10%,23.90%,0%,1.10%,7.80%,34.70%,24.50%,17.40%,10.90%,3.70%
274,iNews,iNews Premium Sport,2025,October,"2,676,940","2,609,377","269,400","6,701",00:06:11,4,178,"18,487,846",12,"1,062,143","874,466","187,677","187,187",490,"7,418",717,"17,768",794,"1,678","2,237","9,346,920",0,1,"447,029","8,865,553","16,119,343","2,016,225","7,995","1,280,828","3,582",66,"16,840","18,436",1,"32,096","3,704",156,"2,450","54,133","17,512",4,"41,086",0,0,0,6,2,266,,,,,,,,,"426,326","6,701","2,599,222","  9,416,130 ",  554 ,82.20%,17.80%,0.10%,1.10%,7.60%,32.60%,25.40%,19.60%,11.00%,2.80%
275,iNews,iNews Premium Sport,2025,November,"2,723,402","2,717,676","215,403","4,963",00:04:45,22,57,"32,831,494",7,"1,711,896","1,374,948","337,830","337,303",527,"5,697",734,"14,081",557,"1,086","2,108","17,109,599",0,0,"768,700","16,335,145","29,700,262","2,951,150","10,064","1,913,352","6,296",2,125,0,0,"63,643","6,040",17,178,"2,405","1,363",6,"8,129",0,0,0,2,3,145,,,,,,,,,"430,289","4,963","2,368,339","  15,862,530 ",  933 ,87.20%,12.70%,0.10%,1.00%,10.60%,45.50%,24.50%,11.30%,5.30%,1.80%
276,iNews,iNews Premium Sport,2025,December,"8,356,847","8,332,138","890,440","13,415",00:06:24,5,207,"79,106,012",9,"3,358,777","2,233,302","1,124,336","1,122,295","2,041","14,762","1,347","32,968","2,838","3,783","3,231","39,957,558",0,0,"1,857,228","38,080,235","69,738,809","8,463,475","8,240","5,272,513","4,796",8,213,0,0,"141,037","15,843",205,"2,288","35,428","34,334",2,"1,296",1,0,0,4,4,237,,,,,,,,,"443,702","13,413","8,143,963","  39,759,260 ","  2,339 ",81.40%,18.50%,0.10%,1.20%,8.10%,35.10%,25.30%,17.50%,9.80%,2.90%
277,iNews,iNews Premium Sport,2026,January,"3,640,810","3,619,262","370,738","6,302",00:06:08,6,196,"30,822,193",10,"1,670,725","801,152","869,897","862,994","6,903","7,250",948,"18,007",983,"2,018","1,809","16,126,150","10,350",1,"885,753","14,921,937","27,605,169","3,393,344","8,135","2,138,893","4,374",0,57,0,0,"70,097","8,309",161,"1,997","51,799","66,398",2,"8,013",1,0,0,2,0,163,,,,,,,,,"450,003","6,299","3,193,348","  14,221,749 ",,85.50%,14.50%,0.10%,1.50%,9.90%,39.90%,24.20%,14.50%,7.70%,2.30%
278,iNews,iNews Premium Sport,2026,February,"4,076,014","4,068,529","324,471","3,461",00:04:47,3,80,"27,735,209",12,"2,287,929","1,218,609","1,070,402","1,055,225","15,177","4,398",937,"12,028","1,135","1,621","1,109","17,084,145",0,0,"777,347","16,304,013","29,633,609","3,850,592","7,696","2,444,311","4,198",0,7,0,0,"83,171","6,326",126,541,"13,054","28,553",0,99,5,0,0,0,2,237,,,,,,,,,"453,467","3,461","3,711,350","  15,387,699 ",,86.10%,13.80%,0%,2.10%,11.80%,43.00%,23.30%,12.30%,5.90%,1.70%
279,iNews,iNews Premium Sport,2026,March,"1,115,549","1,099,611","78,995","1,467",00:04:18,5,88,"10,608,218",8,"821,192","276,229","306,180","292,296","13,884","2,028",561,"4,535",265,504,482,"5,489,606",0,0,"179,767","5,304,510","9,644,565","1,023,348","9,425","664,116","5,350",0,119,0,0,"20,167","1,600",17,90,"4,813","16,482",1,554,0,0,0,0,3,209,,,,,,,,,"454,934","1,467","869,265","  4,026,047 ",,80.90%,19.10%,0.10%,2.50%,9.80%,38.30%,25.10%,14.80%,7.00%,2.50%
280,iNews,iNews Premium Sport,2026,April,"1,476,491","1,474,361","143,797","2,197",00:05:51,15,70,"17,556,563",6,"1,039,062","439,612","560,949","526,415","34,534","2,950",753,"7,465",400,933,"1,748","7,574,828",0,0,"329,681","7,244,128","13,115,996","1,356,441","9,669","930,763","5,096",0,85,0,0,"24,829","2,766",18,161,144,117,0,21,0,0,0,24,0,143,,,,,,,,,"457,131","2,197","878,525","  4,366,973 ",,82.20%,17.80%,0.00%,1.20%,6.80%,32.20%,25.90%,19.10%,11.10%,3.70%
281,iNews,iNews Premium Sport,2026,May,"1,011,645","1,010,174","128,805","1,616",00:07:39,8,123,"10,920,339",7,"684,046","317,654","329,228","300,737","28,491","2,132",516,"5,292",335,776,999,"6,268,073",0,0,"197,043","6,070,422","11,007,528","1,059,740","10,387","684,759","6,176",0,81,0,0,"14,196","1,791",45,277,"1,337","2,233",,8,0,0,2,10,20,"1,545",,,,,,,,,"458,748","1,616","573,384","  3,485,481 ",,78.30%,21.70%,0.00%,1.60%,8.00%,35.40%,22.70%,16.20%,11.20%,4.90%
282,iNews,iNews Premium Sports,2026,June,"1,651,458","1,650,537","128,896","3,006",00:04:41,3,123,"13,987,828",9,"1,136,169","555,803","539,013","471,132","67,881","3,689",683,"8,163",531,924,"1,241","15,240,348",0,0,"224,737","15,015,151","27,296,729","1,934,776","14,108","1,330,222","9,196",0,46,0,0,"25,037","1,936",33,396,"13,587","22,127",,208,1,0,1,20,2,161,,,,,,,,,"461,754","3,006","1,255,623","  10,741,003 ",,80.20%,19.80%,0.10%,2.00%,9.10%,36.30%,24.10%,16.10%,9.20%,3.20%
283,iNews,iNews Premium Sports,2026,July,"1,676,552","1,670,950","125,792","2,849",00:04:31,3,96,"13,706,438",10,"1,222,463","490,203","366,301","312,251","54,050","3,458",609,"5,855",521,837,703,"14,391,011",0,0,"211,524","14,178,932","25,780,673","1,938,278","13,301","1,274,949","9,090",0,36,0,0,"25,481","1,865",76,188,"18,783","12,239",1,21,0,0,0,0,0,195,,,,,,,,,"464,603","2,849","1,341,649","  10,226,854 ",,80.20%,19.70%,0.10%,2.00%,9.80%,37.60%,24.00%,14.90%,8.60%,
284,iNews,iNews Premium Sports,2026,August,,,,,,,,,,,,,,,,,,,,,,,,,,,,,,,,,,,,,,,,,,,,,,,,,,,,,,,,,,,,,,,,,,,,,,,
285,iNews,iNews Premium Sports,2026,September,,,,,,,,,,,,,,,,,,,,,,,,,,,,,,,,,,,,,,,,,,,,,,,,,,,,,,,,,,,,,,,,,,,,,,,
286,iNews,iNews Premium Sports,2026,October,,,,,,,,,,,,,,,,,,,,,,,,,,,,,,,,,,,,,,,,,,,,,,,,,,,,,,,,,,,,,,,,,,,,,,,
287,iNews,iNews Premium Sports,2026,November,,,,,,,,,,,,,,,,,,,,,,,,,,,,,,,,,,,,,,,,,,,,,,,,,,,,,,,,,,,,,,,,,,,,,,,
288,iNews,iNews Premium Sports,2026,December,,,,,,,,,,,,,,,,,,,,,,,,,,,,,,,,,,,,,,,,,,,,,,,,,,,,,,,,,,,,,,,,,,,,,,,
289,iNews,iNews Sumut Official,2024,January,"57,271","57,271","1,421",250,00:01:29,47,106,"648,595",7,"40,778","34,286","6,492","6,492",0,316,66,676,4,757,118,"83,973",0,0,643,"83,330","151,912","20,325","7,474","18,318","1,466",0,0,0,0,585,13,,0,,,,,0,0,0,0,0,0,,,,,,,,,"52,173",250,"19,160","  51,000 ",  3 ,,,,,,,,,,
290,iNews,iNews Sumut Official,2024,February,"53,669","53,669","1,286",156,00:01:26,43,139,"635,010",7,"37,215","30,661","6,517","6,517",0,220,64,531,2,"1,016",69,"93,771",0,0,782,"92,989","169,071","20,621","8,199","18,124","1,747",0,0,0,0,540,12,,0,,,,,0,0,0,0,0,0,,,,,,,,,"52,329",156,"28,989","  78,370 ",  5 ,,,,,,,,,,
291,iNews,iNews Sumut Official,2024,March,"54,318","54,318","1,273",146,00:01:24,45,128,"750,831",6,"36,614","30,063","6,551","6,551",0,201,55,519,9,860,56,"114,486",0,0,"1,051","113,435","208,493","23,623","8,826","20,359","2,108",0,0,0,0,600,16,,0,,,,,0,0,0,0,0,0,,,,,,,,,"52,475",146,"29,630","  99,110 ",  6 ,,,,,,,,,,
292,iNews,iNews Sumut Official,2024,April,"44,133","44,133",981,123,00:01:20,44,93,"658,540",5,"32,126","26,096","6,030","6,030",0,190,67,371,10,607,65,"61,864",0,0,743,"61,120","113,907","12,504","9,110","10,881","1,402",0,0,0,0,504,12,,0,,,,,0,0,0,0,0,0,,,,,,,,,"52,598",123,"22,214","  51,000 ",  3 ,,,,,,,,,,
293,iNews,iNews Sumut Official,2024,May,"50,184","50,184","1,169",115,00:01:23,43,117,"702,733",6,"34,373","28,266","6,107","6,107",0,178,63,448,3,887,83,"75,677",0,0,542,"75,136","136,690","14,540","9,401","12,938","1,508",0,0,0,0,379,9,,0,,,,,0,0,0,0,0,0,,,,,,,,,"52,713",115,"24,360","  64,260 ",  4 ,,,,,,,,,,
294,iNews,iNews Sumut Official,2024,June,"39,003","39,003",896,100,00:01:22,44,125,"587,736",5,"25,431","20,100","5,331","5,331",0,157,57,404,0,820,78,"66,525",0,0,491,"66,033","120,061","12,512","9,596","10,839","1,706",0,0,0,0,353,8,,0,,,,,0,0,0,0,0,0,,,,,,,,,"52,813",100,"16,935","  53,210 ",  3 ,,,,,,,,,,
295,iNews,iNews Sumut Official,2024,July,"43,054","43,054","1,043",109,00:01:27,46,134,"609,924",5,"26,757","21,250","5,507","5,507",0,168,59,506,-1,847,50,"95,265",0,0,332,"94,932","173,522","16,914","10,259","14,572","2,213",0,0,0,0,403,9,,0,,,,,0,0,0,1,0,0,,,,,,,,,"52,922",109,"21,309","  87,720 ",  5 ,,,,,,,,,,
296,iNews,iNews Sumut Official,2024,August,"42,975","42,975","1,020",136,00:01:25,48,133,"583,139",6,"27,076","21,158","5,918","5,918",0,193,57,540,0,965,47,"103,077",0,0,482,"102,595","186,536","19,416","9,607","16,702","2,399",0,0,0,0,472,9,,0,,,,,0,0,0,0,0,0,,,,,,,,,"53,058",136,"19,973","  92,650 ",  5 ,,,,,,,,,,
297,iNews,iNews Sumut Official,2024,September,"36,176","36,176",878,118,00:01:27,47,101,"472,507",6,"24,333","19,038","5,295","5,295",0,183,65,495,7,856,46,"70,510",0,0,429,"70,080","127,418","15,769","8,080","13,669","1,949",0,0,0,0,373,8,,0,,,,,0,0,0,0,0,0,,,,,,,,,"53,176",118,"14,722","  60,690 ",  4 ,,,,,,,,,,
298,iNews,iNews Sumut Official,2024,October,"24,082","24,082",551,52,00:01:22,45,32,"281,543",7,"17,442","13,647","3,795","3,795",0,104,52,162,-1,261,36,"24,890",0,0,192,"24,697","44,903","4,721","9,511","4,136","1,034",0,0,0,0,263,6,,0,,,,,0,0,0,3,0,0,,,,,,,,,"53,228",52,"4,696","  13,430 ",  1 ,,,,,,,,,,
299,iNews,iNews Sumut Official,2024,November,"37,964","37,964",866,115,00:01:22,36,84,"485,675",6,"27,077","22,066","5,011","5,011",0,156,41,331,5,540,59,"55,857",0,0,562,"55,293","100,532","10,806","9,303","9,705","1,471",0,0,0,0,329,8,2,0,1,3,,,0,0,0,1,0,0,,,,,,,,,"53,343",115,"19,355","  46,580 ",  3 ,,,,,,,,,,
300,iNews,iNews Sumut Official,2024,December,"38,101","38,101",886,117,00:01:23,46,90,"542,467",6,"24,581","19,432","5,149","5,149",0,161,44,310,5,464,37,"65,385",0,0,436,"64,945","118,317","11,557","10,238","10,440","1,716",0,0,0,0,373,8,,0,,,,,0,0,0,0,0,0,,,,,,,,,"53,460",117,"17,199","  53,210 ",  3 ,,,,,,,,,,
301,iNews,iNews Sumut Official,2025,January,"41,714","41,714",909,128,00:01:18,45,80,"562,919",6,"28,656","23,883","4,773","4,773",0,176,48,358,1,512,115,"65,530",0,0,624,"64,898","117,998","12,051","9,792","11,225","1,571",0,0,0,0,414,9,,0,,,,,0,0,0,2,0,0,,,,,,,,,"53,588",128,"22,964","  52,530 ",  3 ,,,,,,,,,,
302,iNews,iNews Sumut Official,2025,February,"140,175","140,175","4,547",698,00:01:56,50,85,"1,666,824",7,"114,671","105,787","8,884","8,884",0,789,91,"1,432",23,"1,637","1,889","457,044",0,0,"18,078","438,963","798,114","79,850","9,995","72,119","3,261",0,0,0,0,"3,011",108,,0,,,1,509,0,0,0,0,0,0,,,,,,,,,"54,286",698,"118,976","  458,320 ",  27 ,,,,,,,,,,
303,iNews,iNews Sumut Official,2025,March,"32,392","32,391",743,82,00:01:22,45,77,"425,609",6,"20,909","16,193","4,727","4,215",512,162,80,255,-2,414,43,"72,363",0,0,648,"71,714","130,389","13,199","9,879","12,137","2,234",0,0,0,0,368,9,,0,,,,4,0,0,0,1,0,0,,,,,,,,,"54,368",82,"12,381","  44,200 ",  3 ,,,,,,,,,,
304,iNews,iNews Sumut Official,2025,April,"18,175","18,165",395,32,00:01:18,40,,"219,056",6,"12,489","9,589","2,904","2,540",364,93,61,-5,-1,166,11,"13,098",0,0,199,"12,898","23,451","2,508","9,350","2,267",721,0,0,0,0,165,4,,0,,,,8,0,0,0,4,0,0,,,,,,,,,"54,400",32,0,  -   ,  -   ,,,,,,,,,,
305,iNews,iNews Sumut Official,2025,May,"17,621","17,621",394,23,00:01:20,41,,"211,084",7,"12,291","9,503","2,788","2,461",327,75,52,23,-6,180,21,"11,053",0,0,190,"10,864","19,752","2,008","9,837","1,822",627,0,0,0,0,217,5,,0,,,,5,0,0,0,1,0,0,,,,,,,,,"54,432",23,0,  -   ,  -   ,,,,,,,,,,
306,iNews,iNews Sumut Official,2025,June,"16,982","16,982",402,35,00:01:25,42,,"173,156",8,"12,376","9,737","2,639","2,354",285,94,59,45,-10,128,27,"9,660",0,0,98,"9,562","17,386","2,021","8,603","1,861",569,0,0,0,0,131,3,,0,,,,,0,0,0,1,0,0,,,,,,,,,"54,455",35,0,  -   ,  -   ,,,,,,,,,,
307,iNews,iNews Sumut Official,2025,July,"20,005","20,000",491,48,00:01:28,43,1,"197,409",8,"14,913","12,001","2,912","2,646",266,122,74,44,-12,129,24,"8,783",0,0,111,"8,672","15,767","1,717","9,183","1,550",439,0,0,0,0,151,3,,0,,,,2,0,0,0,0,0,0,,,,,,,,,"54,503",48,5,  -   ,  -   ,71.40%,28.60%,,0%,10.60%,46.20%,24.20%,11.60%,7.10%,0.30%
308,iNews,iNews Sumut Official,2025,August,"384,131","384,131","36,149","2,171",00:05:38,37,137,"4,027,300",7,"321,996","308,859","13,137","12,792",345,"2,298",127,"2,241",175,386,"3,095","1,948,649",0,0,"49,986","1,898,664","3,452,062","379,840","9,088","318,653","5,073",0,0,0,0,"3,741",380,,0,,,2,"2,829",0,0,0,7,0,0,,,,,,,,,"56,719","2,171","361,989","  2,043,570 ",  120 ,77.60%,22.40%,0.00%,1.00%,6.30%,25.10%,18.80%,18.30%,19.50%,11.10%
309,iNews,iNews Sumut Official,2025,September,"238,639","238,639","9,988",820,00:02:30,11,195,"2,121,019",10,"186,599","166,526","20,073","19,792",281,915,95,"1,361",62,421,510,"698,614",0,0,"13,217","685,397","1,246,175","153,615","8,112","129,651","2,927",0,0,0,0,"1,836",102,374,1,219,0,,110,0,0,0,5,0,0,,,,,,,,,"57,534",820,"198,682","  631,380 ",  37 ,69.00%,31.00%,0%,1.50%,7.60%,32.10%,23.00%,16.00%,13.20%,6.80%
310,iNews,iNews Sumut Official,2025,October,"192,821","192,384","7,984",576,00:02:29,12,204,"1,734,305",10,"157,405","126,096","31,309","31,004",305,667,91,"1,022",48,447,653,"481,864",0,0,"11,781","469,957","854,495","98,484","8,676","83,809","2,505",0,0,0,0,"1,498",91,744,1,419,0,2,"1,998",0,0,0,0,0,0,,,,,,,,,"58,110",576,"156,356","  415,310 ",  24 ,77.70%,22.30%,0%,0.90%,5.10%,27.30%,23.30%,19.20%,16.10%,8.20%
311,iNews,iNews Sumut Official,2025,November,"883,316","883,311","41,051","1,715",00:02:47,23,201,"6,598,127",11,"654,097","535,159","118,621","118,275",346,"1,890",175,"4,940",252,741,"3,557","2,482,880",0,0,"74,609","2,408,269","4,413,042","513,997","8,586","427,300","2,811",0,0,0,0,"10,141",514,725,0,84,1,1,"1,631",0,0,0,1,0,0,,,,,,,,,"59,825","1,715","861,039","  2,495,090 ",  147 ,80.50%,19.40%,0.10%,1.00%,5.80%,29.50%,25.10%,18.70%,13.80%,6.10%
312,iNews,iNews Sumut Official,2025,December,"224,762","224,757","9,790",344,00:02:36,14,224,"1,914,747",10,"183,368","135,927","47,480","47,236",244,425,81,861,58,301,699,"727,517",0,0,"22,495","705,020","1,281,855","132,749","9,656","110,810","3,237",0,0,0,0,"2,814",141,35,0,2,0,,18,0,0,0,1,0,0,,,,,,,,,"60,168",343,"98,643","  362,780 ",  21 ,76.70%,23.30%,0%,1.20%,5.90%,28.00%,21.90%,18.50%,16.10%,8.30%
313,iNews,iNews Sumut Official,2026,January,"285,283","281,426","30,020","1,080",00:06:23,24,252,"2,254,953",9,"229,171","156,316","72,831","72,565",266,"1,197",117,"2,305",127,680,"1,433","1,556,890",0,0,"48,491","1,438,488","2,616,449","304,119","8,603","237,002","5,290",0,1,0,0,"3,113",366,,0,,,,,0,0,0,4,0,0,,,,,,,,,"61,249","1,080","244,134","  1,464,989 ",,79.20%,20.80%,0%,1.00%,5.20%,25.70%,18.20%,16.90%,20.10%,12.90%
314,iNews,iNews Sumut Official,2026,February,"377,212","369,729","45,186",666,00:07:19,18,350,"2,806,215",11,"291,584","185,028","105,605","104,969",636,773,107,"1,687",157,500,"1,909","2,098,408",0,0,"54,511","2,040,375","3,705,599","424,186","8,736","289,532","5,675",0,0,0,0,"3,050",450,0,0,0,0,0,3,0,0,0,0,0,0,,,,,,,,,"61,915",666,"337,132","  1,993,765 ",,79.00%,21.00%,0.00%,1.20%,5.30%,27.40%,20.70%,17.90%,17.90%,9.80%
315,iNews,iNews Sumut Official,2026,March,"230,589","230,506","23,046",325,00:05:59,18,341,"2,023,952",10,"189,901","124,024","58,826","58,251",575,440,115,957,61,463,742,"1,436,393",0,0,"45,551","1,390,814","2,529,246","217,563","11,625","128,749","6,348",0,0,0,0,"2,561",360,0,0,0,0,0,7,0,0,0,1,0,0,,,,,,,,,"62,240",325,"197,702","  1,325,787 ",,81.40%,18.60%,0.00%,0.80%,4.60%,29.40%,27.60%,19.90%,12.30%,5.40%
316,iNews,iNews Sumut Official,2026,April,"509,943","509,769","125,232","1,175",00:14:44,19,186,"5,210,855",8,"399,424","256,952","124,859","123,268","1,591","1,344",169,"2,907",278,843,"2,490","5,567,605",0,0,"422,268","5,145,269","9,352,617","812,632","11,509","442,138","11,553",0,0,0,0,"9,936","3,177",13,1,9,0,0,0,0,0,0,0,0,0,,,,,,,,,"63,415","1,175","450,045","  4,985,474 ",,81.20%,18.80%,0.00%,0.90%,4.30%,25.50%,23.80%,20.30%,16.20%,9.00%
317,iNews,iNews Sumut Official,2026,May,"692,135","691,795","100,412","1,280",00:08:42,21,431,"6,304,089",9,"511,558","276,007","173,345","169,815","3,530","1,471",191,"3,549",216,903,"3,189","5,926,120",0,0,"259,211","5,666,777","10,288,317","890,961","11,547","570,552","8,561",0,0,0,0,"12,037","2,118",19,3,1,0,,1,0,0,0,0,0,0,,,,,,,,,"64,696","1,280","629,390","  5,450,993 ",,80.40%,19.60%,0.00%,0.90%,4.50%,28.60%,26.20%,19.10%,13.80%,7.10%
318,iNews,iNews Sumut Official,2026,June,"695,504","694,962","88,708","1,150",00:07:39,17,481,"6,264,014",10,"553,769","297,762","134,458","131,076","3,382","1,324",174,"3,164",250,894,"3,420","5,730,994",0,0,"402,102","5,328,623","9,690,326","767,227","12,630","489,638","8,439",0,0,0,0,"13,647","2,859",276,0,"1,927",57,,9,0,0,0,1,0,0,,,,,,,,,"65,846","1,150","591,520","  4,486,285 ",,75.40%,24.60%,0.00%,1.40%,5.50%,29.20%,24.20%,19.30%,13.80%,6.70%
319,iNews,iNews Sumut Official,2026,July,"922,972","921,173","234,585","1,868",00:15:16,20,974,"7,264,917",10,"701,877","395,989","237,967","230,626","7,341","2,101",233,"4,440",430,982,"2,816","11,397,308",0,0,"974,390","10,422,787","18,948,590","1,459,256","12,985","759,676","12,355",0,0,0,0,"19,578","7,064",390,0,"3,343",624,,20,0,0,0,1,0,0,,,,,,,,,"67,714","1,868","776,683","  9,823,327 ",,78.20%,21.80%,0.00%,1.10%,5.00%,27.20%,22.40%,19.40%,15.60%,
320,iNews,iNews Sumut Official,2026,August,,,,,,,,,,,,,,,,,,,,,,,,,,,,,,,,,,,,,,,,,,,,,,,,,,,,,,,,,,,,,,,,,,,,,,,
321,iNews,iNews Sumut Official,2026,September,,,,,,,,,,,,,,,,,,,,,,,,,,,,,,,,,,,,,,,,,,,,,,,,,,,,,,,,,,,,,,,,,,,,,,,
322,iNews,iNews Sumut Official,2026,October,,,,,,,,,,,,,,,,,,,,,,,,,,,,,,,,,,,,,,,,,,,,,,,,,,,,,,,,,,,,,,,,,,,,,,,
323,iNews,iNews Sumut Official,2026,November,,,,,,,,,,,,,,,,,,,,,,,,,,,,,,,,,,,,,,,,,,,,,,,,,,,,,,,,,,,,,,,,,,,,,,,
324,iNews,iNews Sumut Official,2026,December,,,,,,,,,,,,,,,,,,,,,,,,,,,,,,,,,,,,,,,,,,,,,,,,,,,,,,,,,,,,,,,,,,,,,,,
325,iNews,Lintas iNews MNCTV,2024,January,"10,669,635","10,669,635","460,707","17,604",00:02:35,30,"1,210","89,515,939",8,"4,978,879","2,084,176","2,894,703","2,894,703",0,"19,904","2,300","102,452","1,787","19,792","36,581","9,330,267",0,0,"969,633","8,346,238","15,174,930","1,914,974","7,924","1,837,192",874,0,0,0,0,"117,646","9,522",,-1,,,5,"9,959",0,0,0,0,19,"1,167",,,,,,,,,"339,777","17,604",,  -   ,,,,,,,,,,,
326,iNews,Lintas iNews MNCTV,2024,February,"14,830,818","14,830,818","437,022","24,174",00:01:46,38,"1,039","112,681,788",9,"7,248,934","3,042,726","4,199,796","4,199,796",0,"26,739","2,565","77,047","2,359","24,305","41,359","16,130,586",0,0,"712,777","15,405,890","28,010,681","3,559,428","7,869","3,387,909","1,088",0,0,0,0,"142,383","6,385",,0,,,15,"61,084",1,0,0,0,19,"1,145",,,,,,,,,"363,951","24,174",,  -   ,,,,,,,,,,,
327,iNews,Lintas iNews MNCTV,2024,March,"8,559,632","8,559,632","285,685","8,637",00:02:00,28,629,"59,233,042",7,"4,828,280","2,051,486","2,776,794","2,776,794",0,"10,273","1,636","23,450","1,043","11,524","7,025","7,879,022",0,0,"434,877","7,431,517","13,511,831","1,602,026","8,434","1,449,703",920,0,0,0,0,"67,821","4,395",0,0,0,0,2,"10,805",0,0,0,0,34,"1,663",,,,,,,,,"372,588","8,637",,  -   ,,,,,,,,,,,
328,iNews,Lintas iNews MNCTV,2024,April,"4,133,239","4,133,239","155,854","6,038",00:02:15,29,874,"46,579,353",6,"2,657,384","1,082,717","1,574,667","1,574,667",0,"7,302","1,264","16,384",829,"7,137","4,316","4,694,510",0,0,"310,016","4,380,510","7,964,570","893,093","8,918","812,014","1,136",0,0,0,0,"41,546","2,565",,0,,,1,"17,479",0,0,0,0,26,"1,254",,,,,,,,,"378,626","6,038",,  -   ,,,,,,,,,,,
329,iNews,Lintas iNews MNCTV,2024,May,"6,709,859","6,709,859","282,391","10,085",00:02:31,23,"1,125","64,011,604",8,"3,844,641","1,505,991","2,338,650","2,338,650",0,"11,782","1,697","31,077","1,164","14,096","9,164","5,209,452",0,0,"553,823","4,650,937","8,456,252","943,612","8,962","888,149",776,0,0,0,0,"64,266","4,836",,0,,,18,"320,704",0,0,0,0,15,953,,,,,,,,,"388,711","10,085",,  -   ,,,,,,,,,,,
330,iNews,Lintas iNews MNCTV,2024,June,"4,781,195","4,781,195","140,198","6,787",00:01:45,34,932,"48,358,410",7,"2,917,058","1,249,159","1,667,899","1,667,899",0,"8,322","1,535","20,198",937,"9,677","6,229","6,105,712",0,0,"261,599","5,830,531","10,600,968","1,019,541","10,398","949,159","1,277",0,0,0,0,"44,885","2,304",,0,,,7,"827,737",1,0,0,0,28,980,,,,,,,,,"395,498","6,787",,  -   ,,,,,,,,,,,
331,iNews,Lintas iNews MNCTV,2024,July,"4,740,376","4,740,376","184,093","7,679",00:02:19,33,"1,106","51,487,348",7,"2,719,437","1,081,444","1,637,993","1,637,993",0,"9,377","1,698","25,324",917,"10,489","9,185","6,033,000",0,0,"410,080","5,621,102","10,220,192","1,119,342","9,131","1,046,195","1,273",0,0,0,0,"53,249","3,639",,0,,,12,"210,499",0,0,0,1,18,947,,,,,,,,,"403,177","7,679",,  -   ,,,,,,,,,,,
332,iNews,Lintas iNews MNCTV,2024,August,"5,819,902","5,819,902","234,386","10,245",00:02:24,26,993,"62,510,986",7,"3,366,164","1,327,649","2,038,515","2,038,515",0,"12,005","1,760","29,603","1,201","11,574","12,544","8,283,435",0,0,"461,849","7,817,566","14,213,765","1,582,614","8,981","1,438,105","1,423",0,0,0,0,"65,959","4,100",,0,,,15,"267,236",8,0,0,2,33,"1,048",,,,,,,,,"413,422","10,245",,  -   ,,,,,,,,,,,
333,iNews,Lintas iNews MNCTV,2024,September,"5,741,926","5,741,926","161,041","10,448",00:01:40,37,964,"58,657,716",8,"3,390,089","1,305,106","2,084,983","2,084,983",0,"12,184","1,736","29,623","1,209","11,874","10,824","6,530,733",0,0,"294,447","6,233,472","11,333,584","1,298,650","8,727","1,207,555","1,137",26,355,0,0,"62,522","2,450",,0,,,9,"149,760",0,0,0,7,27,"1,156",,,,,,,,,"423,870","10,448",,  -   ,,,,,,,,,,,
334,iNews,Lintas iNews MNCTV,2024,October,"6,000,529","6,000,529","182,676","11,363",00:01:49,32,"1,178","66,293,192",7,"3,557,372","1,404,436","2,152,936","2,152,936",0,"13,239","1,876","35,229","1,355","13,059","12,060","6,919,147","13,800",1,"361,118","6,533,566","11,879,212","1,395,144","8,515","1,339,236","1,153",0,66,0,0,"67,958","2,734",,0,,,19,"42,614",1,0,0,3,21,"1,180",,,,,,,,,"435,233","11,363",,  -   ,,,,,,,,,,,
335,iNews,Lintas iNews MNCTV,2024,November,"7,405,795","7,405,795","254,229","16,753",00:02:03,33,"1,018","69,652,013",8,"4,292,425","1,796,256","2,496,169","2,496,169",0,"18,775","2,022","46,365","3,295","13,577","11,530","8,139,292",0,0,"547,916","7,395,952","13,447,363","1,565,332","8,591","1,446,944","1,099",116,"91,829",0,0,"71,329","3,661",2,6,0,0,13,"38,149",0,0,0,7,12,"1,136",,,,,,,,,"451,986","16,753",,  -   ,,,,,,,,,,,
336,iNews,Lintas iNews MNCTV,2024,December,"6,683,189","6,683,189","190,386","15,414",00:01:42,37,"1,362","70,358,941",8,"3,984,000","1,810,305","2,173,695","2,173,695",0,"17,759","2,345","32,532","1,691","12,585","10,011","12,530,942",0,3,"270,229","12,205,756","22,192,285","2,537,621","8,745","2,333,155","1,875",239,"54,974","356,639",3,"60,423","1,980",,0,,,15,"22,665",0,0,0,15,18,"1,109",,,,,,,,,"467,400","15,414",,  -   ,,,,,,,,,,,
337,iNews,Lintas iNews MNCTV,2025,January,"5,389,353","5,389,353","182,851","11,047",00:02:02,33,"1,344","58,241,693",7,"3,036,849","1,154,681","1,882,168","1,882,168",0,"13,174","2,127","28,375","1,357","9,794","9,250","5,384,428",0,1,"324,536","5,042,818","9,168,763","1,054,139","8,698","1,003,389",999,51,"34,854","21,821",1,"51,415","2,398",,0,,,10,"29,098",0,0,10,67,15,"1,298",,,,,,,,,"478,447","11,047","3,386,321","  3,510,330 ",  206 ,,,,,,,,,,
338,iNews,Lintas iNews MNCTV,2025,February,"5,174,232","5,174,232","171,846","11,218",00:01:59,37,"1,261","52,074,757",8,"2,957,076","1,095,182","1,861,894","1,861,894",0,"13,077","1,859","31,186","1,293","8,787","31,961","7,552,997",0,3,"358,735","7,158,620","13,015,800","1,452,968","8,958","1,340,400","1,460",62,"21,239","90,382",2,"49,518","2,199",,0,,,9,"10,520",0,0,1,14,14,986,,,,,,,,,"489,665","11,218","3,298,195","  5,510,380 ",  324 ,,,,,,,,,,
339,iNews,Lintas iNews MNCTV,2025,March,"4,129,418","4,123,678","95,028","7,293",00:01:22,38,905,"36,325,063",8,"2,370,812","964,561","1,406,455","1,247,297","159,158","9,715","2,422","21,189",936,"5,457","5,148","6,521,686",0,1,"130,692","6,351,607","11,548,372","1,330,198","8,682","1,199,291","1,582",48,"15,640","34,000",1,"30,858",991,,0,,,8,"164,762",0,0,0,0,21,949,,,,,,,,,"496,958","7,293","2,353,894","  4,575,040 ",  269 ,,,,,,,,,,
340,iNews,Lintas iNews MNCTV,2025,April,"5,487,973","5,125,254","224,850","9,073",00:02:37,27,"1,147","47,573,470",8,"2,664,413","1,038,630","1,629,989","1,227,311","402,678","11,226","2,153","30,031","1,593","7,470","11,639","9,004,108",0,4,"543,121","8,404,743","15,281,615","1,497,478","10,205","1,243,195","1,757",74,"13,780","108,420",3,"55,755","3,767",,0,,,11,"17,518",0,0,0,2,12,930,,,,,,,,,"506,031","9,073","4,030,990","  7,784,810 ",  458 ,,,,,,,,,,
341,iNews,Lintas iNews MNCTV,2025,May,"3,723,034","3,485,538","149,459","5,038",00:02:34,29,809,"32,835,142",8,"1,974,489","800,243","1,174,246","860,114","314,132","7,153","2,115","17,042",954,"6,102","9,332","5,606,732",0,1,"387,781","5,188,542","9,433,713","984,667","9,581","820,625","1,609",65,"11,872","28,383",1,"40,082","2,766",,0,,,4,"29,338",0,0,0,0,15,"1,125",,,,,,,,,"511,069","5,038","1,927,704","  3,539,740 ",  208 ,,,,,,,,,,
342,iNews,Lintas iNews MNCTV,2025,June,"2,647,442","2,591,973","68,606","4,879",00:01:35,30,506,"28,052,230",7,"1,695,446","703,907","991,539","735,623","255,916","6,240","1,361","13,195",524,"3,937","4,740","4,422,416",0,1,"116,501","4,299,535","7,817,500","931,713","8,390","861,826","1,706",36,488,"44,272",1,"26,699",836,2,0,10,290,4,"21,097",0,0,0,0,19,866,,,,,,,,,"515,948","4,879","1,351,294","  3,204,670 ",  189 ,,,,,,,,,,
343,iNews,Lintas iNews MNCTV,2025,July,"3,149,874","3,107,462","155,647","4,887",00:03:00,29,461,"29,446,693",8,"1,776,522","698,648","1,077,874","786,425","291,449","6,553","1,666","18,468",463,"4,506","5,417","6,222,470",0,4,"444,034","5,768,883","10,488,882","1,089,364","9,628","906,508","2,002",50,509,"70,887",3,"42,479","3,236",,0,,,5,"54,823",0,0,0,0,11,702,,,,,,,,,"520,835","4,887","1,925,293","  4,827,490 ",  284 ,71.10%,28.90%,,1.70%,9.60%,32.50%,25.40%,16.50%,9.90%,4.60%
344,iNews,Lintas iNews MNCTV,2025,August,"3,416,249","3,376,719","197,118","7,271",00:03:30,26,356,"37,037,888",6,"2,064,223","914,238","1,149,985","877,401","272,584","8,758","1,487","18,902",772,"5,194","7,874","9,304,531",0,1,"649,894","8,646,240","15,720,754","1,640,570","9,582","1,298,909","2,755",28,387,"28,996",1,"50,069","4,614",21,57,713,"2,232",1,"3,827",0,0,0,0,12,714,,,,,,,,,"528,749","7,271","2,396,789","  8,304,670 ",  489 ,68.80%,31.10%,0.10%,1.50%,9.30%,31.40%,23.10%,16.60%,11.70%,6.40%
345,iNews,Lintas iNews MNCTV,2025,September,"2,513,253","2,479,619","139,417","4,463",00:03:22,23,311,"25,674,666",7,"1,510,933","637,680","873,253","653,380","219,873","5,861","1,398","13,209",548,"4,606","4,747","7,255,014",0,1,"408,209","6,839,548","12,435,549","1,219,221","10,200","933,433","2,926",6,122,"177,242",1,"33,345","2,807",36,13,61,73,5,"7,765",1,0,0,0,20,643,,,,,,,,,"532,480","4,463","1,545,208","  5,781,360 ",  340 ,64.70%,35.30%,0.10%,1.80%,9.10%,32.20%,23.30%,16.70%,11.40%,5.50%
346,iNews,Lintas iNews MNCTV,2025,October,"2,968,778","2,933,752","144,280","4,652",00:02:57,23,384,"31,113,911",7,"1,882,966","807,445","1,075,521","834,613","240,908","6,132","1,480","14,202",547,"5,186","6,618","6,581,837",0,0,"378,561","6,197,708","11,268,737","1,203,133","9,366","962,868","2,243",12,207,0,0,"38,781","2,675",126,71,"1,168","2,250",5,"5,947",0,0,0,0,15,665,,,,,,,,,"537,132","4,652","1,592,040","  5,454,110 ",  321 ,68.30%,31.60%,0.10%,1.70%,8.60%,33.30%,23.80%,16.30%,10.70%,5.70%
347,iNews,Lintas iNews MNCTV,2025,November,"2,862,428","2,804,570","135,461","5,237",00:02:53,24,358,"31,699,177",7,"1,891,783","795,878","1,096,943","888,005","208,938","6,588","1,351","15,155",674,"6,652","8,275","8,246,962",0,0,"321,136","7,918,283","14,405,046","1,610,154","8,946","1,312,496","2,941",17,160,0,0,"38,317","2,226",29,24,137,597,10,"9,863",0,0,0,1,14,635,,,,,,,,,"542,368","5,236","1,762,645","  7,234,350 ",  426 ,70.60%,29.30%,0.10%,1.60%,7.70%,30.40%,22.20%,17.00%,13.30%,7.80%
348,iNews,Lintas iNews MNCTV,2025,December,"2,332,351","2,289,640","92,940","3,272",00:02:26,26,259,"26,788,476",6,"1,554,255","684,235","869,816","704,678","165,138","4,526","1,254","11,247",576,"3,802","5,616","7,035,776",0,0,"212,990","6,816,614","12,393,846","1,392,900","8,898","1,168,096","3,073",12,143,0,0,"29,238","1,553",16,14,0,0,12,"6,116",0,0,0,0,13,620,,,,,,,,,"545,639","3,270","1,370,673","  5,654,540 ",  333 ,68.10%,31.90%,0%,2.00%,8.20%,31.30%,22.20%,16.70%,12.20%,7.40%
349,iNews,Lintas iNews MNCTV,2026,January,"2,096,295","2,051,330","102,485","2,252",00:02:59,30,163,"23,342,187",7,"1,445,809","718,239","727,367","613,753","113,614","3,488","1,236","10,078",496,"3,444","8,449","4,950,554",0,0,"279,919","4,599,686","8,367,153","1,041,036","8,037","845,101","2,382",14,119,0,0,"31,028","2,204",1,0,0,0,1,"5,948",0,0,0,1,11,647,,,,,,,,,"547,893","2,252","1,141,580","  4,172,092 ",,73.80%,26.10%,0%,1.80%,7.10%,32.30%,26.40%,17.20%,10.20%,5.00%
350,iNews,Lintas iNews MNCTV,2026,February,"3,970,407","3,914,637","188,602","5,645",00:02:53,16,184,"33,379,165",9,"2,807,483","1,350,847","1,452,535","1,282,752","169,783","7,025","1,380","23,999",898,"4,813","11,729","13,188,045",0,0,"526,043","12,645,853","22,973,968","2,690,265","8,540","2,211,571","3,368",3,89,0,0,"68,424","3,799",17,76,"6,597","31,787",6,"7,536",0,0,0,1,15,693,,,,,,,,,"553,538","5,645","2,612,588","  10,219,397 ",,76.70%,23.20%,0%,1.40%,6.20%,29.80%,24.50%,17.70%,13.40%,7.00%
351,iNews,Lintas iNews MNCTV,2026,March,"6,777,931","6,702,877","651,071","8,199",00:05:49,2,162,"49,670,232",11,"4,332,311","2,511,701","1,603,333","1,402,447","200,886","10,183","1,984","26,958","1,558","7,743","3,799","44,375,619",0,0,"1,726,799","42,632,652","77,387,820","8,023,965","9,645","4,730,382","6,787",3,60,0,0,"111,390","15,185",259,772,"408,613","538,442",4,"5,961",0,0,0,0,7,495,,,,,,,,,"561,737","8,199","5,415,519","  42,809,195 ",,72.10%,27.80%,0.10%,1.90%,9.00%,34.50%,23.60%,16.50%,10.10%,4.50%
352,iNews,Lintas iNews MNCTV,2026,April,"2,692,359","2,617,019","188,077","2,187",00:04:18,3,117,"23,573,469",8,"1,733,265","683,297","961,674","832,563","129,111","3,878","1,691","12,259",804,"2,938","5,215","8,003,926",0,0,"374,211","7,614,102","13,758,767","1,583,862","8,687","1,170,108","3,155",2,76,0,0,"31,310","3,070",370,"1,170","3,506","2,788",4,"5,116",0,0,0,0,7,645,,,,,,,,,"563,924","2,187","1,563,577","  6,895,995 ",,73.90%,26.10%,0.00%,1.90%,7.80%,32.00%,22.60%,17.20%,12.30%,6.30%
353,iNews,Lintas iNews MNCTV,2026,May,"2,656,817","2,552,305","135,953","2,840",00:03:11,7,301,"23,616,593",8,"1,791,967","754,452","948,377","824,642","123,735","4,322","1,482","12,932",709,"3,053","5,864","8,386,512","6,907",1,"340,401","8,016,788","14,537,837","1,514,571","9,599","1,173,306","3,308",0,59,0,0,"37,260","2,725",191,258,474,"1,763",20,"6,327",0,0,0,0,11,684,,,,,,,,,"566,764","2,840","1,517,484","  7,011,525 ",,72.70%,27.30%,0.00%,1.80%,7.60%,31.60%,22.60%,16.60%,12.80%,6.90%
354,iNews,Lintas iNews MNCTV,2026,June,"3,726,224","3,599,741","158,504","4,425",00:02:38,16,415,"36,502,769",8,"2,516,086","1,118,111","1,276,231","1,100,770","175,461","6,047","1,622","19,645","1,639","5,428","16,091","11,403,567",0,0,"338,850","11,034,420","20,052,816","2,152,107","9,318","1,791,937","3,184",3,121,0,0,"48,773","2,670",94,402,704,444,6,"16,043",0,0,0,0,11,682,,,,,,,,,"571,189","4,425","2,659,300","  9,971,033 ",,67.90%,32.00%,0.10%,1.70%,7.00%,30.30%,23.10%,17.20%,13.50%,7.00%
355,iNews,Lintas iNews MNCTV,2026,July,"2,691,708","2,604,021","125,686","2,442",00:02:53,18,515,"33,914,735",6,"1,817,471","638,887","1,009,768","851,544","158,224","3,808","1,366","11,124",884,"3,138","7,449","8,401,579",0,0,"255,195","8,125,428","14,712,422","1,558,710","9,439","1,303,628","3,233",6,99,0,0,"37,891","2,059",44,345,562,248,3,"6,734",0,0,0,4,13,777,,,,,,,,,"573,631","2,442","1,572,462","  6,574,293 ",,72.20%,27.70%,0.10%,1.40%,7.20%,30.90%,22.10%,16.30%,13.90%,
356,iNews,Lintas iNews MNCTV,2026,August,,,,,,,,,,,,,,,,,,,,,,,,,,,,,,,,,,,,,,,,,,,,,,,,,,,,,,,,,,,,,,,,,,,,,,,
357,iNews,Lintas iNews MNCTV,2026,September,,,,,,,,,,,,,,,,,,,,,,,,,,,,,,,,,,,,,,,,,,,,,,,,,,,,,,,,,,,,,,,,,,,,,,,
358,iNews,Lintas iNews MNCTV,2026,October,,,,,,,,,,,,,,,,,,,,,,,,,,,,,,,,,,,,,,,,,,,,,,,,,,,,,,,,,,,,,,,,,,,,,,,
359,iNews,Lintas iNews MNCTV,2026,November,,,,,,,,,,,,,,,,,,,,,,,,,,,,,,,,,,,,,,,,,,,,,,,,,,,,,,,,,,,,,,,,,,,,,,,
360,iNews,Lintas iNews MNCTV,2026,December,,,,,,,,,,,,,,,,,,,,,,,,,,,,,,,,,,,,,,,,,,,,,,,,,,,,,,,,,,,,,,,,,,,,,,,
361,iNews,Official iNews,2024,January,"83,535,867","83,535,867","4,730,541","137,516",00:03:23,14,"4,259","798,029,729",7,"22,843,327","5,429,699","17,413,628","17,413,628",0,"162,824","25,308","895,430","44,223","172,282","340,016","226,482,568","88,856",7,"9,143,314","214,592,418","391,502,534","42,113,243","9,296","35,090,416","2,711",0,0,0,0,"1,074,632","99,597",909,"11,209","249,219","90,259",59,"199,840",1,0,0,0,932,"55,047",0,0,0,0,0,0,,,"7,448,852","137,516","49,077,744","  168,861,000 ","  9,933 ",,,,,,,,,,
362,iNews,Official iNews,2024,February,"115,898,870","115,898,870","8,418,749","205,199",00:04:21,14,"4,462","1,089,631,593",7,"24,482,309","6,147,144","18,354,861","18,354,861",0,"237,474","32,275","1,012,986","54,442","286,899","529,051","607,711,754","102,972",4,"19,710,609","585,536,636","1,076,605,065","85,253,352","12,628","68,324,069","5,243",0,0,0,0,"1,741,574","178,158","1,025","34,194","654,640","240,314",125,"831,888",0,0,0,0,755,"43,858",0,0,0,0,0,0,,,"7,654,051","205,199","79,015,601","  505,189,000 ","  29,717 ",,,,,,,,,,
363,iNews,Official iNews,2024,March,"71,815,680","71,815,680","6,433,657","130,882",00:05:22,19,"3,440","720,926,621",7,"19,134,646","3,864,389","15,270,257","15,270,257",0,"156,368","25,486","534,420","39,507","145,941","270,932","355,117,911","13,969",1,"13,513,995","340,112,053","619,496,709","60,636,392","10,217","47,126,052","4,945",0,0,0,0,"960,487","133,041",916,"12,943","104,995","51,944",89,"351,684",0,0,0,0,"1,475","55,510",0,0,0,0,0,0,,,"7,784,933","130,882","43,229,785","  247,452,000 ","  14,556 ",,,,,,,,,,
364,iNews,Official iNews,2024,April,"59,730,964","59,730,964","4,315,383","90,140",00:04:20,20,"3,413","639,457,158",6,"18,672,887","3,866,461","14,806,426","14,806,426",0,"109,948","19,808","446,674","34,620","105,085","184,819","227,741,932","41,486",3,"12,027,364","213,962,431","394,891,800","39,292,199","10,050","31,733,761","3,813",0,0,0,0,"947,361","104,440",862,"4,916","263,971","103,424",99,"533,167",0,0,0,0,821,"35,613",0,0,0,0,0,0,,,"7,875,073","90,140","42,710,626","  192,967,000 ","  11,351 ",,,,,,,,,,
365,iNews,Official iNews,2024,May,"63,291,608","63,291,608","4,583,794","96,516",00:04:20,26,"3,766","609,857,673",7,"20,572,397","4,667,409","15,904,988","15,904,988",0,"118,352","21,836","499,344","32,373","109,162","189,588","193,967,453","736,971",12,"11,761,044","179,542,046","326,890,414","31,374,099","10,419","25,082,103","3,065",0,0,0,0,"867,692","106,494",905,"8,726","45,378","31,874",99,"672,563",0,0,0,0,697,"32,980",0,0,0,0,0,0,,,"7,971,589","96,516","45,021,996","  156,842,000 ","  9,226 ",,,,,,,,,,
366,iNews,Official iNews,2024,June,"93,785,736","93,785,736","8,567,542","154,542",00:05:28,27,"4,186","748,756,152",7,"19,723,331","3,988,282","15,735,049","15,735,049",0,"182,823","28,281","831,019","55,760","107,455","458,060","358,232,831","192,502",14,"14,589,337","339,217,964","619,963,767","58,622,688","10,575","46,237,350","3,820",0,0,0,0,"1,041,528","133,487",902,"12,450","97,869","108,010",90,"575,131",0,0,5,5,"109,905","1,725,855",0,0,0,0,0,0,,,"8,126,131","154,542","68,639,254","  292,162,000 ","  17,186 ",,,,,,,,,,
367,iNews,Official iNews,2024,July,"130,479,547","130,479,547","9,415,191","171,737",00:04:19,23,"4,668","904,307,208",8,"20,602,801","3,980,916","16,621,885","16,621,885",0,"205,872","34,135","1,468,496","97,025","133,768","599,711","408,191,712","345,683",25,"16,303,639","380,735,778","692,564,827","68,028,136","10,181","54,082,216","3,128",0,0,0,0,"1,423,265","159,056",967,"30,376","499,282","373,658",261,"3,371,064",1,0,14,848,"8,535","213,263",0,0,0,0,0,0,,,"8,297,868","171,737","100,819,553","  358,853,000 ","  21,109 ",,,,,,,,,,
368,iNews,Official iNews,2024,August,"118,520,580","118,520,580","8,919,162","147,899",00:04:30,19,"5,226","1,037,158,037",7,"21,988,771","4,738,574","17,250,197","17,250,197",0,"178,118","30,219","1,012,312","63,150","181,771","466,158","482,505,198","249,610",13,"23,010,040","454,288,936","827,172,316","80,961,381","10,217","63,917,607","4,071",0,0,0,0,"2,042,205","212,723","1,048","13,156","347,476","268,873",219,"1,901,971",2,0,31,"1,133","50,635","1,204,952",0,0,0,0,0,0,,,"8,445,767","147,899","87,060,544","  445,723,000 ","  26,219 ",,,,,,,,,,
369,iNews,Official iNews,2024,September,"98,842,611","98,842,611","8,058,670","141,708",00:04:53,20,"5,351","910,530,332",7,"21,751,799","4,710,487","17,041,312","17,041,312",0,"170,176","28,468","886,755","58,313","173,458","410,352","438,904,306","404,362",13,"26,513,013","407,363,545","742,100,568","71,469,059","10,384","55,440,666","4,440",43,"5,598","133,793",1,"1,877,934","229,465","1,070","13,305","427,142","216,557",191,"1,533,207",2,0,7,827,"42,903","1,149,558",0,0,0,0,0,0,,,"8,587,475","141,708","73,643,312","  409,666,000 ","  24,098 ",,,,,,,,,,
370,iNews,Official iNews,2024,October,"99,653,874","99,653,874","6,222,029","128,750",00:03:44,20,"6,538","908,651,374",7,"22,800,375","4,898,680","17,901,695","17,901,695",0,"157,344","28,594","815,817","60,508","174,833","272,254","363,872,816","422,876",27,"19,037,822","339,075,716","618,759,947","58,970,905","10,493","47,571,549","3,651","1,037","79,789","511,752",8,"1,534,416","149,652","1,143","13,328","380,571","266,587",149,"718,493",0,0,27,754,"7,483","289,700",0,0,0,0,0,0,,,"8,716,225","128,750","74,828,530","  327,998,000 ","  19,294 ",,,,,,,,,,
371,iNews,Official iNews,2024,November,"100,272,041","100,272,041","6,125,661","144,368",00:03:39,11,"5,555","961,636,844",8,"23,412,585","5,410,831","18,001,754","18,001,754",0,"174,164","29,796","803,995","46,123","177,337","333,981","356,593,102","504,997","1,060","19,234,464","328,534,107","609,494,381","60,341,083","10,101","48,949,549","3,556","24,031","2,285,038","92,835,780",824,"1,604,738","133,334","1,168","16,881","688,914","329,909",50,"195,356",2,0,32,671,"1,814","70,377",0,0,0,0,0,0,,,"8,860,593","144,368","73,798,346","  294,083,000 ","  17,299 ",,,,,,,,,,
372,iNews,Official iNews,2024,December,"90,050,207","90,050,207","6,879,721","125,245",00:04:35,23,"5,725","915,152,706",7,"22,050,753","4,739,814","17,310,939","17,310,939",0,"155,949","30,704","621,130","32,915","150,497","337,889","443,306,562","57,183",827,"21,888,044","415,977,927","759,461,308","72,607,852","10,460","58,269,925","4,923","19,559","1,354,872","76,371,031",623,"1,453,303","155,810","1,029","11,221","102,961","36,802",61,"1,453,552",12,0,15,873,"3,120","110,627",0,0,0,0,0,0,,,"8,985,838","125,245","67,827,544","  381,344,000 ","  22,432 ",,,,,,,,,,
373,iNews,Official iNews,2025,January,"77,639,098","77,639,098","5,394,462","94,978",00:04:10,23,"5,647","733,568,294",8,"20,359,210","4,113,644","16,245,566","16,245,566",0,"122,308","27,330","557,090","33,382","136,163","304,662","264,364,421","42,701",706,"18,662,831","241,559,017","440,586,242","43,656,710","10,092","36,251,550","3,405","16,641","871,386","50,182,290",546,"1,306,588","134,129","1,051","9,877","104,437","46,243",423,"2,026,131",0,0,23,865,"2,933","90,407",0,0,0,0,0,0,,,"9,080,816","94,978","55,746,693","  199,791,480 ","  11,752 ",,,,,,,,,,
374,iNews,Official iNews,2025,February,"85,678,879","85,678,879","5,884,373","100,476",00:04:07,18,"5,195","739,367,728",8,"21,328,080","4,560,970","16,767,110","16,767,110",0,"124,511","24,035","644,862","41,129","150,459","449,482","352,663,652","92,062","1,621","24,728,733","319,388,475","582,317,095","53,482,063","10,888","42,378,280","4,116","22,776","4,878,473","134,581,318","1,180","1,603,478","154,750","1,009","8,921","342,317","389,387",586,"5,510,002",0,0,16,922,"2,104","67,069",0,0,0,0,0,0,,,"9,181,292","100,476","62,925,448","  295,762,260 ","  17,398 ",,,,,,,,,,
375,iNews,Official iNews,2025,March,"76,701,023","76,544,723","5,726,706","97,289",00:04:29,17,"5,330","670,825,958",8,"20,321,638","4,680,139","15,644,559","9,300,932","6,343,627","131,607","34,318","548,953","31,143","131,034","268,757","420,096,865","99,549","3,484","19,281,386","375,245,871","682,265,803","62,461,168","10,923","48,419,065","5,488","25,028","1,750,033","319,979,298","2,704","1,359,402","145,239","1,113","10,479","237,141","295,337",163,"1,938,379",0,0,17,673,"1,973","60,602",0,0,0,0,0,0,,,"9,278,581","97,289","55,445,636","  325,160,190 ","  19,127 ",,,,,,,,,,
376,iNews,Official iNews,2025,April,"68,604,440","61,906,577","4,884,574","87,968",00:04:43,22,"4,356","548,116,085",7,"18,227,401","4,018,056","14,254,270","4,966,953","9,287,317","115,191","27,223","465,351","32,544","114,022","254,149","261,252,670","152,339","2,394","16,040,273","235,657,538","432,667,527","41,220,636","10,496","33,365,158","4,220","77,772","6,593,337","187,044,785","1,801","1,104,357","117,833","1,096","10,169","65,659","78,663",101,"4,072,086",0,0,10,797,"1,305","47,318",0,0,0,0,0,0,,,"9,366,549","87,968","50,234,381","  214,604,090 ","  12,624 ",,,,,,,,,,
377,iNews,Official iNews,2025,May,"119,642,241","108,462,740","9,957,460","155,663",00:05:30,25,"4,628","909,779,548",8,"20,431,763","4,189,114","16,242,649","5,409,788","10,832,861","190,242","34,579","973,435","68,771","177,043","592,550","476,492,054","100,546","6,997","29,826,138","420,730,293","766,405,561","77,476,101","9,892","60,192,059","4,393","211,619","16,407,126","547,744,051","5,250","1,888,598","226,610","1,133","14,816","139,642","88,328",143,"16,263,299",3,0,37,"2,125","19,037","715,450",0,0,0,0,0,0,,,"9,522,212","155,663","91,623,079","  415,934,750 ","  24,467 ",,,,,,,,,,
378,iNews,Official iNews,2025,June,"128,122,223","119,162,889","10,765,726","179,802",00:05:25,20,"3,084","941,169,803",9,"23,919,025","5,950,354","17,968,671","6,473,178","11,495,493","214,346","34,544","1,026,835","67,537","159,815","575,487","593,133,706","131,979","8,469","31,961,415","527,143,789","959,617,884","94,933,875","10,108","72,532,067","4,978","267,620","16,115,587","797,204,938","6,541","1,946,793","232,772","1,100","8,196","224,323","347,677",116,"6,141,614",2,0,196,"12,885","27,002","930,385",0,0,0,0,0,0,,,"9,702,014","179,802","97,649,642","  499,413,590 ","  29,377 ",,,,,,,,,,
379,iNews,Official iNews,2025,July,"99,437,729","90,034,896","8,514,884","105,936",00:05:40,21,"2,483","668,540,939",9,"18,668,522","3,306,720","15,361,802","4,990,655","10,371,147","137,296","31,360","842,559","58,737","136,987","433,080","449,345,660","34,528","6,585","28,704,750","393,152,976","718,710,032","65,300,702","11,006","47,549,668","4,991","229,619","16,179,538","597,640,998","5,178","1,648,380","213,186","1,263","7,211","132,475","110,328",100,"2,433,319",0,0,73,"3,001","6,609","214,270",0,0,0,0,0,0,,,"9,807,948","105,934","75,850,429","  389,267,360 ","  22,898 ",76.80%,23.10%,,1.10%,7.10%,28.40%,22.70%,18.20%,14.60%,8.00%
380,iNews,Official iNews,2025,August,"146,602,878","134,378,024","11,568,865","159,659",00:05:09,16,"2,130","996,020,311",9,"25,469,801","6,110,365","19,359,436","6,929,036","12,430,400","190,883","31,224","1,407,147","76,309","265,344","728,209","655,722,614","1,794,013","8,492","43,517,734","572,455,813","1,048,157,723","96,265,121","10,888","69,946,648","4,880","231,212","13,458,807","774,464,426","6,486","3,126,040","325,293","1,347","14,752","423,471","319,438",64,"836,569",0,0,32,"1,466","16,201","598,803",  246 ,  229 ,  246 ,  -   ,  17 ,  1 ,  14 ,,"10,011,536","159,659","116,345,223","  576,486,320 ","  33,911 ",75.40%,24.50%,0.20%,1.10%,7.30%,30.20%,23.80%,17.70%,13.00%,6.90%
381,iNews,Official iNews,2025,September,"124,960,787","114,787,859","13,452,300","146,029",00:07:01,24,"2,270","955,922,421",8,"22,206,842","4,417,522","17,789,320","6,398,999","11,390,321","179,548","33,519","1,235,914","66,925","269,360","497,180","843,613,441","16,674,694","19,491","66,381,889","696,897,679","1,269,490,055","109,853,031","11,556","66,531,200","7,349","405,730","20,143,927","1,479,394,748","12,749","3,215,713","497,702","1,102","9,583","518,225","338,935",51,"436,846",2,0,19,878,"19,960","620,858","  2,024 ","  1,521 ","  2,150 ",  126 ,  629 ,  19 ,  13 ,  33 ,"10,113,637","146,028","91,519,624","  734,767,370 ","  43,222 ",76.20%,23.70%,0.20%,1.00%,7.90%,31.40%,22.70%,17.10%,12.90%,7.10%
382,iNews,Official iNews,2025,October,"121,398,069","108,421,504","8,885,396","97,395",00:04:54,21,"2,725","758,205,681",9,"21,031,714","4,343,915","16,687,799","5,428,173","11,259,626","126,203","28,808","1,169,907","56,030","191,401","532,819","539,637,649","9,570,328","6,341","34,346,824","472,015,949","858,938,254","83,831,140","10,246","55,768,207","4,977","163,543","14,767,811","450,327,094","4,041","2,434,332","256,559","1,110","15,491","146,248","113,667",22,"340,178",4,0,21,772,"12,198","359,723",- 913 ,- 583 ,  534 ,"  1,447 ","  1,117 ",  10 ,  9 ,  45 ,"10,211,032","97,394","97,927,215","  446,170,270 ","  26,245 ",76.50%,23.40%,0.10%,1.10%,6.40%,29.50%,24.00%,18.20%,13.50%,7.40%
383,iNews,Official iNews,2025,November,"116,423,315","102,177,382","8,836,556","69,214",00:05:11,22,"2,572","691,816,169",9,"19,717,835","3,825,427","15,884,350","5,280,896","10,603,454","94,612","25,398","1,068,656","59,870","186,164","496,266","571,779,765","8,334,048","8,477","33,880,918","490,454,658","895,103,864","82,241,292","10,884","53,938,863","5,596","233,413","16,865,078","695,064,620","5,847","2,182,429","243,564","1,151","11,794","196,998","81,057",47,"1,455,616",0,0,22,"1,137","23,050","347,315",- 172 ,- 80 ,  479 ,  651 ,  559 ,  4 ,  5 ,  28 ,"10,280,246","69,213","85,527,857","  446,871,690 ","  26,287 ",76.90%,22.90%,0.10%,1.10%,5.90%,29.00%,23.80%,18.70%,14.10%,7.50%
384,iNews,Official iNews,2025,December,"114,659,902","96,493,714","8,635,959","53,922",00:05:21,17,"2,943","685,458,800",9,"20,140,791","4,215,939","15,929,133","5,481,831","10,447,302","77,934","24,012","873,276","56,926","168,762","385,460","532,752,679","9,285,370","7,548","29,919,736","465,520,987","849,823,028","82,769,891","10,267","54,309,490","5,528","187,500","11,478,021","615,687,997","5,161","1,917,324","225,543","1,378","14,984","150,782","105,412",41,"2,838,455",3,0,25,"1,510","3,955","129,010",  123 ,  141 ,  594 ,  471 ,  453 ,  4 ,  4 ,  21 ,"10,334,134","53,887","85,664,989","  428,770,770 ","  25,222 ",75.20%,24.70%,0.10%,1.10%,6.50%,29.30%,22.60%,18.00%,14.30%,8.10%
385,iNews,Official iNews,2026,January,"85,586,657","75,463,169","6,459,226","34,653",00:05:07,23,"2,870","550,634,404",8,"17,020,145","3,170,066","13,842,320","4,381,583","9,460,737","55,898","21,245","653,306","40,979","147,513","357,148","345,249,011","8,056,295","4,360","25,362,903","289,544,055","529,297,301","53,117,542","9,965","36,454,463","4,575","110,691","7,725,459","310,857,782","2,583","1,759,367","194,660","1,267","10,284","51,184","47,971",282,"3,569,614",0,0,15,"1,217","4,464","127,367",- 171 ,- 152 ,  333 ,  504 ,  485 ,  2 ,  5 ,  22 ,"10,368,812","34,643","63,323,315","  263,841,509 ",,75.20%,24.60%,0.10%,1.10%,5.70%,27.90%,23.20%,18.60%,14.80%,8.70%
386,iNews,Official iNews,2026,February,"82,289,285","73,484,999","6,545,930","33,661",00:05:20,13,"2,726","519,815,083",9,"18,554,330","3,691,959","14,805,719","4,847,976","9,957,743","55,233","21,572","578,726","38,617","136,082","313,931","401,029,997","7,015,711","3,799","29,180,365","342,849,203","624,699,739","62,350,920","10,019","40,832,630","5,458","85,703","7,073,541","252,369,148","2,299","1,762,672","197,353","1,230","7,835","266,772","979,877",241,"2,068,353",3,0,15,675,"2,869","80,765",- 152 ,- 136 ,  241 ,  393 ,  377 ,  1 ,  4 ,  19 ,"10,402,483","33,661","59,230,146","  299,727,682 ",,75.30%,24.60%,0.10%,1.20%,6.20%,29.30%,23.40%,18.10%,13.90%,7.90%
387,iNews,Official iNews,2026,March,"187,380,832","176,795,636","15,860,121","103,961",00:05:22,17,"3,201","1,191,278,651",10,"29,610,420","7,214,770","22,431,653","8,364,867","14,066,786","137,031","33,070","1,372,648","67,944","208,777","675,913","1,286,737,945","8,173,852","3,842","61,484,268","1,200,905,928","2,185,298,965","178,740,393","12,226","116,811,984","7,280","108,452","8,426,766","252,041,341","2,351","4,312,635","491,152","1,472","11,575","255,688","277,722",340,"1,096,428",25,1,30,"1,234","2,578","81,871",  166 ,  136 ,  492 ,  326 ,  356 ,  6 ,  1 ,  13 ,"10,506,431","103,961","156,893,433","  1,157,749,237 ",,76.90%,22.90%,0.20%,1.30%,6.10%,30.30%,26.10%,19.00%,11.50%,5.70%
388,iNews,Official iNews,2026,April,"137,266,967","123,843,240","12,586,570","53,973",00:06:05,19,"2,835","820,050,784",10,"21,659,486","4,261,187","17,365,705","6,682,409","10,683,296","83,581","29,608","921,645","56,797","141,311","484,466","680,104,389","8,659,773","5,749","46,678,341","602,623,075","1,096,129,153","104,123,648","10,527","72,639,468","5,591","157,319","9,932,712","450,518,997","3,731","2,620,232","348,638","1,472","10,668","154,558","92,307",222,"7,410,534",0,0,6,648,"2,281","79,436",  74 ,  86 ,  499 ,  425 ,  413 ,  5 ,  1 ,  21 ,"10,560,411","53,971","107,956,167","  579,690,741 ",,77.20%,22.70%,0.10%,1.30%,6.00%,29.50%,25.00%,19.00%,12.60%,6.60%
389,iNews,Official iNews,2026,May,"95,677,772","84,305,808","8,862,050","38,283",00:06:17,17,"2,813","585,099,640",9,"17,733,343","3,515,821","14,209,694","5,411,083","8,798,611","60,466","22,183","625,175","39,881","119,859","338,728","500,591,370","7,890,930","4,089","29,484,247","448,159,901","810,100,495","70,454,668","11,498","49,841,724","5,958","111,610","6,994,476","320,713,956","2,365","1,747,035","236,529","1,342","10,501","77,596","39,761",176,"1,427,659",0,0,10,507,"1,550","72,209",- 105 ,- 101 ,  351 ,  456 ,  452 ,  5 ,  3 ,  20 ,"10,598,700","38,281","70,073,818","  373,716,929 ",,75.90%,23.90%,0.10%,1.30%,5.90%,29.30%,24.40%,18.50%,13.20%,7.40%
390,iNews,Official iNews,2026,June,"90,651,704","79,193,948","7,531,138","37,823",00:05:42,15,"2,367","524,482,239",9,"17,802,300","3,515,913","13,577,918","5,050,804","8,527,114","62,025","24,202","635,555","45,860","127,527","396,774","491,230,814","7,572,366","3,056","25,945,770","443,831,852","805,980,249","67,648,250","11,914","46,621,565","6,201","87,469","7,718,832","234,176,913","1,576","1,650,105","200,505","1,078","10,699","115,002","73,715",119,"372,775",0,0,22,384,"1,203","57,350",-48,-27,310,358,337,3,2.3061,13.67,"10,636,524","37,820","67,149,819","  372,708,951 ",,75.50%,24.30%,0.10%,1.20%,5.80%,28.90%,23.50%,18.40%,14.10%,8.10%
391,iNews,Official iNews,2026,July,"84,783,037","74,523,468","7,825,746","32,897",00:06:17,16,"2,339","509,567,642",8,"16,992,142","2,883,851","12,890,089","4,422,862","8,467,227","53,714","20,817","563,825","21,236","115,947","311,779","469,107,977","7,228,790","1,793","29,827,649","423,780,717","769,909,281","63,811,934","12,065","43,136,005","6,320","48,091","6,367,895","76,479,668",660,"1,711,492","227,591","1,370","17,229","132,655","67,483",104,"1,088,911",0,0,16,649,"4,123","189,131",- 48 ,- 49 ,  296 ,  344 ,  345 ,  6 ,  2 ,  17 ,"10,669,420","32,897","56,414,204","  316,748,650 ",,76.60%,23.30%,0.10%,1.10%,5.40%,27.80%,22.90%,18.40%,15.10%,
392,iNews,Official iNews,2026,August,,,,,,,,,,,,,,,,,,,,,,,,,,,,,,,,,,,,,,,,,,,,,,,,,,,,,,,,,,,,,,,,,,,,,,,
393,iNews,Official iNews,2026,September,,,,,,,,,,,,,,,,,,,,,,,,,,,,,,,,,,,,,,,,,,,,,,,,,,,,,,,,,,,,,,,,,,,,,,,
394,iNews,Official iNews,2026,October,,,,,,,,,,,,,,,,,,,,,,,,,,,,,,,,,,,,,,,,,,,,,,,,,,,,,,,,,,,,,,,,,,,,,,,
395,iNews,Official iNews,2026,November,,,,,,,,,,,,,,,,,,,,,,,,,,,,,,,,,,,,,,,,,,,,,,,,,,,,,,,,,,,,,,,,,,,,,,,
396,iNews,Official iNews,2026,December,,,,,,,,,,,,,,,,,,,,,,,,,,,,,,,,,,,,,,,,,,,,,,,,,,,,,,,,,,,,,,,,,,,,,,,
397,iNews,Rakyat Bersuara,2024,January,"121,012","121,012","2,016",164,00:00:59,6,,"1,632,822",6,"48,920","42,452","6,468","6,468",0,334,170,334,18,142,56,,,,,,,,,,,0,0,,,822,14,,0,,,52,"4,834",0,0,0,0,0,0,,,,,,,,,"197,829",-,,  -   ,,,,,,,,,,,
398,iNews,Rakyat Bersuara,2024,February,"135,709","135,709","1,929",83,00:00:51,6,,"1,442,877",7,"44,473","38,415","6,039","6,039",0,261,178,174,45,118,30,,,,,,,,,,,0,0,,,831,20,,0,,,44,"2,825",0,0,0,0,0,0,,,,,,,,,"197,829",-,,  -   ,,,,,,,,,,,
399,iNews,Rakyat Bersuara,2024,March,"129,441","129,441","1,959",115,00:00:54,6,0,"1,471,725",6,"45,733","39,678","6,055","6,055",0,254,139,257,22,95,37,,,,,,,,,,,0,0,,,"1,091",24,,0,,,28,"1,480",0,0,0,0,0,0,,,,,,,,,"197,829",-,,  -   ,,,,,,,,,,,
400,iNews,Rakyat Bersuara,2024,April,"123,003","123,003","1,780",85,00:00:52,5,1,"1,275,483",7,"35,487","29,611","5,876","5,876",0,241,156,554,28,104,37,,,,,,,,,,,0,0,,,866,14,,0,,,10,"1,340",0,0,0,0,0,0,,,,,,,,,"197,829",-,,  -   ,,,,,,,,,,,
401,iNews,Rakyat Bersuara,2024,May,"126,609","126,609","1,894",117,00:00:53,5,2,"1,474,391",6,"43,709","37,225","6,484","6,484",0,278,161,122,40,148,51,,,,,,,,,,,0,0,,,"1,068",19,,0,,,29,"3,202",0,0,0,0,0,0,,,,,,,,,"197,829",-,,  -   ,,,,,,,,,,,
402,iNews,Rakyat Bersuara,2024,June,"123,180","123,180","1,594",50,00:00:46,5,,"1,400,338",6,"37,626","31,290","6,336","6,336",0,253,203,197,11,150,43,,,,,,,,,,,0,0,,,889,13,0,0,1,0,6,957,0,0,0,0,0,0,,,,,,,,,"197,874",45,,  -   ,,,,,,,,,,,
403,iNews,Rakyat Bersuara,2024,July,"149,599","149,599","1,953",98,00:00:46,6,1,"1,504,013",7,"56,970","49,797","7,173","7,173",0,285,187,161,31,119,43,"2,370",0,0,17,"2,353","4,277",397,"10,774",346,16,0,0,0,0,880,13,,0,,,5,872,0,0,0,0,0,0,,,,,,,,,"197,972",98,,  -   ,,,,,,,,,,,
404,iNews,Rakyat Bersuara,2024,August,"136,638","136,638","1,791",59,00:00:47,5,,"1,433,341",7,"42,980","36,273","6,707","6,707",0,264,205,250,18,208,54,"1,254",0,0,3,"1,251","2,275",169,"13,459",148,9,0,0,0,0,971,18,,0,,,2,110,0,0,2,10,0,0,,,,,,,,,"198,031",59,,  -   ,,,,,,,,,,,
405,iNews,Rakyat Bersuara,2024,September,"133,371","133,371","1,701",98,00:00:45,5,10,"1,356,036",7,"47,069","40,970","6,099","6,099",0,294,196,270,29,175,93,"25,487",0,0,249,"25,235","45,882","4,344","10,562","4,117",191,0,0,0,0,"1,061",18,,0,,,36,"1,923",0,0,0,3,0,0,,,,,,,,,"198,129",98,,  -   ,,,,,,,,,,,
406,iNews,Rakyat Bersuara,2024,October,"110,120","110,120","1,678",89,00:00:54,6,,"1,012,633",7,"34,998","29,029","5,969","5,969",0,268,179,74,37,116,33,"1,955",0,0,4,"1,951","3,547",486,"7,299",436,18,0,0,0,0,578,15,,0,,,16,"1,590",0,0,0,4,0,0,,,,,,,,,"198,218",89,,  -   ,,,,,,,,,,,
407,iNews,Rakyat Bersuara,2024,November,"263,829","263,829","31,964","1,895",00:07:16,17,16,"2,388,592",9,"191,829","183,663","8,166","8,166",0,"2,152",257,"2,172",59,835,605,"1,229,170",0,0,"172,260","1,056,150","1,920,272","213,097","9,011","199,254","4,659",0,471,0,0,"5,897","1,075",4,19,1,0,1,213,0,0,0,1,0,0,,,,,,,,,"200,113","1,895",,  -   ,,,,,,,,,,,
408,iNews,Rakyat Bersuara,2024,December,"347,803","347,803","30,030","2,729",00:05:10,23,8,"3,696,055",8,"258,696","217,778","40,918","40,918",0,"3,006",277,"5,129",125,736,"1,726","1,977,632",0,0,"124,972","1,852,147","3,367,539","337,210","9,986","296,678","5,686",0,385,0,0,"7,298",804,2,31,7,1,,224,0,0,0,0,0,0,,,,,,,,,"202,842","2,729",,  -   ,,,,,,,,,,,
409,iNews,Rakyat Bersuara,2025,January,"61,655","61,655","3,995",311,00:03:53,25,0,"530,167",10,"49,807","30,221","19,586","19,586",0,497,186,471,0,119,202,"203,645",0,0,"11,075","192,535","350,064","49,170","7,119","44,776","3,303",1,78,0,0,"1,044",76,,0,,,,76,0,0,0,0,0,0,,,,,,,,,"203,153",311,0,  -   ,  -   ,,,,,,,,,,
410,iNews,Rakyat Bersuara,2025,February,"33,794","33,794","1,784",161,00:03:10,21,1,"259,478",10,"26,453","15,689","10,764","10,764",0,239,78,157,2,80,68,"112,426",0,0,"5,882","106,525","193,682","27,330","7,087","24,112","3,327",0,0,0,0,740,33,,0,,,,50,0,0,0,0,0,0,,,,,,,,,"203,314",161,0,  -   ,  -   ,,,,,,,,,,
411,iNews,Rakyat Bersuara,2025,March,"8,505","8,504",439,-108,00:03:05,16,,"70,030",10,"7,330","4,570","2,762","2,762",0,75,183,-262,3,41,15,"24,914",0,0,"1,879","23,031","41,875","5,882","7,119","5,169","2,930",0,0,0,0,241,13,,0,,,,44,0,0,0,0,0,0,,,,,,,,,"203,206",-108,0,  -   ,  -   ,,,,,,,,,,
412,iNews,Rakyat Bersuara,2025,April,"2,336","2,327",127,-115,00:03:15,18,,"17,676",10,"1,608",879,732,727,5,49,164,-227,-12,17,8,"6,141",0,0,74,"6,060","11,018","1,699","6,485","1,552","2,639",0,0,0,0,21,1,,0,,,,98,0,0,0,0,0,0,,,,,,,,,"203,091",-115,0,  -   ,  -   ,,,,,,,,,,
413,iNews,Rakyat Bersuara,2025,May,"3,472","3,462",172,-106,00:02:59,15,,"24,105",11,"2,701","1,857",844,840,4,68,174,-230,-14,6,6,"9,164",0,0,742,"8,416","15,301","2,056","7,442","1,897","2,647",0,0,0,0,47,5,,0,,,,144,0,0,0,0,0,0,,,,,,,,,"202,985",-106,0,  -   ,  -   ,,,,,,,,,,
414,iNews,Rakyat Bersuara,2025,June,"4,522","4,510",254,-88,00:03:22,22,,"34,260",10,"3,605","2,300","1,305","1,293",12,57,145,-49,-12,9,15,"12,089",0,0,862,"11,225","20,409","2,989","6,828","2,685","2,681",0,0,0,0,70,5,,0,,,,107,0,0,0,0,0,0,,,,,,,,,"202,897",-88,0,  -   ,  -   ,,,,,,,,,,
415,iNews,Rakyat Bersuara,2025,July,"1,227,056","1,211,169","235,050","7,720",00:11:38,16,32,"9,444,817",10,"689,261","603,364","85,897","85,827",70,"8,243",523,"9,903",731,"1,487","8,335","10,024,711",0,0,"612,240","9,404,378","17,098,870","1,347,605","12,688","831,885","8,277",0,0,0,0,"18,609","4,392",2,0,5,5,,414,0,0,0,0,0,0,,,,,,,,,"210,617","7,720","1,224,267","  10,381,560 ",  611 ,81.00%,18.90%,,0.80%,5.40%,25.50%,23.40%,20.50%,16.60%,7.80%
416,iNews,Rakyat Bersuara,2025,August,"3,216,742","3,130,926","464,912","18,295",00:08:54,27,58,"33,139,899",7,"1,834,796","1,287,866","546,930","546,412",518,"19,231",936,"26,964","1,722","3,623","16,962","23,737,986",0,0,"1,044,202","22,649,102","41,176,939","3,803,836","10,825","2,783,426","7,582",0,0,0,0,"52,199","7,814",2,22,0,0,13,"64,790",0,0,0,0,0,0,,,,,,,,,"229,502","18,295","2,990,924","  22,479,610 ","  1,322 ",81.90%,18.00%,0.10%,0.90%,5.60%,26.20%,21.30%,18.80%,17.50%,9.80%
417,iNews,Rakyat Bersuara,2025,September,"4,053,941","3,994,443","561,606","20,486",00:08:26,26,83,"45,216,371",7,"2,215,383","1,328,920","886,463","884,020","2,443","21,706","1,220","35,969","1,925","9,576","18,697","30,677,969","48,286",2,"1,650,132","28,951,497","52,639,085","5,240,815","10,044","3,479,990","7,680",0,0,0,0,"75,294","11,932",22,13,291,500,27,"42,441",0,0,0,0,0,0,,,,,,,,,"249,399","20,486","3,653,230","  28,885,720 ","  1,699 ",82.30%,17.60%,0.10%,0.80%,5.70%,27.70%,23.20%,19.20%,15.60%,7.70%
418,iNews,Rakyat Bersuara,2025,October,"2,906,106","2,858,802","493,711","13,268",00:10:21,18,89,"25,855,962",8,"1,704,610","753,879","950,731","943,545","7,186","14,706","1,438","22,103","1,330","6,085","16,809","25,149,321",0,0,"1,613,787","23,511,625","42,748,498","4,056,360","10,539","2,443,127","8,797",0,0,0,0,"57,221","11,618",20,0,208,66,7,"16,454",0,0,0,0,0,0,,,,,,,,,"262,666","13,267","1,648,037","  13,921,130 ",  819 ,83.10%,16.80%,0.10%,0.80%,4.50%,23.80%,21.30%,20.00%,18.90%,10.80%
419,iNews,Rakyat Bersuara,2025,November,"3,854,281","3,791,397","773,119","11,015",00:12:14,15,118,"35,247,059",8,"1,960,483","726,310","1,234,405","1,209,714","24,691","12,000",985,"27,432","2,120","5,891","25,641","39,859,757",0,0,"2,897,301","36,925,833","67,272,811","6,173,552","10,897","3,627,311","10,513",0,0,0,0,"80,817","20,482",30,294,"25,894","12,525",23,"85,738",0,0,0,0,0,0,,,,,,,,,"273,682","11,015","3,289,879","  33,993,200 ","  2,000 ",82.70%,17.20%,0.10%,0.80%,4.40%,25.30%,24.50%,21.30%,16.30%,7.50%
420,iNews,Rakyat Bersuara,2025,December,"5,635,734","5,588,851","1,270,057","15,596",00:13:38,11,108,"50,188,252",9,"2,431,259","836,897","1,594,377","1,495,685","98,692","17,163","1,567","41,183","3,450","7,734","33,943","61,858,373","13,782",1,"5,240,252","56,576,426","102,866,283","9,694,467","10,611","5,444,503","11,068",0,1,0,0,"121,915","37,822",36,874,"57,377","58,758",20,"169,612",0,0,0,0,0,0,,,,,,,,,"289,277","15,595","4,995,892","  57,938,550 ","  3,408 ",82.50%,17.40%,0.10%,0.80%,4.60%,27.10%,25.60%,20.80%,14.60%,6.40%
421,iNews,Rakyat Bersuara,2026,January,"2,934,556","2,895,578","758,539","5,569",00:15:43,13,84,"24,349,558",9,"1,434,223","398,725","1,034,583","904,479","130,104","6,523",954,"16,648","1,619","3,212","13,717","33,328,468","31,280","2,350","3,451,101","24,264,363","44,128,376","4,421,421","9,981","2,419,837","12,378","69,135","1,870,380","210,453,156","1,820","69,671","25,999",39,759,"47,781","21,959",2,"3,773",0,0,0,0,0,0,,,,,,,,,"294,847","5,569","2,266,876","  28,603,878 ",,82.90%,17.00%,0.10%,0.80%,4.70%,28.60%,26.00%,20.40%,13.60%,5.90%
422,iNews,Rakyat Bersuara,2026,February,"4,414,093","4,370,584","920,773","5,691",00:12:38,10,121,"33,068,219",10,"1,907,198","480,461","1,419,274","1,123,779","295,495","7,100","1,409","25,244","1,780","4,420","15,963","48,486,835",0,"2,864","4,262,355","34,425,345","61,267,278","6,181,190","9,912","3,569,732","11,093","74,977","2,077,270","252,505,438","2,221","105,501","30,158",105,"1,058","113,916","30,461",13,"31,454",0,0,0,0,0,0,,,,,,,,,"300,538","5,691","3,539,055","  40,177,044 ",,82.50%,17.40%,0.10%,0.80%,4.60%,26.50%,23.80%,20.90%,16.00%,7.40%
423,iNews,Rakyat Bersuara,2026,March,"4,221,620","4,170,475","1,045,729","10,046",00:15:02,16,90,"40,589,638",8,"2,285,443","972,215","1,216,289","927,086","289,203","11,636","1,590","33,148","2,326","7,476","28,463","49,828,546",0,"1,985","4,398,142","37,647,467","68,437,996","5,864,846","11,669","3,865,129","12,057","53,330","1,552,864","198,849,355","1,551","124,563","37,190",74,"1,040","41,676","10,681",2,"1,758",0,0,0,0,0,0,,,,,,,,,"310,584","10,046","3,932,581","  47,572,480 ",,82.50%,17.40%,0%,0.80%,6.50%,33.60%,26.20%,17.80%,10.60%,4.40%
424,iNews,Rakyat Bersuara,2026,April,"5,065,186","5,055,414","1,230,124","7,467",00:14:36,10,85,"42,369,499",9,"2,040,496","578,636","1,403,154","981,563","421,591","9,047","1,580","29,790","2,437","5,759","19,647","59,598,521",0,"3,984","6,118,010","39,517,570","71,539,818","7,003,951","10,214","3,947,649","12,345","126,909","3,539,634","406,881,772","3,108","146,331","45,674",97,"2,147","136,643","66,050",2,"1,280",0,0,0,0,0,0,,,,,,,,,"318,051","7,467","4,393,651","  54,176,588 ",,82.20%,17.80%,0.10%,0.70%,4.60%,27.80%,25.20%,21.00%,14.50%,6.20%
425,iNews,Rakyat Bersuara,2026,May,"4,309,072","4,301,049","1,001,942","5,479",00:13:58,12,154,"34,493,354",10,"1,470,644","339,530","1,082,962","652,895","430,067","6,915","1,436","28,687","2,143","4,365","19,124","49,854,623",0,"2,402","4,683,191","36,470,358","66,107,711","6,028,160","10,966","3,431,674","11,711","66,327","2,035,573","250,294,329","1,925","123,737","36,570",80,"2,699","108,306","38,066",1,502,0,0,0,0,0,0,,,,,,,,,"323,531","5,479","3,662,763","  44,109,185 ",,82.20%,17.70%,0.10%,0.80%,4.70%,27.10%,25.30%,21.50%,14.50%,6.10%
426,iNews,Rakyat Bersuara,2026,June,"6,442,140","6,432,741","1,378,932","9,557",00:12:51,11,167,"51,092,921",10,"2,347,500","616,326","1,457,165","901,388","555,777","11,361","1,804","46,541","3,517","8,470","32,532","71,227,908","39,689","1,798","7,286,792","57,673,355","104,825,789","9,173,284","11,427","5,411,996","11,265","56,682","1,668,044","165,265,966","1,362","198,023","54,657",110,"3,379","148,068","28,312",1,"1,166",0,0,0,0,0,0,,,,,,,,,"333,088","9,557","5,890,760","  66,733,143 ",,81.60%,18.30%,0.10%,0.70%,5.20%,27.90%,24.00%,20.70%,15.00%,6.50%
427,iNews,Rakyat Bersuara,2026,July,"7,050,064","7,036,690","1,333,001","7,748",00:11:21,8,116,"47,272,677",12,"2,446,996","582,746","1,698,306","1,015,870","682,436","9,646","1,898","37,312","3,042","6,574","14,520","67,774,734","13,928",374,"6,566,869","60,116,890","109,272,009","9,670,813","11,299","5,697,743","9,599","17,271","1,207,607","28,975,040",281,"185,122","48,725",190,"7,116","303,715","63,252",,285,0,0,0,0,64,"2,607",,,,,,,,,"340,836","7,748","6,044,569","  55,291,501 ",,81.10%,18.80%,0.10%,0.70%,4.40%,25.60%,23.10%,21.20%,17.10%,
428,iNews,Rakyat Bersuara,2026,August,,,,,,,,,,,,,,,,,,,,,,,,,,,,,,,,,,,,,,,,,,,,,,,,,,,,,,,,,,,,,,,,,,,,,,,
429,iNews,Rakyat Bersuara,2026,September,,,,,,,,,,,,,,,,,,,,,,,,,,,,,,,,,,,,,,,,,,,,,,,,,,,,,,,,,,,,,,,,,,,,,,,
430,iNews,Rakyat Bersuara,2026,October,,,,,,,,,,,,,,,,,,,,,,,,,,,,,,,,,,,,,,,,,,,,,,,,,,,,,,,,,,,,,,,,,,,,,,,
431,iNews,Rakyat Bersuara,2026,November,,,,,,,,,,,,,,,,,,,,,,,,,,,,,,,,,,,,,,,,,,,,,,,,,,,,,,,,,,,,,,,,,,,,,,,
432,iNews,Rakyat Bersuara,2026,December,,,,,,,,,,,,,,,,,,,,,,,,,,,,,,,,,,,,,,,,,,,,,,,,,,,,,,,,,,,,,,,,,,,,,,,
433,iNews,Seputar iNews RCTI,2024,January,"11,540,837","11,540,837","322,623","20,173",00:01:40,33,"1,134","103,094,346",8,"6,379,696","2,572,667","3,807,029","3,807,029",0,"23,134","2,961","92,650","2,186","27,326","46,467","29,063,996",0,0,"572,763","28,460,050","51,745,435","5,668,573","9,128","5,050,236","2,518",0,0,0,0,"145,781","5,992",,0,,,5,"7,478",0,0,0,0,58,"2,246",,,,,,,,,"785,588","20,173",,  -   ,,,,,,,,,,,
434,iNews,Seputar iNews RCTI,2024,February,"17,790,546","17,790,546","592,123","35,719",00:01:59,32,"1,071","165,446,688",8,"9,181,653","3,631,207","5,542,188","5,542,188",0,"39,767","4,048","105,399","3,447","32,729","66,543","63,490,333",0,0,"998,659","62,471,753","113,584,874","11,921,575","9,528","10,336,559","3,569",0,0,0,0,"215,980","9,411",,0,,,16,"30,917",0,0,0,0,30,"1,953",,,,,,,,,"821,307","35,719",,  -   ,,,,,,,,,,,
435,iNews,Seputar iNews RCTI,2024,March,"8,282,355","8,282,355","303,809","12,276",00:02:12,26,558,"69,207,359",7,"4,825,152","1,818,419","3,006,733","3,006,733",0,"14,785","2,509","32,081","1,341","14,375","11,076","33,585,728",0,0,"566,112","33,004,112","60,007,488","5,897,421","10,175","4,489,973","4,055",0,0,0,0,"95,717","5,924",0,0,0,0,7,"26,050",0,0,0,0,26,"2,008",,,,,,,,,"833,583","12,276",,  -   ,,,,,,,,,,,
436,iNews,Seputar iNews RCTI,2024,April,"4,521,217","4,521,217","101,540","7,859",00:01:20,35,695,"49,260,072",7,"3,076,224","1,096,025","1,980,199","1,980,199",0,"9,776","1,917","22,871",926,"7,804","7,273","11,132,750",0,0,"196,777","10,905,119","19,827,493","2,165,522","9,156","1,932,448","2,462",0,0,0,0,"57,134","1,735",,0,,,5,"81,814",0,0,0,0,70,"2,989",,,,,,,,,"841,442","7,859",,  -   ,,,,,,,,,,,
437,iNews,Seputar iNews RCTI,2024,May,"6,869,979","6,869,979","155,876","11,271",00:01:21,38,848,"73,075,199",7,"4,486,662","1,694,440","2,792,222","2,792,222",0,"13,618","2,347","31,842","1,185","14,635","14,315","14,788,977","529,220",9,"253,915","13,995,948","25,447,179","2,782,994","9,144","2,551,648","2,153",0,0,0,0,"80,905","2,434",,0,,,16,"403,864",0,0,0,0,50,"2,591",,,,,,,,,"852,713","11,271",,  -   ,,,,,,,,,,,
438,iNews,Seputar iNews RCTI,2024,June,"5,889,889","5,889,889","102,736","7,273",00:01:02,38,757,"47,448,417",7,"3,834,074","1,524,771","2,309,303","2,309,303",0,"9,570","2,297","21,990",866,"11,948","10,239","13,921,192","27,167",2,"131,298","13,754,194","25,007,999","2,657,631","9,410","2,454,740","2,364",0,0,0,0,"53,211","1,211",,0,,,10,"94,557",0,0,0,0,43,"2,590",,,,,,,,,"859,986","7,273",,  -   ,,,,,,,,,,,
439,iNews,Seputar iNews RCTI,2024,July,"4,992,355","4,992,355","109,299","8,887",00:01:18,36,873,"59,359,065",6,"3,223,625","1,086,860","2,136,765","2,136,765",0,"11,256","2,369","28,304",920,"24,101","15,406","12,884,697","27,162",2,"205,529","12,643,937","22,988,989","2,456,406","9,359","2,261,075","2,581",0,0,0,0,"68,004","1,899",,0,,,16,"220,595",0,0,1,17,30,"2,619",,,,,,,,,"868,873","8,887",,  -   ,,,,,,,,,,,
440,iNews,Seputar iNews RCTI,2024,August,"9,715,374","9,715,374","234,864","16,970",00:01:27,37,981,"107,233,618",7,"5,781,462","2,142,134","3,639,328","3,639,328",0,"20,031","3,061","62,517","1,991","21,171","30,010","22,340,283","27,803",2,"470,157","21,827,542","39,816,370","4,398,734","9,052","3,994,628","2,299",0,0,0,0,"155,738","4,481",1,27,0,0,17,"234,355",0,0,1,59,127,"6,543",,,,,,,,,"885,843","16,970",,  -   ,,,,,,,,,,,
441,iNews,Seputar iNews RCTI,2024,September,"5,065,701","5,065,701","123,343","9,211",00:01:27,37,691,"57,628,461",7,"3,423,944","1,218,602","2,205,342","2,205,342",0,"11,640","2,429","25,983","1,019","13,970","14,141","13,556,352","274,679",5,"230,600","13,039,416","23,708,046","2,630,924","9,011","2,440,471","2,676",3,232,0,0,"72,056","2,022",,0,,,17,"48,946",0,0,1,20,58,"3,255",,,,,,,,,"895,054","9,211",,  -   ,,,,,,,,,,,
442,iNews,Seputar iNews RCTI,2024,October,"5,844,414","5,844,414","128,966","11,600",00:01:19,38,918,"78,347,520",6,"3,805,693","1,449,974","2,355,719","2,355,719",0,"14,178","2,578","32,291","1,702","14,884","12,020","12,847,996","42,139",3,"208,213","12,522,085","22,767,433","2,496,187","9,121","2,344,339","2,198",5,593,0,0,"70,771","1,703",,0,,,11,"20,064",0,0,2,15,23,"2,397",,,,,,,,,"906,654","11,600",,  -   ,,,,,,,,,,,
443,iNews,Seputar iNews RCTI,2024,November,"6,646,655","6,646,655","153,856","14,203",00:01:23,33,716,"80,034,029",7,"4,379,412","1,582,572","2,796,840","2,796,840",0,"16,634","2,431","37,796","1,464","15,224","17,686","15,842,769","34,447",1,"253,632","15,484,902","28,177,696","3,214,159","8,767","2,948,854","2,384",13,"4,327",0,0,"73,816","1,838",5,56,17,51,21,"22,797",0,0,3,104,47,"2,337",,,,,,,,,"920,857","14,203",,  -   ,,,,,,,,,,,
444,iNews,Seputar iNews RCTI,2024,December,"8,026,031","8,026,031","214,922","18,443",00:01:36,35,"1,248","88,491,591",7,"4,949,613","1,947,588","3,002,025","3,002,025",0,"21,806","3,363","46,416","1,593","16,280","28,475","19,923,218",0,0,"467,005","19,429,961","35,327,257","3,892,827","9,075","3,523,244","2,482",1,35,0,0,"94,152","3,333",,-3,,,13,"20,161",0,0,0,29,53,"2,695",,,,,,,,,"939,300","18,443",,  -   ,,,,,,,,,,,
445,iNews,Seputar iNews RCTI,2025,January,"5,135,431","5,135,431","123,332","11,419",00:01:26,36,"1,158","60,736,836",7,"3,253,552","1,192,708","2,060,844","2,060,844",0,"14,281","2,862","27,662","1,051","13,522","15,355","10,248,268",0,0,"325,283","9,908,382","18,015,314","1,897,369","9,495","1,767,776","1,996",1,46,0,0,"64,338","2,362",,0,,,10,"8,464",0,0,6,82,83,"7,037",,,,,,,,,"950,719","11,419","3,297,654","  7,430,020 ",  437 ,,,,,,,,,,
446,iNews,Seputar iNews RCTI,2025,February,"4,893,487","4,893,487","103,613","10,800",00:01:16,37,"1,083","55,999,475",6,"2,959,516","1,127,728","1,831,788","1,831,788",0,"12,971","2,171","29,682",943,"12,798","33,992","10,549,915",0,0,"261,943","10,261,863","18,657,962","1,911,608","9,760","1,772,620","2,156",5,89,0,0,"58,127","1,708",,0,,,7,"4,236",0,0,0,21,48,"2,165",,,,,,,,,"961,519","10,800","3,307,589","  7,985,920 ",  470 ,,,,,,,,,,
447,iNews,Seputar iNews RCTI,2025,March,"4,783,912","4,779,537","69,791","8,965",00:00:52,44,853,"45,013,086",8,"2,737,990","1,182,358","1,560,092","1,361,487","198,605","12,173","3,208","25,290",913,"8,030","9,565","9,373,808",0,0,"139,171","9,194,367","16,717,022","1,787,051","9,355","1,654,667","1,961",0,70,0,0,"51,191","1,063",,0,,,6,"3,724",0,0,0,23,56,"2,223",,,,,,,,,"970,484","8,965","2,906,629","  6,215,370 ",  366 ,,,,,,,,,,
448,iNews,Seputar iNews RCTI,2025,April,"3,901,811","3,653,663","70,908","6,733",00:01:09,33,714,"40,886,815",7,"2,309,683","977,912","1,334,449","1,037,993","296,456","9,255","2,522","19,574",940,"7,133","9,658","5,674,664",0,0,"144,047","5,491,026","9,985,080","1,049,380","9,515","995,942","1,553",0,61,0,0,"40,750","1,035",,0,,,11,"27,930",0,0,0,19,53,"1,820",,,,,,,,,"977,217","6,733","2,128,781","  3,228,980 ",  190 ,,,,,,,,,,
449,iNews,Seputar iNews RCTI,2025,May,"2,572,656","2,419,540","42,486","3,502",00:01:03,35,485,"28,771,226",7,"1,686,943","715,659","971,284","742,753","228,531","5,569","2,067","12,249",419,"6,431","7,955","3,322,127",0,0,"75,301","3,222,799","5,859,636","670,532","8,739","637,675","1,373",0,42,0,0,"27,305",579,,0,,,7,"16,171",0,0,1,13,45,"1,616",,,,,,,,,"980,719","3,502","1,025,785","  1,617,720 ",  95 ,,,,,,,,,,
450,iNews,Seputar iNews RCTI,2025,June,"2,451,382","2,401,910","56,518","4,853",00:01:24,35,261,"30,273,059",6,"1,736,512","707,018","1,029,494","788,517","240,977","6,767","1,914","13,466",450,"6,039","7,816","4,646,134",0,0,"116,044","4,521,459","8,221,504","989,562","8,308","933,558","1,934",1,52,0,0,"32,055",847,2,0,16,30,2,"8,162",0,0,0,31,16,874,,,,,,,,,"985,572","4,853","1,334,084","  3,257,710 ",  192 ,,,,,,,,,,
451,iNews,Seputar iNews RCTI,2025,July,"1,912,732","1,865,241","69,270","3,176",00:02:13,30,252,"22,693,998",6,"1,331,531","568,419","763,112","598,057","165,055","5,165","1,989","9,489",318,"4,750","4,592","3,980,552",0,0,"136,101","3,836,021","6,974,584","818,310","8,523","726,538","2,134",2,43,0,0,"21,438","1,017",0,4,1,0,13,"9,545",0,0,3,33,26,"1,003",,,,,,,,,"988,748","3,176","945,264","  2,896,290 ",  170 ,69.00%,31.00%,,2.20%,10.80%,33.30%,22.70%,15.50%,10.40%,5.20%
452,iNews,Seputar iNews RCTI,2025,August,"4,566,932","4,520,822","230,623","14,319",00:03:03,27,129,"49,533,933",7,"3,379,316","1,780,651","1,598,665","1,347,531","251,134","16,423","2,104","28,759",990,"7,752","16,530","15,047,512",0,83,"443,520","14,348,231","26,095,108","2,978,527","8,761","2,619,643","3,328","2,570","78,287","5,496,361",59,"57,310","3,447",19,217,580,"1,218",3,"3,098",0,0,7,168,24,"1,280",,,,,,,,,"1,004,968","14,319","3,756,700","  14,735,260 ",  867 ,73.50%,26.40%,0.10%,1.50%,8.90%,34.50%,24.50%,15.90%,10.10%,4.60%
453,iNews,Seputar iNews RCTI,2025,September,"3,729,916","3,667,889","249,022","11,607",00:04:04,28,154,"44,240,696",6,"2,491,245","988,913","1,502,332","1,246,753","255,579","13,786","2,179","25,557",889,"8,135","9,658","17,061,841","15,435",6,"1,126,277","15,885,835","28,926,540","2,982,069","9,700","2,286,595","4,652",425,"7,651","624,413",5,"77,827","7,584",20,343,48,64,4,"14,112",0,0,0,3,"6,711","204,064",,,,,,,,,"1,014,698","11,607","3,005,273","  16,474,870 ",  969 ,72.80%,27.20%,0.10%,1.40%,7.40%,28.10%,22.00%,18.70%,14.60%,7.90%
454,iNews,Seputar iNews RCTI,2025,October,"3,152,379","3,104,040","147,977","6,783",00:02:51,14,216,"33,690,372",7,"2,146,057","784,687","1,361,370","1,115,095","246,275","8,782","1,999","17,940",659,"11,782","9,075","11,968,803",0,6,"493,176","11,438,522","20,844,440","2,207,217","9,444","1,736,075","3,856",353,"5,401","942,272",5,"54,634","3,544",44,211,"3,084","11,075",4,"6,996",0,0,0,4,273,"20,143",,,,,,,,,"1,021,481","6,783","2,226,411","  10,870,140 ",  639 ,68.20%,31.80%,0.10%,1.50%,7.40%,29.30%,23.50%,18.40%,13.00%,7.00%
455,iNews,Seputar iNews RCTI,2025,November,"3,875,294","3,791,648","177,819","8,079",00:02:48,24,254,"44,235,955",6,"2,606,822","943,811","1,663,542","1,383,475","280,067","10,187","2,108","22,454",900,"10,104","14,822","15,712,095",0,47,"642,184","14,881,053","27,057,343","2,803,100","9,653","2,259,824","4,144","1,685","24,944","3,667,965",45,"64,026","4,316",31,142,520,95,8,"2,902",0,0,3,8,143,"5,430",,,,,,,,,"1,029,560","8,079","2,327,297","  8,336,970 ",  490 ,68.90%,31.10%,0.10%,1.40%,7.00%,27.80%,21.60%,18.10%,15.00%,9.10%
456,iNews,Seputar iNews RCTI,2025,December,"2,769,994","2,700,769","142,543","3,340",00:03:09,30,188,"30,548,429",6,"1,885,089","750,662","1,133,993","933,113","200,880","5,141","1,801","13,915",631,"5,184","7,371","11,542,943",0,5,"489,107","11,020,390","20,037,068","2,097,121","9,555","1,671,655","4,274",469,"5,800","297,144",5,"46,988","3,470",4,84,1,4,8,"5,322",0,0,0,2,152,"4,415",,,,,,,,,"1,032,900","3,340","1,815,099","  8,648,410 ",  509 ,66.20%,33.70%,0.00%,1.70%,8.00%,30.20%,22.40%,17.10%,12.70%,7.80%
457,iNews,Seputar iNews RCTI,2026,January,"2,061,934","2,013,124","96,310","2,309",00:02:52,29,171,"23,123,393",6,"1,401,494","527,066","873,108","723,044","150,064","4,097","1,788","9,278",461,"5,206","5,858","6,626,464",0,10,"361,643","6,023,024","10,957,317","1,273,271","8,606","1,050,323","3,279",638,"7,116","835,790",9,"39,452","2,665",2,88,0,0,5,"6,828",0,0,3,5,50,"1,695",,,,,,,,,"1,035,208","2,308","1,076,534","  4,253,524 ",,69.50%,30.50%,0%,1.60%,7.80%,30.40%,22.90%,16.60%,12.50%,8.30%
458,iNews,Seputar iNews RCTI,2026,February,"2,347,867","2,204,125","109,794","2,902",00:02:59,18,225,"22,257,028",6,"1,562,670","646,484","916,933","768,528","148,405","4,585","1,683","15,045",707,"5,967","6,963","7,995,707",0,10,"412,136","7,498,497","13,628,496","1,492,334","9,132","1,155,355","3,627",374,"6,131","1,007,095",10,"43,378","2,956",10,137,"1,529","6,284",5,"5,723",0,0,1,4,28,"1,526",,,,,,,,,"1,038,111","2,902","1,548,636","  6,251,329 ",,68.80%,31.20%,0.00%,1.60%,7.50%,31.50%,23.70%,17.40%,11.60%,6.60%
459,iNews,Seputar iNews RCTI,2026,March,"8,374,439","8,226,651","626,365","11,291",00:04:34,2,239,"67,524,918",9,"5,393,132","2,846,198","2,367,639","2,098,646","268,993","14,102","2,811","45,703","1,905","7,801","10,733","49,123,140",0,10,"1,760,579","47,204,066","85,798,258","8,823,155","9,724","6,034,691","6,024",936,"16,599","2,520,122",11,"146,407","14,434",257,"1,045","267,687","358,399",4,"4,442",0,0,0,12,42,"1,567",,,,,,,,,"1,049,402","11,291","7,284,438","  46,569,331 ",,73.70%,26.20%,0.10%,1.60%,7.40%,31.50%,25.00%,18.80%,11.00%,4.80%
460,iNews,Seputar iNews RCTI,2026,April,"3,448,237","3,351,371","282,128","3,308",00:05:03,3,166,"33,794,598",7,"2,211,089","771,381","1,379,089","1,175,274","203,815","5,701","2,393","16,115",930,"5,158","6,726","14,379,614",0,3,"748,193","13,606,328","24,614,908","2,730,399","9,015","2,010,806","4,348",704,"34,830","53,323",3,"55,332","5,999",381,"1,243","4,946","7,700",1,"6,038",0,0,0,0,55,"3,454",,,,,,,,,"1,052,709","3,308","2,452,177","  11,589,770 ",,73.40%,26.60%,0.00%,1.60%,7.10%,29.10%,21.50%,18.50%,14.30%,7.90%
461,iNews,Seputar iNews RCTI,2026,May,"2,725,328","2,623,388","168,956","3,327",00:03:51,3,324,"26,357,095",7,"1,852,456","729,641","1,064,947","891,771","173,176","5,279","1,952","15,052",754,"6,031","7,354","11,896,328",0,5,"478,777","11,376,659","20,615,239","2,035,009","10,130","1,511,233","4,553",442,"32,415","320,124",5,"45,567","3,887",176,485,"3,671","26,785",5,"3,639",0,0,0,1,26,"1,766",,,,,,,,,"1,056,037","3,327","1,523,057","  7,587,397 ",,69.30%,30.60%,0.00%,1.60%,7.30%,30.40%,22.10%,17.20%,13.70%,7.80%
462,iNews,Seputar iNews RCTI,2026,June,"3,313,013","3,220,952","208,933","3,331",00:03:53,8,420,"33,926,547",7,"2,213,294","722,512","1,346,649","1,108,280","238,369","5,331","2,000","16,171","1,319","5,529","12,270","14,579,471",0,8,"657,318","13,871,648","25,209,363","2,591,335","9,728","2,014,695","4,525",208,"16,844","458,425",6,"60,808","5,049",127,433,"4,050","3,053",4,"6,224",0,0,0,1,74,"1,308",,,,,,,,,"1,059,368","3,331","2,585,875","  12,728,933 ",,71.70%,28.20%,0.00%,1.20%,6.40%,27.40%,21.60%,18.50%,15.80%,9.00%
463,iNews,Seputar iNews RCTI,2026,July,"6,440,036","6,350,338","446,616","7,696",00:04:13,4,602,"56,845,139",9,"3,785,665","1,345,035","2,073,993","1,715,376","358,617","10,078","2,382","29,553","2,011","7,327","16,509","33,178,357","15,371",6,"1,378,884","31,744,129","57,665,754","5,756,195","10,018","4,313,505","5,238",742,"44,812","271,921",5,"124,627","10,513",298,"2,035","74,177","33,164",6,"20,172",0,0,0,0,45,"1,950",,,,,,,,,"1,067,064","7,696","5,626,660","  30,730,916 ",,75.20%,24.70%,0.10%,1.10%,5.70%,27.20%,21.70%,18.90%,16.40%,
464,iNews,Seputar iNews RCTI,2026,August,,,,,,,,,,,,,,,,,,,,,,,,,,,,,,,,,,,,,,,,,,,,,,,,,,,,,,,,,,,,,,,,,,,,,,,
465,iNews,Seputar iNews RCTI,2026,September,,,,,,,,,,,,,,,,,,,,,,,,,,,,,,,,,,,,,,,,,,,,,,,,,,,,,,,,,,,,,,,,,,,,,,,
466,iNews,Seputar iNews RCTI,2026,October,,,,,,,,,,,,,,,,,,,,,,,,,,,,,,,,,,,,,,,,,,,,,,,,,,,,,,,,,,,,,,,,,,,,,,,
467,iNews,Seputar iNews RCTI,2026,November,,,,,,,,,,,,,,,,,,,,,,,,,,,,,,,,,,,,,,,,,,,,,,,,,,,,,,,,,,,,,,,,,,,,,,,
468,iNews,Seputar iNews RCTI,2026,December,,,,,,,,,,,,,,,,,,,,,,,,,,,,,,,,,,,,,,,,,,,,,,,,,,,,,,,,,,,,,,,,,,,,,,,
469,iNews,Trijaya FM,2024,January,"360,784","360,784","22,578","1,407",00:03:45,11,39,"3,404,237",7,"293,563","207,383","86,180","86,180",0,"2,099",692,"3,645",206,"1,411",584,"1,131,241",0,0,"38,431","1,083,187","1,969,577","254,681","7,734","224,678","3,136",0,0,0,0,"5,289",395,20,81,"1,388",306,,41,0,0,0,0,6,190,,,,,,,,,"595,208","1,407",,  -   ,,,,,,,,,,,
470,iNews,Trijaya FM,2024,February,"452,203","452,203","29,019","2,029",00:03:51,24,44,"4,199,662",7,"353,932","249,850","104,032","104,032",0,"2,773",744,"4,697",224,"1,407",491,"1,858,447",0,0,"51,328","1,794,363","3,274,341","413,561","7,917","362,010","4,110",0,0,0,0,"6,972",456,19,55,192,284,1,68,5,0,0,0,9,227,,,,,,,,,"597,237","2,029",,  -   ,,,,,,,,,,,
471,iNews,Trijaya FM,2024,March,"344,608","344,608","22,052","1,165",00:03:50,34,57,"2,844,473",7,"269,495","202,193","67,302","67,302",0,"1,805",640,"2,676",191,797,314,"1,743,099",0,0,"34,133","1,694,726","3,081,316","335,871","9,174","276,681","5,058",0,0,0,0,"5,402",357,8,0,11,41,,77,2,0,0,0,30,634,,,,,,,,,"598,402","1,165",,  -   ,,,,,,,,,,,
472,iNews,Trijaya FM,2024,April,"305,537","305,537","15,498",755,00:03:02,32,68,"2,033,479",8,"225,790","164,791","60,999","60,999",0,"1,369",614,"2,408",217,593,273,"957,196",0,0,"27,225","912,108","1,658,379","188,834","8,782","162,811","3,133",0,0,0,0,"4,012",239,6,0,5,2,,47,1,0,0,0,103,"4,146",,,,,,,,,"599,157",755,,  -   ,,,,,,,,,,,
473,iNews,Trijaya FM,2024,May,"229,470","229,470","14,438",537,00:03:46,30,26,"2,003,375",7,"174,511","133,970","40,541","40,541",0,"1,224",687,"1,191",75,460,150,"909,813",0,0,"20,819","881,979","1,603,599","184,203","8,706","161,255","3,965",0,0,0,0,"2,858",191,6,0,3,0,2,115,0,0,0,0,32,"1,151",,,,,,,,,"599,694",537,,  -   ,,,,,,,,,,,
474,iNews,Trijaya FM,2024,June,"286,772","286,772","34,439",830,00:07:12,11,66,"2,771,604",7,"216,107","169,455","46,652","46,652",0,"1,620",790,"1,519",139,576,368,"1,386,843",0,0,"62,734","1,319,264","2,398,758","244,543","9,809","196,683","4,836",0,0,0,0,"4,414",741,126,29,536,451,,59,3,0,0,0,15,311,,,,,,,,,"600,524",830,,  -   ,,,,,,,,,,,
475,iNews,Trijaya FM,2024,July,"424,429","424,429","71,815","1,991",00:10:09,11,56,"3,884,554",8,"325,327","254,411","70,916","70,916",0,"2,776",785,"3,345",182,563,468,"2,239,756",0,0,"136,357","2,099,085","3,827,911","404,127","9,472","318,456","5,277",0,0,0,0,"4,919","1,224",91,61,"10,246","6,118",2,490,0,0,0,0,5,205,,,,,,,,,"602,515","1,991",,  -   ,,,,,,,,,,,
476,iNews,Trijaya FM,2024,August,"996,811","996,811","115,119","6,655",00:06:55,10,72,"7,703,754",10,"800,493","620,830","179,663","179,663",0,"7,651",996,"7,864",555,"1,917","1,603","5,612,691","20,734",2,"206,327","5,382,525","9,803,496","1,098,736","8,923","964,484","5,631",0,0,0,0,"14,948","2,092",109,259,"4,705","12,046",,53,0,0,0,0,15,242,,,,,,,,,"609,170","6,655",,  -   ,,,,,,,,,,,
477,iNews,Trijaya FM,2024,September,"461,859","461,859","29,658","1,817",00:03:51,5,82,"3,890,959",10,"351,146","236,954","114,192","114,192",0,"2,646",829,"5,202",124,929,490,"1,975,061",0,0,"67,692","1,903,969","3,464,721","396,298","8,743","342,498","4,276",0,0,0,0,"7,975",580,114,137,"2,855","5,794",2,29,6,0,0,0,15,345,,,,,,,,,"610,987","1,817",,  -   ,,,,,,,,,,,
478,iNews,Trijaya FM,2024,October,"313,735","313,735","23,266","2,098",00:04:26,9,48,"2,822,113",9,"253,611","164,152","89,459","89,459",0,"2,798",700,"2,119",102,469,360,"1,559,080",0,0,"37,616","1,520,786","2,767,977","315,745","8,766","276,577","4,969",0,0,0,0,"3,477",298,91,97,673,294,,29,0,0,0,0,7,309,,,,,,,,,"613,085","2,098",,  -   ,,,,,,,,,,,
479,iNews,Trijaya FM,2024,November,"204,151","204,151","11,930",462,00:03:30,4,53,"1,912,184",9,"156,995","110,048","46,947","46,947",0,"1,025",563,761,34,345,77,"838,377",0,0,"23,552","813,693","1,482,416","161,118","9,201","141,616","4,107",1,44,0,0,"2,928",166,52,121,"1,296","2,299",,26,10,0,0,0,1,171,,,,,,,,,"613,547",462,,  -   ,,,,,,,,,,,
480,iNews,Trijaya FM,2024,December,"240,257","240,257","21,699","1,003",00:05:25,14,45,"2,272,019",8,"191,189","134,541","56,648","56,648",0,"1,667",664,"1,247",80,495,157,"1,383,291",0,0,"32,102","1,348,835","2,453,493","262,851","9,334","225,961","5,758",0,0,0,0,"2,398",230,32,306,69,137,,18,9,0,0,0,5,125,,,,,,,,,"614,550","1,003",,  -   ,,,,,,,,,,,
481,iNews,Trijaya FM,2025,January,"252,755","252,755","21,593","1,168",00:05:07,11,39,"2,558,833",8,"200,710","138,742","61,968","61,968",0,"1,837",669,"1,420",136,456,383,"989,949",0,0,"41,329","947,829","1,723,813","214,629","8,032","193,608","3,917",0,0,0,0,"2,978",302,49,473,149,251,1,"1,030",1,0,0,0,9,137,,,,,,,,,"615,718","1,168","104,539","  548,590 ",  32 ,,,,,,,,,,
482,iNews,Trijaya FM,2025,February,"186,593","186,593","19,134",739,00:06:09,12,46,"1,883,090",7,"146,354","109,053","37,301","37,301",0,"1,104",365,982,46,399,348,"841,956",0,0,"36,560","804,578","1,469,871","155,310","9,464","132,951","4,512",0,3,0,0,"2,121",238,47,225,126,172,,26,0,0,0,0,6,116,,,,,,,,,"616,457",739,"59,146","  387,430 ",  23 ,,,,,,,,,,
483,iNews,Trijaya FM,2025,March,"150,005","149,858","9,869",152,00:03:57,7,35,"1,397,571",8,"117,844","93,502","24,328","23,930",398,868,716,526,38,340,79,"698,013",0,0,"15,826","681,174","1,238,498","138,397","8,949","120,139","4,658",0,0,0,0,"1,854",132,41,498,620,"2,474",,46,1,0,0,0,1,92,,,,,,,,,"616,609",152,"42,702","  272,170 ",  16 ,,,,,,,,,,
484,iNews,Trijaya FM,2025,April,"85,882","83,449","5,382",-72,00:03:52,25,3,"863,512",7,"61,429","47,063","14,478","14,029",449,557,629,-71,7,192,70,"269,785",0,0,"8,253","260,839","474,253","57,431","8,258","51,851","3,233",0,0,0,0,831,60,1,0,0,0,,55,0,0,0,0,1,84,,,,,,,,,"616,537",-72,411,"  5,780 ",  0 ,,,,,,,,,,
485,iNews,Trijaya FM,2025,May,"107,704","105,418","6,958",40,00:03:57,26,32,"1,155,550",7,"79,721","60,679","19,042","18,489",553,666,626,230,45,282,432,"348,203",0,0,"12,683","334,895","609,409","69,836","8,726","61,813","3,303",0,0,0,0,"1,380",99,10,0,19,472,,100,0,0,0,0,140,"3,254",,,,,,,,,"616,577",40,"15,717","  41,140 ",  2 ,,,,,,,,,,
486,iNews,Trijaya FM,2025,June,"374,238","372,079","33,702","1,727",00:05:26,23,18,"3,634,134",7,"258,254","202,263","55,991","55,182",809,"2,406",679,"2,436",152,581,555,"2,440,858",0,0,"150,929","2,289,297","4,162,357","382,909","10,870","324,465","6,560",0,0,0,0,"9,910",961,4,16,20,8,,68,1,0,0,0,20,283,,,,,,,,,"618,304","1,727","79,989","  422,960 ",  25 ,,,,,,,,,,
487,iNews,Trijaya FM,2025,July,"461,876","438,979","26,277","1,628",00:03:35,30,30,"4,194,385",7,"354,840","284,301","70,539","69,824",715,"2,365",737,"3,655",197,778,"1,041","1,772,587",0,0,"75,517","1,680,319","3,055,284","298,141","10,248","255,852","4,038",0,0,0,0,"8,742",578,10,6,15,138,2,"1,102",0,0,0,0,4,138,,,,,,,,,"619,932","1,628","258,288","  1,138,490 ",  67 ,48.00%,52.00%,,1.00%,7.30%,24.20%,16.90%,17.90%,20.20%,12.40%
488,iNews,Trijaya FM,2025,August,"1,370,054","1,195,915","48,641","4,949",00:02:26,10,223,"13,102,896",6,"911,798","729,959","181,839","180,275","1,564","5,770",821,"13,029",636,"3,280","8,920","3,000,318","13,844",5,"103,074","2,801,131","5,103,422","610,365","8,361","549,227","2,509",256,"16,764","380,047",4,"21,008",871,92,22,"1,535","1,770",,131,0,0,0,0,6,"1,519",,,,,,,,,"626,718","4,949","1,220,298","  2,659,310 ",  156 ,71.60%,28.40%,0%,1.10%,6.80%,28.30%,21.80%,17.60%,15.70%,8.70%
489,iNews,Trijaya FM,2025,September,"7,267,994","7,048,173","413,902","32,324",00:03:31,27,755,"78,277,446",7,"3,948,019","2,958,651","989,368","985,484","3,884","34,793","2,469","59,108","2,470","11,579","37,150","29,387,091",0,12,"919,102","28,310,730","51,540,029","5,958,950","8,649","4,892,324","4,169",25,"1,687","2,435,403",9,"107,479","6,420",117,-24,555,645,,67,0,0,0,0,"1,215","156,128",,,,,,,,,"657,188","32,322","6,787,792","  25,728,650 ","  1,513 ",75.70%,24.20%,0.10%,1.10%,6.00%,25.60%,20.10%,18.70%,18.00%,10.50%
490,iNews,Trijaya FM,2025,October,"9,856,796","9,577,892","542,761","37,047",00:03:23,22,"1,009","103,245,285",7,"5,012,119","2,756,681","2,255,438","2,248,139","7,299","40,348","3,301","75,581","3,515","15,664","51,610","40,703,230",0,0,"1,281,843","39,345,909","72,072,847","8,668,459","8,314","7,052,161","4,250",7,884,0,0,"157,517","9,530",126,23,"3,734","1,734",,117,0,0,0,0,151,"29,427",,,,,,,,,"694,237","37,047","9,085,464","  39,102,720 ","  2,300 ",76.30%,23.60%,0.10%,1.10%,5.80%,25.50%,20.20%,18.60%,17.90%,10.80%
491,iNews,Trijaya FM,2025,November,"9,910,249","9,752,063","593,383","23,686",00:03:39,24,905,"106,366,248",7,"4,680,438","1,919,524","2,762,060","2,744,692","17,368","26,528","2,842","64,379","3,488","15,001","51,257","46,392,776",0,0,"1,552,020","44,541,939","81,019,555","9,093,674","8,909","7,491,309","4,757",5,779,0,0,"168,368","10,784",118,5,"4,114",719,,112,0,0,0,0,"1,783","401,171",,,,,,,,,"717,923","23,686","9,210,360","  44,124,180 ","  2,596 ",76.70%,23.20%,0.10%,1.00%,5.40%,24.00%,19.20%,19.40%,19.40%,11.50%
492,iNews,Trijaya FM,2025,December,"6,976,225","6,875,254","546,848","11,295",00:04:46,16,859,"69,474,343",7,"3,780,722","1,417,851","2,360,435","2,316,660","43,775","13,326","2,031","36,806","2,749","8,335","29,661","36,154,418",0,0,"855,435","35,263,188","64,224,575","7,228,551","8,885","5,822,366","5,259",3,558,0,0,"91,309","6,785",116,3,"5,014","4,399",,130,0,0,0,0,"1,865","347,698",,,,,,,,,"729,216","11,293","5,864,203","  29,800,830 ","  1,753 ",76.60%,23.30%,0.10%,1.20%,5.80%,25.30%,18.80%,18.80%,18.90%,11.10%
493,iNews,Trijaya FM,2026,January,"10,966,815","10,387,265","796,212","16,940",00:04:35,31,893,"100,749,282",7,"5,606,200","2,687,028","2,919,449","2,759,764","159,685","19,556","2,616","83,769","3,951","10,732","42,829","34,125,942",0,0,"1,112,158","31,723,965","57,721,964","6,813,833","8,471","5,647,563","3,182",19,"1,030",0,0,"261,294","20,731",121,0,390,"1,033",,122,0,0,0,0,434,"103,839",,,,,,,,,"746,160","16,942","9,783,059","  27,425,945 ",,79.70%,20.20%,0.10%,1.00%,5.40%,25.70%,21.40%,18.50%,17.20%,10.80%
494,iNews,Trijaya FM,2026,February,"5,221,337","5,143,509","363,455","6,884",00:04:14,21,809,"54,440,604",6,"3,062,677","828,055","2,237,230","1,900,747","336,483","8,760","1,876","29,093","1,842","4,981","20,593","21,180,059",0,0,"704,092","20,440,393","37,135,293","4,532,048","8,194","3,656,297","4,117",6,524,0,0,"91,871","6,375",140,16,"2,066","5,648",0,78,0,0,0,0,"1,025","156,440",,,,,,,,,"753,042","6,884","3,793,256","  16,025,894 ",,77.10%,22.90%,0.10%,1.10%,5.60%,25.40%,19.60%,18.50%,18.60%,11.30%
495,iNews,Trijaya FM,2026,March,"11,850,403","11,723,085","816,722","20,408",00:04:10,23,684,"105,043,101",8,"6,424,046","2,490,975","3,831,830","3,168,916","662,914","23,642","3,234","85,081","4,053","10,450","46,855","61,674,968",0,1,"1,693,972","59,887,814","108,619,419","12,000,151","9,052","9,189,861","5,275",4,516,"43,081",1,"191,975","14,287",125,11,"1,380","2,579",,71,4,0,0,0,"6,766","1,419,842",,,,,,,,,"773,446","20,408","10,897,767","  57,982,790 ",,78.30%,21.60%,0.10%,1.40%,6.00%,26.50%,22.30%,20.30%,15.70%,7.90%
496,iNews,Trijaya FM,2026,April,"5,240,715","5,063,599","383,603","7,662",00:04:32,22,242,"43,644,221",8,"3,075,587","770,221","2,178,450","1,651,351","527,099","9,880","2,218","40,899","2,235","5,561","17,601","20,551,721",0,0,"697,549","19,766,799","35,857,570","4,024,598","8,910","3,225,817","3,910",4,422,0,0,"76,356","6,104",97,3,219,181,3,475,0,0,0,0,303,"86,396",,,,,,,,,"781,112","7,662","4,063,454","  16,149,514 ",,77.90%,22.00%,0.10%,1.30%,6.20%,26.50%,19.60%,18.20%,17.40%,10.70%
497,iNews,Trijaya FM,2026,May,"3,706,963","3,589,573","290,400","4,351",00:04:51,18,448,"34,673,943",7,"2,312,531","608,570","1,644,973","1,146,673","498,300","5,922","1,571","23,399","1,560","4,770","16,212","15,891,379",0,0,"680,368","15,154,141","27,463,042","2,889,266","9,505","2,282,411","4,408",2,395,0,0,"66,762","6,086",119,48,987,"3,432",,185,0,0,0,0,590,"113,593",,,,,,,,,"785,463","4,351","2,676,080","  11,928,716 ",,77.00%,23.00%,0.10%,1.20%,5.70%,25.50%,19.40%,18.30%,18.30%,11.70%
498,iNews,Trijaya FM,2026,June,"2,839,313","2,814,867","295,671","3,347",00:06:18,11,450,"27,477,545",8,"1,896,436","413,142","1,379,305","886,220","493,085","4,816","1,469","16,165","1,651","3,626","15,294","16,283,973",0,0,"662,164","15,606,249","28,361,709","2,880,338","9,847","2,213,826","5,812",0,195,0,0,"51,428","5,192",463,123,"2,016",464,,66,0,0,0,0,290,"67,202",,,,,,,,,"788,811","3,347","2,106,101","  12,682,993 ",,76.80%,23.20%,0.00%,1.10%,5.30%,25.10%,18.80%,18.20%,19.30%,12.30%
499,iNews,Trijaya FM,2026,July,"6,923,931","6,463,910","435,831","7,105",00:04:02,16,"1,154","54,561,550",8,"3,838,800","1,005,330","2,555,822","1,681,682","874,140","8,863","1,758","46,361","2,211","6,608","24,499","27,917,594",0,0,"1,013,480","26,684,932","48,489,178","5,014,579","9,670","4,083,593","4,368",2,195,0,0,"111,736","8,085",152,221,"1,979",517,,70,3,0,0,0,738,"152,170",,,,,,,,,"795,915","7,105","5,910,278","  23,281,176 ",,77.90%,22.10%,0.10%,1.10%,5.30%,26.20%,20.00%,17.90%,18.00%,
500,iNews,Trijaya FM,2026,August,,,,,,,,,,,,,,,,,,,,,,,,,,,,,,,,,,,,,,,,,,,,,,,,,,,,,,,,,,,,,,,,,,,,,,,
501,iNews,Trijaya FM,2026,September,,,,,,,,,,,,,,,,,,,,,,,,,,,,,,,,,,,,,,,,,,,,,,,,,,,,,,,,,,,,,,,,,,,,,,,
502,iNews,Trijaya FM,2026,October,,,,,,,,,,,,,,,,,,,,,,,,,,,,,,,,,,,,,,,,,,,,,,,,,,,,,,,,,,,,,,,,,,,,,,,
503,iNews,Trijaya FM,2026,November,,,,,,,,,,,,,,,,,,,,,,,,,,,,,,,,,,,,,,,,,,,,,,,,,,,,,,,,,,,,,,,,,,,,,,,
504,iNews,Trijaya FM,2026,December,,,,,,,,,,,,,,,,,,,,,,,,,,,,,,,,,,,,,,,,,,,,,,,,,,,,,,,,,,,,,,,,,,,,,,,
505,Okezone,Okezone,2024,January,"8,209,988","8,209,988","528,729","34,755",00:03:51,11,"1,496","65,143,583",9,"4,901,315","2,858,400","2,042,915","2,042,915",0,"38,123","3,368","105,945","3,819","17,228","33,818","23,828,462",0,0,"781,044","22,928,733","41,904,748","5,153,512","8,131","4,553,204","2,902",0,0,0,0,"93,108","7,459",270,"2,611","58,447","4,273",5,"5,242",0,0,0,0,81,"20,400",,,,,,,,,"1,348,976","34,755","7,071,698","  25,194,000 ","  1,482 ",,,,,,,,,,
506,Okezone,Okezone,2024,February,"8,031,703","8,031,703","451,826","27,073",00:03:22,5,"1,507","71,569,654",8,"4,763,174","2,297,085","2,468,890","2,468,890",0,"30,224","3,151","79,095","3,935","19,370","30,543","22,667,390",0,0,"835,421","21,686,096","39,854,409","4,900,204","8,133","4,317,819","2,822",0,0,0,0,"108,179","7,145",376,"1,837","95,465","31,883",8,"14,543",0,0,0,0,49,"17,145",,,,,,,,,"1,376,049","27,073","5,956,797","  17,731,000 ","  1,043 ",,,,,,,,,,
507,Okezone,Okezone,2024,March,"12,745,466","12,745,466","811,194","38,924",00:03:49,5,"1,637","92,034,083",9,"6,463,775","2,698,424","3,765,351","3,765,351",0,"43,033","4,109","101,678","7,487","21,008","33,696","42,767,513",0,0,"1,303,800","41,091,381","74,735,682","8,026,999","9,311","6,844,966","3,356",0,0,0,0,"146,307","12,672",408,"7,340","121,341","19,755",5,"20,707",0,0,0,0,80,"21,481",,,,,,,,,"1,414,973","38,924","8,491,823","  38,981,000 ","  2,293 ",,,,,,,,,,
508,Okezone,Okezone,2024,April,"8,668,590","8,668,590","496,014","23,800",00:03:25,18,"1,773","64,829,347",8,"5,141,511","1,836,759","3,304,752","3,304,752",0,"26,821","3,021","73,581","5,939","9,315","28,139","24,071,381",0,0,"835,901","22,884,831","41,656,163","4,653,686","8,951","4,156,598","2,777",0,0,0,0,"103,915","7,200",278,"3,648","10,070","6,392",3,"2,864",0,0,0,0,53,"16,466",,,,,,,,,"1,438,773","23,800","6,200,561","  19,788,000 ","  1,164 ",,,,,,,,,,
509,Okezone,Okezone,2024,May,"5,298,317","5,298,317","317,313","13,955",00:03:35,13,"1,906","48,875,267",7,"3,495,498","1,263,143","2,232,355","2,232,355",0,"16,691","2,736","39,491","2,730","6,331","13,157","14,214,515",0,0,"572,182","13,507,914","24,941,708","2,663,947","9,363","2,347,388","2,683",0,0,0,0,"62,504","5,536",263,"2,918","20,449","26,795",5,929,0,0,0,0,67,"17,524",,,,,,,,,"1,452,728","13,955","3,269,750","  8,636,000 ",  508 ,,,,,,,,,,
510,Okezone,Okezone,2024,June,"4,290,859","4,290,859","225,726","11,273",00:03:09,13,"1,890","42,342,769",7,"2,834,100","1,087,428","1,746,672","1,746,672",0,"13,724","2,451","34,539","2,403","5,065","11,389","10,021,524",0,0,"297,562","9,492,050","17,313,975","1,795,895","9,641","1,587,069","2,336",0,0,0,0,"41,038","2,889",300,"3,391","18,294","72,755",1,158,0,0,0,0,47,"15,268",,,,,,,,,"1,464,001","11,273","2,210,625","  5,253,000 ",  309 ,,,,,,,,,,
511,Okezone,Okezone,2024,July,"5,916,637","5,916,637","343,713","14,908",00:03:29,20,"1,628","54,805,918",7,"3,579,514","1,301,999","2,277,515","2,277,515",0,"17,599","2,691","44,856","3,693","5,314","19,149","14,443,476",0,0,"413,147","13,740,749","24,992,309","2,843,135","8,790","2,559,989","2,441",0,0,0,0,"59,312","4,158",262,"1,320","18,872","9,924",6,"3,355",0,0,0,8,94,"15,297",,,,,,,,,"1,478,909","14,908","3,766,148","  10,625,000 ",  625 ,,,,,,,,,,
512,Okezone,Okezone,2024,August,"5,350,401","5,350,401","291,736","13,225",00:03:16,12,"2,032","54,339,179",7,"3,377,975","1,181,146","2,196,829","2,196,829",0,"15,857","2,632","43,276","2,424","10,121","12,699","14,534,487","13,981",1,"592,470","13,765,443","25,053,142","2,908,683","8,613","2,595,040","2,717",0,0,0,0,"90,118","5,592",235,"1,736","30,963","27,909",3,"26,247",14,0,0,14,68,"17,228",,,,,,,,,"1,492,134","13,225","3,252,926","  9,758,000 ",  574 ,,,,,,,,,,
513,Okezone,Okezone,2024,September,"5,514,798","5,514,798","330,018","15,407",00:03:35,8,"2,204","58,664,252",7,"3,411,928","1,282,627","2,129,301","2,129,301",0,"18,207","2,800","47,026","2,623","7,872","11,249","17,728,191",0,0,"592,396","16,963,840","30,994,354","3,474,144","8,921","2,935,147","3,215",0,0,0,0,"77,401","5,475",269,"2,183","44,144","29,185",2,"7,151",4,0,0,14,81,"15,455",,,,,,,,,"1,507,541","15,407","3,392,624","  12,342,000 ",  726 ,,,,,,,,,,
514,Okezone,Okezone,2024,October,"5,412,208","5,412,208","285,113","12,832",00:03:09,16,"2,752","54,198,516",7,"3,439,613","1,159,497","2,280,116","2,280,116",0,"15,523","2,691","42,034","2,432","7,646","18,371","13,674,716",0,2,"445,260","13,036,800","23,721,720","2,909,722","8,153","2,629,332","2,527",195,"6,509","272,488",2,"65,583","3,708",186,990,"9,234","6,936",11,"40,933",0,0,1,71,64,"16,445",,,,,,,,,"1,520,373","12,832","3,255,953","  8,857,000 ",  521 ,,,,,,,,,,
515,Okezone,Okezone,2024,November,"4,715,450","4,715,450","228,996","12,567",00:02:54,16,"2,189","48,424,831",7,"3,189,340","1,148,853","2,040,487","2,040,487",0,"14,837","2,270","37,900","2,045","7,951","15,006","12,800,845",0,45,"408,356","12,121,278","22,066,287","2,521,056","8,753","2,242,204","2,715",313,"13,995","2,297,553",12,"53,328","2,883",107,701,"13,387","2,857",12,"24,036",0,0,0,47,58,"17,107",,,,,,,,,"1,532,940","12,567","2,854,923","  8,347,000 ",  491 ,,,,,,,,,,
516,Okezone,Okezone,2024,December,"4,068,903","4,068,903","237,992","10,177",00:03:30,18,"1,949","47,096,680",7,"2,811,890","997,478","1,814,412","1,814,412",0,"12,582","2,405","27,398","1,467","6,974","10,902","13,505,134","27,772",14,"449,252","12,911,302","23,482,209","2,499,150","9,396","2,178,180","3,319",341,"54,744","316,386",8,"46,241","3,331",88,"1,272","1,904","1,193",11,"6,938",0,0,0,23,58,"13,147",,,,,,,,,"1,543,117","10,177","1,941,275","  7,072,000 ",  416 ,,,,,,,,,,
517,Okezone,Okezone,2025,January,"3,441,821","3,441,821","224,670","8,837",00:03:54,20,"1,875","40,640,061",6,"2,443,616","915,660","1,527,956","1,527,956",0,"11,122","2,285","23,984","1,341","5,931","11,602","9,891,320",0,49,"527,242","9,187,550","16,716,992","1,936,697","8,632","1,745,956","2,874",24,"2,316","2,340,492",38,"47,513","3,939",81,924,"4,473","15,690",5,"7,190",1,0,0,16,25,"9,554",,,,,,,,,"1,551,954","8,837","2,027,245","  6,837,570 ",  402 ,,,,,,,,,,
518,Okezone,Okezone,2025,February,"3,001,052","3,001,052","137,553","6,517",00:02:45,16,"1,632","28,883,895",8,"2,183,690","814,575","1,369,115","1,369,115",0,"8,074","1,557","18,522","1,016","3,934","28,379","7,825,603",0,0,"325,470","7,409,072","13,475,318","1,470,935","9,161","1,307,417","2,608",309,"78,852",0,0,"42,677","2,178",64,844,"4,283","2,215",4,"1,566",2,0,0,6,31,"7,311",,,,,,,,,"1,558,471","6,517","1,806,729","  5,289,040 ",  311 ,,,,,,,,,,
519,Okezone,Okezone,2025,March,"2,524,023","2,514,379","132,175","4,629",00:03:09,16,"1,354","23,171,144",7,"1,801,075","720,300","1,081,823","905,027","176,796","7,290","2,661","20,620","1,147","3,520","11,136","8,447,452",0,14,"296,508","7,936,480","14,429,965","1,462,734","9,865","1,281,831","3,360",869,"95,276","1,793,857",13,"34,565","2,338",58,"1,117",670,"1,338",12,"7,192",0,0,0,13,30,"7,799",,,,,,,,,"1,563,100","4,629","1,401,602","  5,982,470 ",  352 ,,,,,,,,,,
520,Okezone,Okezone,2025,April,"3,331,095","3,003,842","243,860","9,131",00:04:52,15,761,"27,359,348",8,"2,023,512","843,298","1,181,887","933,221","248,666","11,347","2,216","20,336","1,321","4,657","11,614","10,556,641",0,35,"427,616","9,946,793","18,085,628","2,014,340","8,978","1,779,940","3,514","3,397","241,678","2,138,069",26,"37,960","3,185",40,779,"2,644","19,095",11,"40,335",0,0,0,6,27,"6,380",,,,,,,,,"1,572,231","9,131","2,173,008","  7,911,630 ",  465 ,,,,,,,,,,
521,Okezone,Okezone,2025,May,"6,529,294","6,082,834","640,797","21,025",00:06:19,27,412,"50,142,054",8,"3,379,056","1,587,650","1,791,406","1,495,465","295,941","23,965","2,940","37,452","3,297","7,521","30,250","27,677,343",0,127,"1,059,473","26,201,367","47,661,291","5,336,926","8,930","4,566,442","4,550","8,636","467,633","7,768,654",101,"74,931","8,966",17,340,34,83,2,"4,736",0,0,0,13,27,"7,527",,,,,,,,,"1,593,256","21,025","2,151,585","  9,138,350 ",  538 ,,,,,,,,,,
522,Okezone,Okezone,2025,June,"7,509,628","7,032,560","490,944","17,137",00:04:11,9,260,"57,688,138",9,"4,178,607","2,072,731","2,105,876","1,804,845","301,031","19,898","2,761","50,643","3,459","8,966","55,171","30,718,724",0,55,"1,424,061","28,972,462","52,677,200","5,281,447","9,974","4,215,382","4,368","2,303","359,078","3,807,762",46,"128,187","10,577",40,714,"8,461","32,339",6,"15,618",0,0,0,12,30,"8,348",,,,,,,,,"1,610,393","17,137","5,369,420","  26,121,690 ","  1,537 ",,,,,,,,,,
523,Okezone,Okezone,2025,July,"14,406,954","13,974,697","976,744","38,483",00:04:11,22,515,"112,373,579",10,"6,143,781","2,366,102","3,777,679","3,114,076","663,603","43,467","4,984","110,180","4,902","15,564","106,613","54,922,003",0,199,"2,344,400","51,822,622","94,298,542","10,562,128","8,928","8,981,101","3,930","10,492","630,154","12,336,233",174,"228,729","17,577",138,737,"14,605","8,745",9,"109,487",0,0,0,10,"28,381","1,255,819",,,,,,,,,"1,648,875","38,482","11,506,220","  47,489,670 ","  2,794 ",78.20%,21.70%,,1.20%,7.60%,30.30%,25.10%,18.40%,12.40%,5.20%
524,Okezone,Okezone,2025,August,"23,014,620","20,788,115","1,411,016","54,055",00:04:04,13,612,"155,648,717",9,"8,877,887","3,887,886","4,990,001","4,128,008","861,993","59,660","5,605","195,172","8,370","37,937","102,670","79,852,587","60,489",157,"3,890,516","74,608,813","135,816,196","14,441,229","9,405","11,759,777","3,841","8,470","703,387","7,138,572",142,"396,084","29,737",226,"1,871","177,076","243,908",4,"35,669",2,0,"3,372","86,829","130,527","3,642,849",,,,,,,,,"1,717,048","54,055","18,750,050","  66,424,270 ","  3,907 ",78.30%,21.60%,0.10%,1.10%,7.20%,30.50%,25.70%,18.60%,11.80%,5.00%
525,Okezone,Okezone,2025,September,"16,568,197","16,276,888","1,609,510","51,396",00:05:55,24,652,"162,806,174",7,"8,167,826","3,078,227","5,089,599","4,168,326","921,273","57,241","5,845","149,875","5,418","31,460","55,258","112,048,663",0,480,"6,073,882","104,572,362","190,140,907","18,026,101","10,548","12,492,317","6,884","14,997","623,233","30,285,261",395,"380,593","45,135",482,"4,198","52,781","39,087",4,"18,509",2,0,"1,020","39,357","77,791","3,132,167",,,,,,,,,"1,753,996","51,397","12,582,802","  94,447,920 ","  5,556 ",78.80%,21.00%,0.10%,1.10%,8.10%,33.00%,24.10%,16.90%,11.50%,5.40%
526,Okezone,Okezone,2025,October,"11,454,889","11,252,132","977,777","28,631",00:05:12,13,853,"101,203,500",8,"5,595,797","1,565,853","4,029,944","3,097,983","931,961","33,389","4,758","93,326","3,804","17,430","45,476","62,559,006","14,979",184,"3,329,248","58,723,930","106,823,812","11,146,384","9,584","8,033,881","5,560","7,415","450,088","10,911,391",145,"232,062","25,245",414,"4,404","91,787","144,560",1,"24,460",0,0,55,"6,380","39,194","2,131,115",,,,,,,,,"1,782,627","28,632","7,744,960","  46,737,760 ","  2,749 ",76.20%,23.70%,0.10%,1.20%,7.20%,30.80%,24.00%,17.90%,12.70%,6.20%
527,Okezone,Okezone,2025,November,"16,241,486","15,573,288","1,139,633","25,630",00:04:23,24,861,"126,544,665",9,"6,659,961","1,930,325","4,741,082","3,463,136","1,277,946","30,460","4,830","131,865","5,202","25,627","64,839","73,614,997","15,701",132,"3,319,798","69,717,196","126,766,624","13,366,664","9,484","10,114,408","4,727","6,132","376,625","8,121,619",110,"276,698","25,327",267,"3,273","26,133","28,431",7,"5,463",2,0,797,"72,789","59,406","2,340,984",,,,,,,,,"1,808,255","25,629","13,441,327","  62,961,710 ","  3,704 ",78.20%,21.70%,0.10%,1.10%,6.40%,29.30%,25.50%,19.50%,12.70%,5.50%
528,Okezone,Okezone,2025,December,"19,111,310","18,790,475","2,397,295","22,896",00:07:39,22,744,"197,145,397",7,"8,128,873","3,082,715","5,036,454","3,700,532","1,335,922","27,811","4,915","115,165","6,882","17,212","39,018","116,749,277",0,332,"5,441,470","110,304,681","200,869,523","23,002,363","8,733","14,057,771","6,213","12,629","991,055","18,417,130",266,"312,594","45,125",932,"2,131","12,387","14,673",4,"43,186",1,0,83,"10,966","67,925","1,733,419",,,,,,,,,"1,831,149","22,893","15,431,755","  105,090,090 ","  6,182 ",79.00%,20.90%,0.10%,1.30%,7.60%,32.90%,24.30%,17.90%,11.40%,4.50%
529,Okezone,Okezone,2026,January,"12,206,181","11,845,912","1,094,383","16,304",00:05:32,24,839,"106,185,116",8,"5,911,132","1,640,195","4,266,380","2,936,423","1,329,957","20,470","4,166","88,563","3,929","39,702","42,768","56,610,933",0,100,"3,066,961","51,815,885","94,267,509","10,559,214","8,928","7,462,630","4,697","5,213","297,900","5,425,014",88,"222,890","25,105",899,"2,099","3,644","33,180",7,"26,211",3,0,294,"22,841","27,240","1,207,070",,,,,,,,,"1,847,452","16,300","8,824,975","  42,149,659 ",,77.80%,22.10%,0.10%,1.30%,6.50%,30.90%,25.60%,18.50%,12.00%,5.40%
530,Okezone,Okezone,2026,February,"16,949,006","15,895,831","1,214,713","16,926",00:04:35,25,924,"131,696,642",9,"6,982,385","1,768,312","5,228,342","3,355,717","1,872,625","21,643","4,717","134,273","5,153","43,008","68,626","71,487,278",0,87,"4,424,864","66,513,664","120,793,003","13,200,112","9,151","9,631,282","4,497","4,572","430,150","4,460,552",68,"354,693","32,612",765,"1,328","17,869","19,025",4,"1,783",1,0,304,"14,478","45,582","2,051,262",,,,,,,,,"1,864,382","16,926","12,840,146","  52,135,865 ",,78.90%,20.90%,0.10%,1.10%,5.80%,30.40%,26.80%,19.20%,11.70%,4.90%
531,Okezone,Okezone,2026,March,"16,782,880","16,425,329","1,199,748","19,913",00:04:22,23,904,"143,831,504",9,"8,172,394","2,315,635","5,475,707","3,517,821","1,957,886","24,842","4,929","125,942","5,351","25,309","77,338","82,719,363",0,194,"3,062,948","78,952,679","143,457,764","14,859,488","9,654","11,040,977","5,075","8,558","468,815","15,309,458",161,"295,316","25,739",754,"1,662","7,821","49,917",3,"2,106",0,0,50,"5,117","35,448","2,163,795",,,,,,,,,"1,884,291","19,913","11,528,486","  53,338,475 ",,77.60%,22.30%,0.10%,1.40%,6.30%,30.40%,25.60%,18.70%,12.10%,5.60%
532,Okezone,Okezone,2026,April,"19,747,845","19,269,631","1,224,337","14,052",00:03:48,24,567,"164,476,486",9,"7,924,068","2,166,126","5,426,492","3,377,723","2,048,769","19,184","5,132","123,904","6,231","22,305","92,760","67,183,204","12,332",129,"2,742,710","63,838,023","115,862,274","12,626,029","9,176","9,850,701","3,429","9,560","965,369","8,715,155",102,"288,821","22,390",758,"1,091","1,334","11,854",4,"1,260",2,0,212,"7,716","35,804","2,376,474",,,,,,,,,"1,898,343","14,051","15,217,650","  50,615,074 ",,79.50%,20.40%,0.10%,1.10%,6.10%,31.40%,27.20%,18.50%,11.10%,4.70%
533,Okezone,Okezone,2026,May,"19,868,920","19,327,348","1,377,157","14,796",00:04:16,20,"1,227","164,223,480",9,"7,305,398","2,079,355","4,990,121","2,925,297","2,064,824","19,589","4,793","139,897","6,101","25,664","85,603","85,678,902",0,113,"3,562,949","81,515,829","147,902,313","14,296,223","10,346","10,592,617","4,441","6,845","720,167","17,810,704",98,"346,625","30,416",897,"1,952","56,614","106,234",8,"10,978",0,0,545,"46,755","48,927","3,332,641",,,,,,,,,"1,913,143","14,796","14,415,670","  63,807,820 ",,78.70%,21.20%,0.10%,1.30%,6.40%,31.50%,26.90%,18.30%,11.00%,4.60%
534,Okezone,Okezone,2026,June,"17,101,620","16,454,119","1,036,345","11,346",00:03:46,18,"1,182","130,890,232",9,"6,781,284","1,909,831","4,562,286","2,599,165","1,963,121","15,989","4,643","112,227","5,833","19,827","73,766","77,153,876","47,965",51,"2,825,618","73,815,357","134,005,277","11,832,853","11,325","8,911,223","4,664","3,741","489,198","3,325,698",46,"299,039","22,981",894,"3,699","21,135","34,126",8,"4,834",0,0,82,"8,799","51,253","2,751,118",,,,,,,,,"1,924,489","11,346","11,650,972","  52,840,496 ",,77.30%,22.60%,0.10%,1.30%,6.20%,30.60%,27.00%,19.10%,11.30%,4.60%
535,Okezone,Okezone,2026,July,"17,458,324","16,774,351","1,428,948","12,970",00:05:06,24,"1,346","140,139,445",9,"6,678,740","1,373,292","4,546,913","2,322,327","2,224,586","17,789","4,819","136,778","4,443","18,886","71,993","102,756,074","16,081",31,"4,733,396","97,443,046","177,040,968","15,690,403","11,283","11,067,444","6,147","4,003","569,066","3,707,157",30,"347,855","39,248","1,010","5,724","15,322","41,188",3,"10,737",0,0,232,"5,968","48,974","3,032,208",,,,,,,,,"1,937,459","12,970","13,126,812","  81,632,274 ",,81.10%,18.80%,0.10%,1.10%,6.00%,30.50%,26.80%,19.30%,11.60%,
536,Okezone,Okezone,2026,August,,,,,,,,,,,,,,,,,,,,,,,,,,,,,,,,,,,,,,,,,,,,,,,,,,,,,,,,,,,,,,,,,,,,,,,
537,Okezone,Okezone,2026,September,,,,,,,,,,,,,,,,,,,,,,,,,,,,,,,,,,,,,,,,,,,,,,,,,,,,,,,,,,,,,,,,,,,,,,,
538,Okezone,Okezone,2026,October,,,,,,,,,,,,,,,,,,,,,,,,,,,,,,,,,,,,,,,,,,,,,,,,,,,,,,,,,,,,,,,,,,,,,,,
539,Okezone,Okezone,2026,November,,,,,,,,,,,,,,,,,,,,,,,,,,,,,,,,,,,,,,,,,,,,,,,,,,,,,,,,,,,,,,,,,,,,,,,
540,Okezone,Okezone,2026,December,,,,,,,,,,,,,,,,,,,,,,,,,,,,,,,,,,,,,,,,,,,,,,,,,,,,,,,,,,,,,,,,,,,,,,,
541,Okezone,Okezone Vibes!,2024,January,"357,226","357,226","16,903",-233,00:02:50,41,15,"3,246,496",8,"255,714","180,897","74,817","74,817",0,"1,624","1,857",813,-7,321,183,"1,137,083",0,0,"22,401","1,112,705","2,024,465","227,818","8,886","202,013","3,183",0,0,0,0,"5,053",223,4,9,1,16,,12,2,0,0,0,"8,695","101,601",,,,,,,,,"2,076,716",-233,,  -   ,,,,,,,,,,,
542,Okezone,Okezone Vibes!,2024,February,"236,351","236,351","11,658",-417,00:02:57,42,4,"2,307,152",7,"170,673","121,569","48,851","48,851",0,"1,209","1,626",-16,-94,243,136,"847,333",0,0,"18,166","828,675","1,506,668","176,958","8,514","154,208","3,585",0,0,0,0,"3,421",169,,11,,,,6,0,0,0,0,"5,735","68,955",,,,,,,,,"2,076,299",-417,,  -   ,,,,,,,,,,,
543,Okezone,Okezone Vibes!,2024,March,"396,977","396,977","24,814",241,00:03:45,41,13,"3,892,224",7,"252,796","189,059","63,737","63,737",0,"2,026","1,785","1,051",1,418,247,"2,215,682",0,0,"29,006","2,185,773","3,975,902","414,024","9,603","339,981","5,581",0,0,0,0,"5,381",314,7,26,1,21,,64,2,0,0,0,"12,369","160,810",,,,,,,,,"2,076,540",241,,  -   ,,,,,,,,,,,
544,Okezone,Okezone Vibes!,2024,April,"739,744","739,744","39,917","1,591",00:03:14,39,45,"7,526,374",8,"530,315","398,545","131,770","131,770",0,"3,490","1,899","4,363",115,620,612,"2,908,617",0,0,"66,531","2,841,556","5,166,470","560,127","9,224","482,680","3,932",0,0,0,0,"9,789",584,1,0,0,0,,27,0,0,0,0,"12,818","171,552",,,,,,,,,"2,078,131","1,591",,  -   ,,,,,,,,,,,
545,Okezone,Okezone Vibes!,2024,May,"689,801","689,801","37,792",627,00:03:17,31,77,"7,374,745",8,"465,276","329,740","135,536","135,536",0,"2,860","2,233","3,507",23,575,608,"2,952,805",0,0,"59,619","2,892,630","5,259,644","494,975","10,626","427,292","4,281",0,0,0,0,"9,297",556,5,28,1,0,4,"54,537",4,0,0,0,"13,797","182,796",,,,,,,,,"2,078,758",627,,  -   ,,,,,,,,,,,
546,Okezone,Okezone Vibes!,2024,June,"695,356","695,356","38,676",818,00:03:20,36,52,"6,952,355",8,"460,082","319,861","140,221","140,221",0,"2,873","2,055","3,278",112,557,651,"3,142,538",0,0,"61,390","3,080,244","5,600,446","540,651","10,359","473,204","4,519",0,0,0,0,"9,027",526,4,14,7,7,,"30,768",16,0,0,0,"23,863","262,914",,,,,,,,,"2,079,576",818,,  -   ,,,,,,,,,,,
547,Okezone,Okezone Vibes!,2024,July,"752,572","752,572","44,774","1,189",00:03:34,32,23,"7,197,600",9,"523,208","376,992","146,216","146,216",0,"3,411","2,222","3,537",39,568,895,"2,887,787",0,0,"54,131","2,832,599","5,150,180","557,855","9,232","485,216","3,837",0,0,0,0,"8,062",519,,0,,,,"9,545",2,0,0,40,"15,166","257,578",,,,,,,,,"2,080,765","1,189",,  -   ,,,,,,,,,,,
548,Okezone,Okezone Vibes!,2024,August,"346,598","346,598","18,939",-468,00:03:16,36,22,"3,352,383",8,"226,554","154,838","71,716","71,716",0,"1,673","2,141",369,-54,233,204,"1,395,926",0,0,"21,574","1,373,313","2,496,931","276,402","9,034","243,933","4,028",0,0,0,0,"4,026",214,,0,,,,71,0,0,8,266,"8,671","119,428",,,,,,,,,"2,080,297",-468,,  -   ,,,,,,,,,,,
549,Okezone,Okezone Vibes!,2024,September,"747,838","747,838","36,256","1,201",00:02:54,14,83,"7,598,946",8,"542,302","389,125","153,177","153,177",0,"3,333","2,132","26,325",281,"1,012",934,"9,676,842",0,0,"156,779","9,519,096","17,307,446","745,648","23,211","531,512","12,940",0,0,0,0,"18,228",861,6,0,0,"6,036",,125,14,0,1,59,"6,803","119,254",,,,,,,,,"2,081,498","1,201",,  -   ,,,,,,,,,,,
550,Okezone,Okezone Vibes!,2024,October,"11,443","11,443",566,"-1,440",00:02:57,33,13,"133,715",6,"8,974","5,662","3,312","3,312",0,388,"1,828","12,031",-168,18,6,"46,132",0,0,"1,027","45,102","82,003","6,920","11,850","6,075","4,031",0,0,0,0,170,8,5,2,0,0,,208,0,0,0,0,249,"2,475",,,,,,,,,"2,080,058","-1,440",,  -   ,,,,,,,,,,,
551,Okezone,Okezone Vibes!,2024,November,"1,213,638","1,213,638","66,814","3,557",00:03:18,29,230,"12,419,106",8,"871,853","618,222","253,631","253,631",0,"5,660","2,103","6,517",251,595,"1,910","5,922,791",0,0,"110,035","5,806,228","10,565,168","1,024,961","10,308","880,161","4,880",0,0,0,0,"12,436",757,0,12,0,0,1,329,5,0,0,3,"4,702","57,084",,,,,,,,,"2,083,615","3,557",,  -   ,,,,,,,,,,,
552,Okezone,Okezone Vibes!,2024,December,"738,355","738,355","39,105",774,00:03:10,25,151,"7,774,278",8,"562,965","383,497","179,468","179,468",0,"2,880","2,106","3,308",107,477,786,"3,624,186",0,0,"93,060","3,530,492","6,419,328","584,402","10,984","496,288","4,908",0,0,0,0,"12,152",796,,-5,,,,533,0,0,3,128,"4,157","50,161",,,,,,,,,"2,084,389",774,,  -   ,,,,,,,,,,,
553,Okezone,Okezone Vibes!,2025,January,"527,791","527,791","23,683",148,00:02:41,26,157,"6,302,020",7,"360,649","217,263","143,386","143,386",0,"2,181","2,033","2,591",20,309,"1,464","1,824,446",0,0,"44,663","1,779,445","3,235,355","305,847","10,578","271,977","3,457",0,0,0,0,"6,275",347,,0,,,,360,0,0,0,43,"4,866","58,661",,,,,,,,,"2,084,537",148,"297,096","  1,013,540 ",  60 ,,,,,,,,,,
554,Okezone,Okezone Vibes!,2025,February,"415,906","415,906","18,576",416,00:02:40,29,85,"4,441,143",8,"289,985","169,759","120,226","120,226",0,"1,528","1,112","1,239",-7,277,589,"1,580,053",0,0,"48,509","1,531,452","2,784,460","266,977","10,430","233,140","3,799",0,0,0,0,"5,865",307,,0,,,,920,0,0,2,38,"5,734","60,326",,,,,,,,,"2,084,953",416,"172,918","  831,980 ",  49 ,,,,,,,,,,
555,Okezone,Okezone Vibes!,2025,March,"297,739","297,731","13,205",-880,00:02:39,34,21,"2,716,522",9,"227,031","145,268","81,810","80,684","1,126","1,477","2,357",-289,-70,229,251,"1,257,887",0,0,"27,178","1,230,312","2,236,929","228,217","9,802","202,346","4,225",0,0,0,0,"4,283",201,,0,,,,"3,945",0,0,2,66,"3,466","33,325",,,,,,,,,"2,084,073",-880,"156,792","  737,800 ",  43 ,,,,,,,,,,
556,Okezone,Okezone Vibes!,2025,April,"136,262","135,961","7,136",-966,00:03:08,34,2,"1,343,683",8,"87,313","56,753","30,693","28,736","1,957",923,"1,889","-1,665",-127,146,76,"446,437",0,0,"15,402","430,898","783,449","84,675","9,252","76,987","3,284",0,0,0,0,"2,036",117,,0,,,,"5,789",0,0,4,53,"3,796","35,547",,,,,,,,,"2,083,107",-966,991,"  10,880 ",  1 ,,,,,,,,,,
557,Okezone,Okezone Vibes!,2025,May,"193,968","193,754","10,729",-896,00:03:19,37,,"1,850,304",8,"119,634","76,745","42,889","40,704","2,185",898,"1,794",-906,-101,147,117,"681,951",0,0,"28,566","653,321","1,187,857","118,317","10,040","106,111","3,520",0,0,0,0,"3,242",216,,0,,,,"4,047",0,0,1,99,"7,154","64,151",,,,,,,,,"2,082,211",-896,0,  -   ,  -   ,,,,,,,,,,
558,Okezone,Okezone Vibes!,2025,June,"175,995","175,922","11,139",-659,00:03:47,36,,"1,822,491",8,"108,067","73,302","34,765","33,130","1,635",840,"1,499",-495,-57,138,139,"733,186",0,0,"43,121","690,039","1,254,618","115,370","10,875","101,755","4,168",0,0,0,0,"3,398",284,,0,,,,"4,049",0,0,0,30,"4,882","42,350",,,,,,,,,"2,081,552",-659,0,  -   ,  -   ,,,,,,,,,,
559,Okezone,Okezone Vibes!,2025,July,"224,163","223,842","11,428","-1,094",00:03:03,13,58,"2,061,629",9,"152,892","101,666","51,226","48,996","2,230","1,096","2,190",-390,-114,203,285,"756,496",0,0,"34,985","721,392","1,311,623","126,325","10,383","111,408","3,380",0,0,0,0,"4,010",240,4,34,42,60,,"2,997",1,0,2,40,"3,713","38,014",,,,,,,,,"2,080,458","-1,094","83,512","  339,660 ",  20 ,49.80%,50.10%,,1.30%,9.70%,33.30%,21.80%,15.20%,12.20%,6.50%
560,Okezone,Okezone Vibes!,2025,August,"677,095","672,412","54,396",622,00:04:51,7,153,"5,477,453",10,"418,100","296,712","121,388","117,699","3,689","2,406","1,784","2,978",49,526,710,"4,821,736","42,851",1,"199,346","4,579,082","8,325,570","624,008","13,342","460,954","7,171",0,110,0,0,"12,043","1,396",40,115,"20,412","17,591",,"2,587",0,0,1,26,"3,512","75,734",,,,,,,,,"2,081,233",622,"521,325","  4,521,320 ",  266 ,38.60%,61.30%,0%,1.20%,10.00%,37.00%,25.00%,14.50%,8.80%,3.50%
561,Okezone,Okezone Vibes!,2025,September,"620,605","617,768","37,595","1,514",00:03:39,15,220,"5,430,738",9,"416,092","269,411","146,681","141,147","5,534","3,340","1,826","2,820",74,784,"1,637","3,202,183",0,0,"117,312","3,084,437","5,623,032","488,636","11,508","380,082","5,183",83,"4,301",0,0,"8,709",799,82,104,"3,494","11,540",,"2,328",0,0,10,"4,089","4,247","129,137",,,,,,,,,"2,082,647","1,514","397,147","  2,503,930 ",  147 ,48.30%,51.70%,0%,1.50%,8.70%,33.80%,24.30%,16.20%,10.90%,4.70%
562,Okezone,Okezone Vibes!,2025,October,"642,711","609,106","37,540",966,00:03:41,10,239,"5,503,322",9,"413,794","252,542","161,252","155,063","6,189","2,822","1,856","3,228",-6,868,"1,190","3,433,428",0,4,"143,737","3,280,983","6,059,969","514,179","11,786","387,338","5,637",101,"5,262","159,405",2,"13,159","1,017",100,189,"4,308","8,497",,"2,385",0,0,45,"5,970","4,035","148,040",,,,,,,,,"2,083,613",966,"264,285","  1,745,730 ",  103 ,41.90%,58.10%,0%,1.20%,7.70%,30.60%,22.90%,18.00%,13.30%,6.30%
563,Okezone,Okezone Vibes!,2025,November,"742,505","632,079","27,625",136,00:02:36,21,289,"4,855,150",10,"449,631","276,431","173,506","165,812","7,694","1,940","1,804","4,404",147,645,"1,497","2,424,996",0,7,"74,494","2,307,912","4,196,242","422,159","9,940","350,248","3,837",91,"5,926","391,862",6,"10,476",492,78,50,"1,272","3,406",,"2,248",2,0,17,"2,398","4,753","130,428",,,,,,,,,"2,083,749",136,"565,662","  1,857,250 ",  109 ,44.30%,55.70%,0.00%,1.10%,6.40%,29.40%,21.90%,18.30%,15.40%,7.40%
564,Okezone,Okezone Vibes!,2025,December,"991,861","917,348","97,325",651,00:06:21,16,291,"9,327,715",7,"601,655","443,279","158,181","151,499","6,682","2,499","1,848","4,872",372,"1,202","1,029","5,050,009","42,938",4,"187,425","4,791,210","8,715,021","941,424","9,257","644,412","5,505",283,"21,730","98,452",3,"21,290","2,127",68,112,"3,704","6,075",,"2,022",2,0,1,653,"5,156","132,779",,,,,,,,,"2,084,397",648,"756,028","  4,411,500 ",  260 ,55.50%,44.50%,0%,1.40%,7.30%,30.80%,21.00%,17.70%,14.90%,6.90%
565,Okezone,Okezone Vibes!,2026,January,"808,724","726,331","51,647",334,00:04:15,26,312,"5,552,603",9,"450,895","276,919","174,109","166,108","8,001","2,164","1,830","6,843",154,"1,046","1,612","3,309,757",0,1,"100,154","3,080,015","5,603,304","572,337","9,790","444,591","4,414",122,"17,595","25,486",1,"9,834",723,55,124,22,"1,327",1,"3,693",2,0,2,248,"3,893","114,162",,,,,,,,,"2,084,733",333,"558,833","  2,142,918 ",,40.90%,59.20%,0%,1.20%,6.40%,29.20%,20.10%,17.10%,16.00%,10.10%
566,Okezone,Okezone Vibes!,2026,February,"819,342","774,674","50,639",772,00:03:55,23,429,"7,269,869",8,"518,370","330,878","186,597","177,538","9,059","2,564","1,792","6,317",185,"1,903","1,119","4,506,882",0,3,"165,056","4,323,693","7,859,771","727,705","10,801","566,671","5,817",122,"27,904","53,145",3,"17,366","1,144",121,124,341,"1,796",2,"15,754",30,2,0,97,"6,213","230,542",,,,,,,,,"2,085,506",772,"503,495","  3,021,356 ",,48.50%,51.50%,0.00%,1.10%,5.90%,28.20%,21.85%,18.10%,15.40%,9.60%
567,Okezone,Okezone Vibes!,2026,March,"843,818","809,598","53,820",185,00:03:59,5,399,"7,474,283",9,"601,186","408,662","168,425","159,766","8,659","1,997","1,812","4,788",140,855,669,"4,300,156",0,4,"96,073","4,161,890","7,565,773","784,543","9,644","565,083","5,305",851,"27,572","175,370",3,"10,878",752,201,153,"18,351","21,291",,"4,767",0,0,2,91,"2,806","99,553",,,,,,,,,"2,085,690",185,"577,100","  2,853,114 ",,58.70%,41.30%,0.00%,1.40%,7.20%,33.70%,24.30%,16.40%,11.40%,5.60%
568,Okezone,Okezone Vibes!,2026,April,"1,659,365","1,318,396","48,641",372,00:02:12,2,228,"9,214,621",10,"919,445","669,454","222,966","210,905","12,061","2,527","2,155","4,841",202,880,629,"6,074,732",0,2,"95,343","5,962,671","10,740,508","1,155,337","9,296","864,908","4,676",283,"27,020","48,790",2,"22,356",759,264,414,"1,330","12,046",,"5,899",1,0,4,92,"2,624","88,905",,,,,,,,,"2,086,063",372,"1,213,713","  5,147,585 ",,38.30%,61.70%,0%,1.00%,8.80%,36.40%,24.00%,15.00%,10.10%,4.70%
569,Okezone,Okezone Vibes!,2026,May,"2,656,284","2,160,618","115,217","1,935",00:03:11,25,422,"14,551,727",8,"1,258,184","800,594","379,926","359,130","20,796","3,716","1,781","22,678",937,"1,610","3,544","9,367,949",0,2,"340,363","8,815,429","16,003,318","1,236,866","12,939","867,533","4,273",99,"13,172","25,137",2,"35,757","2,634",247,178,"1,851","26,682",2,"9,447",1,0,0,154,"4,589","237,420",,,,,,,,,"2,087,998","1,935","2,422,116","  8,341,044 ",,37.10%,62.90%,0.00%,1.20%,5.60%,27.60%,23.60%,19.70%,15.10%,7.20%
570,Okezone,Okezone Vibes!,2026,June,"5,080,732","3,692,728","267,088","3,969",00:04:20,28,367,"19,850,395",8,"2,003,129","1,129,619","760,785","720,302","40,483","6,127","2,158","54,683","2,462","2,463","7,781","24,597,069","15,956",2,"1,378,629","22,512,133","40,910,117","2,536,541","16,128","1,661,955","6,843",123,"19,324","85,736",1,"90,587","9,654",143,130,176,"1,721",1,"6,203",0,0,7,358,"4,599","262,047",,,,,,,,,"2,091,968","3,969","4,036,887","  21,664,029 ",,29.00%,71.00%,0.00%,1.10%,5.50%,26.50%,22.60%,21.00%,15.80%,7.50%
571,Okezone,Okezone Vibes!,2026,July,"6,078,369","4,306,840","209,260","3,934",00:02:54,24,342,"17,266,449",9,"2,156,020","955,130","1,026,636","955,613","71,023","5,990","2,056","54,648",582,"2,753","8,442","19,510,526",0,1,"918,202","17,828,138","32,373,879","2,127,831","15,214","1,496,337","4,553",97,"15,656","62,154",1,"87,998","6,183",33,43,"6,407","13,043",1,"6,215",0,0,29,"2,052","5,960","392,221",,,,,,,,,"2,095,903","3,934","4,219,316","  14,545,595 ",,29.90%,70.00%,0.00%,1.20%,5.50%,25.90%,22.80%,21.60%,15.90%,
572,Okezone,Okezone Vibes!,2026,August,,,,,,,,,,,,,,,,,,,,,,,,,,,,,,,,,,,,,,,,,,,,,,,,,,,,,,,,,,,,,,,,,,,,,,,
573,Okezone,Okezone Vibes!,2026,September,,,,,,,,,,,,,,,,,,,,,,,,,,,,,,,,,,,,,,,,,,,,,,,,,,,,,,,,,,,,,,,,,,,,,,,
574,Okezone,Okezone Vibes!,2026,October,,,,,,,,,,,,,,,,,,,,,,,,,,,,,,,,,,,,,,,,,,,,,,,,,,,,,,,,,,,,,,,,,,,,,,,
575,Okezone,Okezone Vibes!,2026,November,,,,,,,,,,,,,,,,,,,,,,,,,,,,,,,,,,,,,,,,,,,,,,,,,,,,,,,,,,,,,,,,,,,,,,,
576,Okezone,Okezone Vibes!,2026,December,,,,,,,,,,,,,,,,,,,,,,,,,,,,,,,,,,,,,,,,,,,,,,,,,,,,,,,,,,,,,,,,,,,,,,,
577,Okezone,Radio RDI,2024,January,"241,370","241,370","3,300",219,00:00:49,46,,"4,389,792",5,"200,560","165,662","34,898","34,898",0,440,221,572,18,281,75,,,,,,,,,,,0,0,,,"1,886",31,,0,,,,7,0,0,0,0,69,"17,226",,,,,,,,,"234,245",219,,  -   ,,,,,,,,,,,
578,Okezone,Radio RDI,2024,February,"523,958","523,958","7,754",589,00:00:53,49,1,"6,663,222",7,"439,061","382,617","56,312","56,312",0,831,242,777,45,519,131,,,,,,,,,,,0,0,,,"4,034",73,,0,,,,454,0,0,0,0,40,"11,611",,,,,,,,,"234,834",589,,  -   ,,,,,,,,,,,
579,Okezone,Radio RDI,2024,March,"330,601","330,601","4,968",499,00:00:54,46,1,"6,339,090",5,"283,873","239,539","44,334","44,334",0,726,227,869,35,457,145,,,,,,,,,,,0,0,,,"2,558",41,3,0,0,0,1,30,0,0,0,0,71,"18,993",,,,,,,,,"235,333",499,,  -   ,,,,,,,,,,,
580,Okezone,Radio RDI,2024,April,"326,207","326,207","4,538",473,00:00:50,43,1,"6,346,969",5,"279,452","235,623","43,829","43,829",0,656,183,710,47,542,110,,,,,,,,,,,0,0,,,"2,665",38,5,0,0,0,,4,0,0,0,0,60,"23,341",,,,,,,,,"235,806",473,,  -   ,,,,,,,,,,,
581,Okezone,Radio RDI,2024,May,"403,074","403,074","5,624",579,00:00:50,43,,"6,996,087",5,"338,640","283,290","55,350","55,350",0,823,244,788,36,560,124,,,,,,,,,,,0,0,,,"3,046",48,,0,,,,3,0,0,0,0,122,"35,856",,,,,,,,,"236,385",579,,  -   ,,,,,,,,,,,8.40%
582,Okezone,Radio RDI,2024,June,"445,412","445,412","5,911",658,00:00:47,43,0,"7,766,562",5,"372,879","315,529","57,350","57,350",0,895,237,986,43,523,142,,,,,,,,,,,0,0,,,"3,231",46,,0,,,,54,0,0,0,0,82,"25,710",,,,,,,,,"237,043",658,,  -   ,,,,,,,,,,,3.90%
583,Okezone,Radio RDI,2024,July,"333,450","333,450","4,507",368,00:00:48,44,,"5,770,948",5,"275,698","227,733","47,965","47,965",0,628,260,706,28,478,138,,,,,,,,,,,0,0,,,"2,928",40,,0,,,,,0,0,0,0,58,"15,293",,,,,,,,,"237,411",368,,  -   ,,,,,,,,,,,8.00%
584,Okezone,Radio RDI,2024,August,"275,606","275,606","4,352",306,00:00:56,46,,"4,660,224",5,"232,829","191,811","41,018","41,018",0,532,226,586,36,438,144,,,,,,,,,,,0,0,,,"3,698",52,,0,,,,1,0,0,0,0,66,"28,328",,,,,,,,,"237,717",306,,  -   ,,,,,,,,,,,15.60%
585,Okezone,Radio RDI,2024,September,"251,336","251,336","3,714",210,00:00:53,42,22,"3,922,143",5,"205,244","168,482","36,762","36,762",0,469,259,586,27,372,89,"1,563",0,0,97,0,,,,,6,0,0,0,0,"2,324",38,,0,,,,,0,0,0,0,78,"25,603",,,,,,,,,"237,927",210,,  -   ,,,,,,,,,,,11.50%
586,Okezone,Radio RDI,2024,October,"380,924","380,924","10,344",630,00:01:37,49,,"4,603,108",7,"317,045","268,138","48,907","48,907",0,843,213,"1,157",34,560,352,170,0,0,8,0,,,,,0,0,0,0,0,"3,619",113,,0,,,1,520,0,0,0,0,112,"35,997",,,,,,,,,"238,557",630,,  -   ,,,,,,,,,,,10.00%
587,Okezone,Radio RDI,2024,November,"211,854","211,854","4,155",376,00:01:10,39,,"3,148,051",6,"176,650","141,600","35,050","35,050",0,534,158,748,7,299,127,151,0,0,9,0,,,,,1,0,0,0,0,"1,737",35,,0,,,1,17,0,0,0,0,210,"52,356",,,,,,,,,"238,933",376,,  -   ,,,,,,,,,,,13.00%
588,Okezone,Radio RDI,2024,December,"173,136","173,136","2,975",222,00:01:01,38,,"2,830,739",5,"146,281","118,856","27,425","27,425",0,441,219,482,10,256,86,113,0,0,4,0,,,,,1,0,0,0,0,"1,473",28,,0,,,1,410,0,0,0,0,131,"31,757",,,,,,,,,"239,155",222,,  -   ,,,,,,,,,,,3.10%
589,Okezone,Radio RDI,2025,January,"151,770","151,770","2,289",139,00:00:54,40,2,"2,712,675",5,"122,389","100,518","21,871","21,871",0,334,195,390,14,244,64,65,0,0,6,0,,,,,0,0,0,0,0,"1,381",23,,0,,,1,438,0,0,0,0,42,"12,755",,,,,,,,,"239,294",139,"1,248",  -   ,,,,,,,,,,,9.20%
590,Okezone,Radio RDI,2025,February,"114,645","114,645","1,720",172,00:00:54,41,,"1,696,753",6,"93,006","76,649","16,357","16,357",0,259,87,236,-10,217,54,115,0,0,9,0,,,,,1,0,0,0,0,"1,209",17,,0,,,,8,0,0,0,0,23,"6,581",,,,,,,,,"239,466",172,,  -   ,,,,,,,,,,,8.20%
591,Okezone,Radio RDI,2025,March,"112,618","112,542","1,550",62,00:00:49,36,,"1,775,561",5,"87,768","73,691","14,131","13,842",289,328,266,209,4,243,44,118,0,0,7,0,,,,,1,0,0,0,0,"1,172",19,,0,,,,3,0,0,0,1,29,"7,726",,,,,,,,,"239,528",62,,  -   ,,,,,,,,,,,9.30%
592,Okezone,Radio RDI,2025,April,"204,938","201,544","2,763",309,00:00:49,40,0,"2,427,777",7,"160,202","136,852","23,520","23,018",502,511,202,296,-13,310,58,211,0,0,14,0,,,,,1,0,0,0,0,"1,517",24,,0,,,,3,0,0,0,0,26,"5,799",,,,,,,,,"239,837",309,,  -   ,,,,,,,,,,,8.00%
593,Okezone,Radio RDI,2025,May,"275,458","271,208","3,868",287,00:00:51,46,,"3,151,744",7,"214,005","186,307","27,698","27,219",479,519,232,541,13,395,298,288,0,0,15,0,,,,,1,0,0,0,0,"2,856",46,,0,,,,14,0,0,0,1,29,"11,790",,,,,,,,,"240,124",287,,  -   ,,,,,,,,,,,9.00%
594,Okezone,Radio RDI,2025,June,"275,699","272,315","5,959",425,00:01:18,41,1,"3,251,927",7,"211,878","179,696","32,182","31,689",493,604,179,638,35,255,265,207,0,0,8,0,,,,,1,0,0,0,0,"2,291",58,,0,,,1,"1,156",0,0,0,0,73,"39,314",,,,,,,,,"240,549",425,,  -   ,,,,,,,,,,,11.50%
595,Okezone,Radio RDI,2025,July,"226,562","223,099","5,095",202,00:01:22,41,,"2,616,731",7,"176,630","143,863","32,767","32,255",512,467,265,389,19,258,352,250,0,0,7,0,,,,,1,0,0,0,0,"2,032",61,,0,,,1,"1,511",0,0,0,0,41,"11,497",,,,,,,,,"240,751",202,,  -   ,,59.30%,40.80%,,2.50%,10.40%,32.40%,23.90%,16.50%,10.30%,4.80%
596,Okezone,Radio RDI,2025,August,"210,654","146,826","2,021",398,00:00:49,11,113,"1,528,530",6,"107,129","86,797","20,332","20,008",324,625,227,855,39,235,119,"79,820",0,0,"1,255","67,414","122,699","10,647","11,524","8,686",544,0,0,0,0,"2,324",30,45,4,"1,576","10,209",,5,0,0,0,18,4,"2,015",,,,,,,,,"241,202",398,"115,427","  81,090 ",  5 ,65.90%,34.10%,0%,2.30%,9.60%,34.40%,25.20%,15.50%,9.30%,7.20%
597,Okezone,Radio RDI,2025,September,"103,439","70,430","1,960",449,00:01:39,5,146,"803,306",5,"40,107","33,912","6,195","6,169",26,681,232,"1,581",17,157,242,"186,040",0,0,"2,204","176,960","322,498","38,094","8,466","32,368","2,641",0,0,0,0,808,20,124,11,"3,153","16,539",,6,0,0,1,104,16,"2,340",,,,,,,,,"241,597",448,"90,253","  176,800 ",  10 ,59.50%,40.50%,0%,0.70%,7.10%,33.00%,23.80%,25.70%,6.90%,6.30%
598,Okezone,Radio RDI,2025,October,"251,870","211,554","10,564","1,058",00:02:59,13,362,"2,816,846",5,"130,388","113,705","16,683","16,642",41,"1,423",365,"6,001",32,558,589,"760,781","87,052",7,"11,406","649,235","1,180,813","137,189","8,607","104,836","3,596",0,4,0,0,"2,318",113,123,494,"4,046","67,196",,6,0,0,11,"5,964",146,"20,751",,,,,,,,,"242,656","1,058","210,284","  742,730 ",  44 ,50.00%,50.00%,0%,2.60%,10.40%,30.50%,19.70%,22.80%,9.90%,2.40%
599,Okezone,Radio RDI,2025,November,"175,984","163,797","7,296",756,00:02:40,13,353,"2,415,390",5,"103,271","84,142","19,311","19,259",52,"1,085",329,"3,168",26,211,386,"612,661",0,0,"9,673","598,422","1,088,040","112,199","9,697","86,639","3,740",0,0,0,0,"1,334",77,112,384,"2,855","10,357",,,0,0,14,"3,553",119,"23,359",,,,,,,,,"243,412",756,"129,985","  483,140 ",  28 ,46.80%,53.20%,0%,1.60%,8.00%,29.40%,19.50%,22.20%,12.80%,12.80%
600,Okezone,Radio RDI,2025,December,"105,524","98,529","3,337",313,00:02:01,9,282,"1,714,928",5,"69,558","55,375","14,327","14,289",38,534,221,"1,238",-6,191,179,"413,472",0,0,"5,550","405,366","737,116","64,848","11,367","52,277","4,196",0,0,0,0,"1,162",45,88,271,"2,330","10,856",,6,0,0,8,"2,323",40,"8,975",,,,,,,,,"243,725",313,"75,665","  312,460 ",  18 ,54.20%,45.80%,0%,1.10%,7.40%,29.90%,22.10%,23.50%,11.30%,11.70%
601,Okezone,Radio RDI,2026,January,"96,571","89,291","2,902",300,00:01:56,10,218,"1,593,268",4,"67,206","54,370","12,837","12,678",159,519,219,933,-7,138,161,"300,044",0,0,"5,903","282,454","514,066","50,281","10,224","41,189","3,255",0,2,0,0,"1,348",47,86,350,"2,033","7,196",,12,0,0,5,"1,087",40,"6,236",,,,,,,,,"244,025",300,"57,498","  189,443 ",,43.30%,56.70%,0%,0.50%,7.50%,31.00%,23.10%,18.40%,12.80%,6.60%
602,Okezone,Radio RDI,2026,February,"88,091","72,617","2,199",261,00:01:48,9,227,"1,628,983",3,"50,309","40,547","9,788","9,558",230,487,226,"1,246",6,168,148,"285,709","15,048",2,"3,953","262,455","477,319","47,875","9,970","38,843","3,934",0,0,0,0,"1,231",30,76,346,"2,046","12,853",0,8,0,0,11,"1,190",54,"4,067",,,,,,,,,"244,286",261,"61,879","  212,038 ",,51.80%,48.20%,0.00%,0.60%,8.10%,33.50%,21.50%,21.20%,10.30%,4.80%
603,Okezone,Radio RDI,2026,March,"182,388","144,098","7,098",602,00:02:56,17,205,"2,015,402",4,"108,063","81,634","15,056","14,778",278,920,318,"7,778",74,215,644,"677,305",0,0,"7,201","656,138","1,193,223","105,424","11,318","68,552","4,901",0,0,0,0,"1,943",78,55,213,"1,158","1,858",,3,0,0,10,"1,395",99,"9,434",,,,,,,,,"244,888",602,"151,792","  546,117 ",,44.10%,56.00%,0.00%,3.30%,11.60%,36.40%,22.70%,15.70%,7.30%,3.10%
604,Okezone,Radio RDI,2026,April,"190,856","156,885","7,764",404,00:02:57,17,85,"2,016,874",5,"105,684","74,377","21,606","21,221",385,703,299,"3,599",45,168,307,"613,605",0,0,"9,347","591,486","1,068,660","99,226","10,770","71,482","3,903",0,0,0,0,"1,848",73,54,323,"1,322","5,541",,300,0,0,14,"2,236",123,"10,942",,,,,,,,,"245,292",404,"146,725","  443,814 ",,39.70%,60.20%,0.00%,1.60%,8.90%,32.80%,21.30%,18.20%,11.60%,5.50%
605,Okezone,Radio RDI,2026,May,"190,330","171,041","6,981",393,00:02:26,16,106,"2,531,811",5,"120,394","88,406","26,631","26,110",521,620,227,"2,285",34,163,321,"684,890",0,0,"10,030","668,824","1,207,384","117,420","10,283","93,095","4,035",0,0,0,0,"1,836",72,50,231,"1,092","17,040",,4,0,0,13,"2,563",190,"17,791",,,,,,,,,"245,685",393,"132,463","  466,611 ",,42.80%,57.20%,0.00%,1.30%,7.60%,33.00%,23.10%,18.40%,11.40%,5.20%
606,Okezone,Radio RDI 97.1 FM Jakarta,2026,June,"136,668","126,648","4,854",209,00:02:17,15,68,"1,866,437",5,"98,567","72,557","21,440","20,958",482,441,232,"1,110",8,184,149,"547,396",0,0,"7,084","536,224","975,301","85,715","11,378","70,231","4,335",0,0,0,0,"1,645",56,23,160,358,887,,5,0,0,3,569,105,"10,606",,,,,,,,,"245,894",209,"76,411","  324,757 ",,46.30%,53.80%,0.00%,1.10%,7.20%,30.50%,22.20%,20.20%,12.40%,6.30%
607,Okezone,Radio RDI 97.1 FM Jakarta,2026,July,"375,499","365,152","14,456",497,00:02:22,17,107,"4,334,024",7,"296,176","211,713","45,315","44,674",641,762,265,"1,890",49,167,614,"1,540,425",0,0,"40,785","1,495,079","2,718,809","250,813","10,840","205,729","3,893",0,0,0,0,"6,573",283,2,-42,1,0,,3,0,0,1,459,312,"36,100",,,,,,,,,"246,391",497,"282,657","  1,198,092 ",,51.80%,48.20%,0.00%,1.10%,5.30%,29.20%,24.60%,20.00%,13.50%,
608,Okezone,Radio RDI 97.1 FM Jakarta,2026,August,,,,,,,,,,,,,,,,,,,,,,,,,,,,,,,,,,,,,,,,,,,,,,,,,,,,,,,,,,,,,,,,,,,,,,,
609,Okezone,Radio RDI 97.1 FM Jakarta,2026,September,,,,,,,,,,,,,,,,,,,,,,,,,,,,,,,,,,,,,,,,,,,,,,,,,,,,,,,,,,,,,,,,,,,,,,,
610,Okezone,Radio RDI 97.1 FM Jakarta,2026,October,,,,,,,,,,,,,,,,,,,,,,,,,,,,,,,,,,,,,,,,,,,,,,,,,,,,,,,,,,,,,,,,,,,,,,,
611,Okezone,Radio RDI 97.1 FM Jakarta,2026,November,,,,,,,,,,,,,,,,,,,,,,,,,,,,,,,,,,,,,,,,,,,,,,,,,,,,,,,,,,,,,,,,,,,,,,,
612,Okezone,Radio RDI 97.1 FM Jakarta,2026,December,,,,,,,,,,,,,,,,,,,,,,,,,,,,,,,,,,,,,,,,,,,,,,,,,,,,,,,,,,,,,,,,,,,,,,,
613,Sindonews,Sindo Kalam,2024,January,"167,379","167,379","1,054",575,00:00:22,47,8,"888,627",8,"118,558","92,609","25,949","25,949",0,752,177,"1,757",104,219,29,"50,979",0,0,357,"49,954","90,826","11,638","7,804","10,944",305,0,0,0,0,656,6,3,0,0,0,3,260,0,0,0,0,0,448,,,,,,,,,"80,995",575,,  -   ,,,,,,,,,,,
614,Sindonews,Sindo Kalam,2024,February,"202,384","202,384","1,087",833,00:00:19,54,0,"1,152,144",8,"141,144","108,748","32,269","32,269",0,"1,057",224,"2,428",180,207,32,"42,678",0,0,503,"41,627","75,685","9,429","8,027","9,059",211,0,0,0,0,767,6,3,0,0,0,4,"3,678",0,0,0,0,0,186,,,,,,,,,"81,828",833,,  -   ,,,,,,,,,,,
615,Sindonews,Sindo Kalam,2024,March,"1,409,424","1,409,424","6,206","5,337",00:00:15,93,31,"11,522,780",5,"1,088,571","1,012,870","75,701","75,701",0,"6,287",950,"25,224","1,298","1,089",978,"52,211",0,0,"1,492","47,421","86,219","9,160","9,413","8,521",37,0,0,0,0,"5,496",30,1,1,0,0,22,"6,959",0,0,0,0,0,247,,,,,,,,,"87,165","5,337",,  -   ,,,,,,,,,,,
616,Sindonews,Sindo Kalam,2024,April,"266,401","266,401","1,574","1,251",00:00:21,62,0,"1,631,283",8,"190,105","134,567","55,538","55,538",0,"1,538",287,"3,197",177,329,56,"30,865",0,0,693,"29,549","53,727","6,242","8,607","5,747",116,0,0,0,0,881,8,,0,,,15,"1,831",0,0,0,0,2,255,,,,,,,,,"88,416","1,251",,  -   ,,,,,,,,,,,
617,Sindonews,Sindo Kalam,2024,May,"293,131","293,131","1,715","1,327",00:00:21,65,,"1,875,962",9,"202,231","144,452","57,779","57,779",0,"1,667",340,"3,331",227,335,103,"30,610",0,0,549,"29,417","53,485","5,291","10,109","5,056",104,0,0,0,0,"1,029",8,,0,,,9,"1,940",0,0,0,0,1,380,,,,,,,,,"89,743","1,327",,  -   ,,,,,,,,,,,
618,Sindonews,Sindo Kalam,2024,June,"330,117","330,117","2,795","1,442",00:00:30,58,,"2,258,596",8,"234,288","173,467","60,821","60,821",0,"1,811",369,"3,529",280,361,118,"34,715",0,0,472,"33,512","60,931","6,118","9,959","5,799",105,0,0,0,0,"1,144",10,,0,,,18,"1,127",0,0,0,0,2,350,,,,,,,,,"91,185","1,442",,  -   ,,,,,,,,,,,
619,Sindonews,Sindo Kalam,2024,July,"377,027","377,027","4,126","1,417",00:00:39,57,2,"3,033,219",7,"270,124","204,537","65,587","65,587",0,"1,813",396,"3,335",276,438,104,"33,204",0,0,521,"31,818","57,850","5,839","9,908","5,522",88,0,0,0,0,"1,231",12,,0,,,15,"1,208",0,0,0,0,2,409,,,,,,,,,"92,602","1,417",,  -   ,,,,,,,,,,,
620,Sindonews,Sindo Kalam,2024,August,"335,432","335,432","2,441","1,081",00:00:26,59,,"2,315,042",7,"233,192","163,660","69,532","69,532",0,"1,436",355,"3,133",275,428,96,"29,912",0,0,467,"28,924","52,588","5,387","9,762","4,990",89,0,0,0,0,"1,264",8,,0,,,12,"3,338",0,0,0,0,4,446,,,,,,,,,"93,683","1,081",,  -   ,,,,,,,,,,,
621,Sindonews,Sindo Kalam,2024,September,"418,149","418,149","2,465","1,278",00:00:21,66,1,"2,681,657",8,"282,046","199,318","82,728","82,728",0,"1,647",369,"4,138",374,484,118,"29,866",0,0,593,"28,341","51,530","6,122","8,417","5,608",71,0,0,0,0,"1,410",8,,0,,,9,"1,226",0,0,0,0,3,377,,,,,,,,,"94,961","1,278",,  -   ,,,,,,,,,,,
622,Sindonews,Sindo Kalam,2024,October,"619,214","619,214","3,372","1,644",00:00:19,71,7,"3,827,936",8,"397,405","280,928","116,477","116,477",0,"2,120",476,"6,349",597,780,128,"35,943",0,0,795,"32,499","59,090","6,044","9,777","5,479",58,0,0,0,0,"1,676",10,,0,,,10,"2,425",0,0,0,4,9,686,,,,,,,,,"96,605","1,644",,  -   ,,,,,,,,,,,
623,Sindonews,Sindo Kalam,2024,November,"649,026","649,026","5,383","1,880",00:00:29,66,,"4,696,741",7,"438,503","308,256","130,247","130,247",0,"2,323",443,"6,358",735,575,123,"28,572",0,0,944,"26,166","47,575","4,934","9,642","4,575",44,0,0,0,0,"1,767",15,,0,,,11,"1,745",0,0,0,2,0,297,,,,,,,,,"98,485","1,880",,  -   ,,,,,,,,,,,
624,Sindonews,Sindo Kalam,2024,December,"585,160","585,160","4,132","1,643",00:00:25,62,1,"3,997,109",7,"400,508","274,460","126,048","126,048",0,"2,096",453,"5,549",568,640,126,"34,138",0,0,792,"29,718","54,034","5,295","10,205","5,005",58,0,0,0,0,"1,641",12,,0,,,15,"2,353",0,0,0,2,3,386,,,,,,,,,"100,128","1,643",,  -   ,,,,,,,,,,,
625,Sindonews,Sindo Kalam,2025,January,"487,353","487,353","3,307","1,419",00:00:24,59,,"3,246,103",7,"333,393","225,988","107,405","107,405",0,"1,784",365,"4,551",498,382,102,"76,267",0,0,726,"74,282","35,373","3,644","9,707","3,511",156,0,0,0,0,"1,643",11,,0,,,7,"2,320",0,0,0,0,2,341,,,,,,,,,"101,547","1,419",0,  -   ,  -   ,,,,,,,,,,
626,Sindonews,Sindo Kalam,2025,February,"385,338","385,338","2,369","1,250",00:00:22,60,0,"2,515,409",7,"265,776","175,086","90,690","90,690",0,"1,506",256,"3,378",393,293,72,"95,015",0,0,906,"93,099","169,272","33,248","5,091","31,464",247,0,0,0,0,"1,287",9,,0,,,8,"2,341",0,0,0,0,1,292,,,,,,,,,"102,797","1,250",0,  -   ,  -   ,,,,,,,,,,
627,Sindonews,Sindo Kalam,2025,March,"614,743","596,028","3,014","1,487",00:00:18,63,,"3,473,032",8,"393,194","260,994","131,871","129,872","1,999","2,270",783,"5,411",632,441,125,"119,951",0,0,884,"117,680","213,964","43,561","4,912","41,372",201,0,0,0,0,"1,729",11,,0,,,34,"3,270",0,0,0,2,2,252,,,,,,,,,"104,284","1,487",0,  -   ,  -   ,,,,,,,,,,
628,Sindonews,Sindo Kalam,2025,April,"908,606","431,078","2,197","1,051",00:00:17,67,0,"2,349,211",7,"282,885","186,635","96,404","93,635","2,769","1,569",518,"3,688",429,467,94,"52,407",0,0,833,"50,563","91,934","19,723","4,661","18,718",122,0,0,0,0,"2,529",8,,0,,,39,"9,850",0,0,0,1,3,366,,,,,,,,,"105,335","1,051",0,  -   ,  -   ,,,,,,,,,,
629,Sindonews,Sindo Kalam,2025,May,"1,358,405","636,808","2,827","1,514",00:00:15,82,1,"3,219,880",7,"399,769","267,039","132,730","129,492","3,238","2,049",535,"5,322",636,504,131,"31,466",0,0,"1,173","28,842","52,440","7,358","7,127","6,836",49,0,0,0,0,"3,811",10,1,0,0,0,38,"8,521",0,0,0,1,1,270,,,,,,,,,"106,849","1,514",233,#VALUE!, -,,,,,,,,,,
630,Sindonews,Sindo Kalam,2025,June,"789,011","368,788","1,779",784,00:00:16,58,18,"1,970,186",7,"252,549","161,294","91,255","89,080","2,175","1,200",416,"2,899",362,284,105,"33,966",0,0,846,"32,211","58,565","9,397","6,232","8,910",92,0,0,0,0,"2,335",7,2,7,0,0,31,"4,307",0,0,0,1,1,244,,,,,,,,,"107,633",784,"3,968","  7,820 ",  0 ,,,,,,,,,,
631,Sindonews,Sindo Kalam,2025,July,"399,850","193,033","1,115",242,00:00:20,47,7,"1,185,379",7,"139,701","91,826","47,875","46,635","1,240",635,393,"1,182",129,233,58,"33,741",0,0,512,"32,716","59,485","8,703","6,835","8,358",175,0,0,0,0,"1,268",5,5,10,0,20,14,"4,851",0,0,0,0,0,221,,,,,,,,,"107,875",242,845,"  6,970 ",  0 ,58.40%,41.60%,,3.60%,13.60%,45.60%,27.10%,7.10%,2.10%,1.00%
632,Sindonews,Sindo Kalam,2025,August,"334,499","167,582","1,291",333,00:00:27,17,19,"1,178,598",6,"119,743","81,675","38,068","36,916","1,152",621,288,"1,247",132,449,80,"52,770",0,0,673,"51,515","94,080","14,927","6,303","13,962",315,0,0,0,0,"1,329",7,32,3,1,5,6,"1,460",0,0,0,0,3,284,,,,,,,,,"108,209",333,"3,185","  15,810 ",  1 ,60.10%,39.90%,0%,4.00%,13.10%,44.30%,26.80%,7.70%,2.80%,1.30%
633,Sindonews,Sindo Kalam,2025,September,"267,076","138,785","1,550",154,00:00:39,11,101,"1,203,741",6,"102,465","73,668","28,797","27,892",905,491,337,762,47,455,45,"90,822",0,0,"1,079","88,438","160,886","21,641","7,434","18,926",654,0,0,0,0,"1,055",10,177,26,4,66,4,"2,497",0,0,0,1,2,406,,,,,,,,,"108,356",154,"22,921","  42,160 ",  2 ,62.20%,37.80%,0%,4.10%,12.40%,44.00%,26.20%,8.30%,3.40%,1.60%
634,Sindonews,Sindo Kalam,2025,October,"320,806","169,146","1,757",313,00:00:36,7,68,"1,318,578",6,"122,474","87,819","34,655","33,574","1,081",607,294,"1,215",62,543,68,"100,345",0,0,"1,313","97,577","177,413","26,114","6,794","23,278",593,0,0,0,0,"1,144",11,106,35,4,51,5,"2,406",0,0,0,0,4,436,,,,,,,,,"108,669",313,"16,543","  38,760 ",  2 ,61.10%,38.90%,0.00%,4.00%,11.80%,44.60%,26.10%,8.40%,3.40%,1.70%
635,Sindonews,Sindo Kalam,2025,November,"356,922","192,324","2,086",314,00:00:38,30,67,"1,384,373",7,"143,940","103,924","40,056","39,001","1,055",641,327,"1,265",84,463,84,"110,745",0,0,"1,135","108,303","198,731","31,553","6,298","28,886",576,0,10,0,0,"1,395",19,8,44,0,1,9,"1,967",0,0,0,0,4,302,,,,,,,,,"108,983",314,"11,346","  30,600 ",  2 ,61.60%,38.40%,0%,4.00%,11.30%,44.80%,25.90%,8.50%,3.60%,1.90%
636,Sindonews,Sindo Kalam,2025,December,"475,948","277,372","6,483",643,00:01:23,5,77,"1,944,475",8,"199,397","158,513","40,757","39,748","1,009","1,017",374,"2,113",198,670,543,"242,576",0,0,"4,806","236,095","551,610","79,511","6,938","68,268",875,0,6,0,0,"2,091",64,25,57,55,"4,139",11,"6,361",0,0,0,0,2,510,,,,,,,,,"109,626",643,"77,802","  160,310 ",  9 ,63.70%,36.30%,0%,3.80%,10.30%,42.70%,25.80%,10.20%,4.90%,2.40%
637,Sindonews,Sindo Kalam,2026,January,"455,070","245,301","3,018",455,00:00:43,19,133,"1,763,794",6,"173,862","133,886","39,941","39,017",924,794,339,"1,723",109,599,88,"217,737",0,0,"3,415","197,111","359,555","46,485","7,735","40,729",836,0,1,0,0,"2,408",35,20,59,12,141,13,"2,697",0,0,0,0,3,409,,,,,,,,,"110,080",454,"55,612","  82,499 ",,59.60%,40.40%,0%,3.70%,10.50%,44.40%,26.00%,9.40%,4.10%,2.00%
638,Sindonews,Sindo Kalam,2026,February,"543,322","329,825","9,568",846,00:01:44,9,139,"2,564,962",6,"233,510","188,085","46,102","45,204",898,"1,216",370,"2,466",154,701,150,"601,705",0,0,"23,246","574,712","1,044,832","122,180","8,552","95,537","1,824",0,0,0,0,"3,342",181,40,215,195,275,26,"8,061",0,0,0,0,6,878,,,,,,,,,"110,927",846,"108,299","  404,576 ",,61.70%,38.30%,0.00%,3.30%,10.10%,42.60%,25.70%,10.40%,5.40%,2.60%
639,Sindonews,Sindo Kalam,2026,March,"589,869","312,796","4,155",620,00:00:47,5,110,"1,925,369",6,"221,379","157,700","51,943","51,074",869,"1,041",421,"2,110",148,570,99,"335,915",0,0,"7,408","326,774","593,935","66,546","8,925","54,294","1,062",0,1,0,0,"2,524",65,43,206,514,520,35,"7,446",0,0,0,0,5,625,,,,,,,,,"111,547",620,"28,264","  82,351 ",,59.90%,40.10%,0.00%,3.70%,10.30%,45.60%,26.90%,8.60%,3.20%,1.70%
640,Sindonews,Sindo Kalam,2026,April,"576,530","304,704","3,160",446,00:00:36,30,18,"1,914,008",6,"216,477","155,869","44,660","43,887",773,892,446,"1,670",175,454,97,"235,144",0,0,"2,251","229,000","412,172","60,025","6,867","54,316",772,0,0,0,0,"2,369",23,12,51,4,9,24,"6,200",0,0,0,0,3,544,,,,,,,,,"111,993",446,"35,492","  38,340 ",,61.10%,38.90%,0%,3.60%,10.40%,45.70%,25.70%,8.50%,3.90%,2.30%
641,Sindonews,Sindo Kalam,2026,May,"598,833","297,265","2,981",549,00:00:35,27,63,"1,575,269",6,"203,443","149,243","45,178","44,416",762,924,375,"2,123",189,387,77,"239,039",0,0,"4,165","231,527","404,848","37,928","10,674","31,439",824,0,0,0,0,"2,423",35,10,122,0,65,21,"5,002",0,0,0,0,16,"2,310",,,,,,,,,"112,542",549,"38,146","  134,532 ",,59.40%,40.60%,0.00%,3.70%,10.40%,46.40%,26.30%,8.30%,3.20%,1.70%
642,Sindonews,SINDO Kalam,2026,June,"192,175","102,316","1,273",143,00:00:44,9,32,"697,383",6,"73,320","51,075","16,578","16,220",358,423,280,356,-22,392,56,"123,930",0,0,"1,490","120,953","209,577","15,309","13,690","12,528","1,278",0,0,0,0,"1,020",17,27,48,49,3,5,"1,600",0,0,0,0,2,413,,,,,,,,,"112,685",143,"7,959","  46,477 ",,59.30%,40.70%,0.00%,3.40%,10.20%,46.80%,27.60%,8.50%,2.70%,0.80%
643,Sindonews,SINDO Kalam,2026,July,"158,331","89,785",945,148,00:00:37,18,65,"589,459",7,"63,420","46,056","11,813","11,499",314,426,278,353,-53,321,22,"96,200",0,0,635,"91,468","163,148","13,069","12,484","11,486","1,077",0,3,0,0,842,6,5,52,2,0,3,686,0,0,0,0,7,541,,,,,,,,,"112,833",148,"21,950","  36,472 ",,59.00%,41.00%,0.00%,3.10%,9.60%,44.70%,26.90%,9.20%,4.20%,
644,Sindonews,SINDO Kalam,2026,August,,,,,,,,,,,,,,,,,,,,,,,,,,,,,,,,,,,,,,,,,,,,,,,,,,,,,,,,,,,,,,,,,,,,,,,
645,Sindonews,SINDO Kalam,2026,September,,,,,,,,,,,,,,,,,,,,,,,,,,,,,,,,,,,,,,,,,,,,,,,,,,,,,,,,,,,,,,,,,,,,,,,
646,Sindonews,SINDO Kalam,2026,October,,,,,,,,,,,,,,,,,,,,,,,,,,,,,,,,,,,,,,,,,,,,,,,,,,,,,,,,,,,,,,,,,,,,,,,
647,Sindonews,SINDO Kalam,2026,November,,,,,,,,,,,,,,,,,,,,,,,,,,,,,,,,,,,,,,,,,,,,,,,,,,,,,,,,,,,,,,,,,,,,,,,
648,Sindonews,SINDO Kalam,2026,December,,,,,,,,,,,,,,,,,,,,,,,,,,,,,,,,,,,,,,,,,,,,,,,,,,,,,,,,,,,,,,,,,,,,,,,
649,Sindonews,Sindo Podcast,2024,January,"85,537","85,537","1,261",4,00:00:53,21,,"1,269,926",5,"55,023","49,365","5,658","5,658",0,230,226,-175,1,70,24,"39,881",0,0,"1,080","38,310","69,654","9,711","7,173","9,011",466,0,0,0,0,466,11,,0,,,,36,0,0,0,0,0,6,,,,,,,,,"273,822",4,,  -   ,,,,,,,,,,,
650,Sindonews,Sindo Podcast,2024,February,"106,069","106,069","1,335",83,00:00:45,19,0,"1,457,631",6,"67,943","61,749","6,213","6,213",0,301,218,-94,-7,110,32,"32,304",0,0,734,"31,149","56,634","8,090","7,001","7,432",305,0,0,0,0,426,8,,0,,,,1,0,0,0,0,0,4,,,,,,,,,"273,905",83,,  -   ,,,,,,,,,,,
651,Sindonews,Sindo Podcast,2024,March,"87,925","87,925","1,188",28,00:00:48,17,,"1,219,080",6,"52,627","45,664","6,963","6,963",0,233,205,-4,6,57,15,"35,004",0,0,492,"34,338","62,431","8,021","7,783","7,171",398,0,0,0,0,305,5,,0,,,,,0,0,0,0,0,16,,,,,,,,,"273,933",28,,  -   ,,,,,,,,,,,
652,Sindonews,Sindo Podcast,2024,April,"96,067","96,067","1,209",50,00:00:45,14,1,"1,333,225",5,"53,832","46,077","7,755","7,755",0,243,193,120,16,64,33,"29,489",0,0,861,"28,414","51,662","6,265","8,246","5,713",307,0,0,0,0,339,8,,0,,,,,0,0,0,0,0,6,,,,,,,,,"273,983",50,,  -   ,,,,,,,,,,,
653,Sindonews,Sindo Podcast,2024,May,"92,672","92,672","1,212",9,00:00:47,17,4,"1,235,926",6,"56,669","48,270","8,399","8,399",0,273,264,-45,0,86,70,"32,495",0,0,984,"31,160","56,656","6,417","8,829","5,783",351,0,0,0,0,359,8,,0,,,,,0,0,0,0,0,12,,,,,,,,,"273,992",9,,  -   ,,,,,,,,,,,
654,Sindonews,Sindo Podcast,2024,June,"210,238","210,238","4,255",296,00:01:12,28,271,"2,245,538",8,"143,453","128,303","15,150","15,150",0,606,310,978,58,503,521,"274,822",0,0,"5,774","268,739","488,617","42,617","11,465","40,196","1,307",0,0,0,0,"1,134",43,,0,,,,,0,0,0,0,2,12,,,,,,,,,"274,288",296,,  -   ,,,,,,,,,,,
655,Sindonews,Sindo Podcast,2024,July,"338,198","338,198","11,215",642,00:01:59,33,91,"2,999,914",10,"248,010","209,083","38,927","38,927",0,967,325,"1,730",48,524,792,"764,130",0,0,"15,162","748,673","1,361,226","123,377","11,033","109,767","2,259",0,0,0,0,"2,841",153,,0,,,,,0,0,0,0,1,15,,,,,,,,,"274,930",642,,  -   ,,,,,,,,,,,
656,Sindonews,Sindo Podcast,2024,August,"188,956","188,956","6,075",348,00:01:55,27,1,"2,066,687",8,"138,241","105,946","32,295","32,295",0,620,272,566,3,205,293,"259,197",0,0,"5,626","252,857","459,740","42,875","10,723","36,282","1,372",0,0,0,0,"1,071",52,,0,,,1,368,0,0,0,0,0,10,,,,,,,,,"275,278",348,,  -   ,,,,,,,,,,,
657,Sindonews,Sindo Podcast,2024,September,"121,231","121,231","2,370",137,00:01:10,30,136,"1,491,985",7,"85,875","67,456","18,419","18,419",0,367,230,326,10,254,147,"169,704",0,0,"1,963","167,319","304,216","29,186","10,423","26,130","1,400",0,0,0,0,843,25,,0,,,,4,0,0,0,0,0,16,,,,,,,,,"275,415",137,,  -   ,,,,,,,,,,,
658,Sindonews,Sindo Podcast,2024,October,"59,770","59,770",841,-44,00:00:50,21,,"752,359",6,"36,450","27,724","8,726","8,726",0,181,225,-139,-9,153,13,"34,091",0,0,"1,822","31,821","57,855","7,198","8,038","6,719",570,0,0,0,0,"1,244",28,,0,,,,,0,0,0,0,0,20,,,,,,,,,"275,371",-44,,  -   ,,,,,,,,,,,
659,Sindonews,Sindo Podcast,2024,November,"177,516","177,516","4,154",281,00:01:24,26,171,"1,958,587",8,"126,932","101,325","25,607","25,607",0,520,239,748,15,508,274,"213,210",0,0,"5,947","206,897","376,176","35,850","10,493","31,215","1,201",0,0,0,0,"1,263",43,,0,,,,,0,0,0,0,0,8,,,,,,,,,"275,652",281,,  -   ,,,,,,,,,,,
660,Sindonews,Sindo Podcast,2024,December,"106,270","106,270","2,868",51,00:01:37,21,81,"1,352,225",6,"64,325","48,536","15,789","15,789",0,353,302,329,13,215,109,"102,544",0,0,"4,927","97,072","176,495","17,611","10,022","15,576",965,0,0,0,0,913,34,,0,,,,,0,0,0,0,0,2,,,,,,,,,"275,703",51,,  -   ,,,,,,,,,,,
661,Sindonews,Sindo Podcast,2025,January,"116,362","116,362","5,225",208,00:02:41,25,27,"1,459,245",6,"68,609","50,478","18,131","18,131",0,463,255,473,28,194,176,"61,511",0,0,"11,323","49,797","90,539","11,462","7,899","10,798",529,0,0,0,0,"1,302",81,,0,,,,1,0,0,0,0,0,10,,,,,,,,,"275,911",208,"49,068","  12,920 ",  1 ,,,,,,,,,,
662,Sindonews,Sindo Podcast,2025,February,"75,212","75,212","3,089",131,00:02:27,23,10,"817,980",7,"40,694","28,482","12,212","12,212",0,268,137,365,1,116,137,"30,234",0,0,"9,964","20,060","36,472","4,096","8,904","3,746",402,0,0,0,0,714,55,,0,,,,1,0,0,0,0,0,4,,,,,,,,,"276,042",131,"20,152","  6,290 ",  0 ,,,,,,,,,,
663,Sindonews,Sindo Podcast,2025,March,"56,464","56,444",687,-70,00:00:43,12,,"680,166",6,"27,409","22,359","5,057","4,822",235,216,286,-135,-10,64,123,"16,709",0,0,646,"15,707","28,558","3,252","8,782","3,073",296,0,0,0,0,238,5,,0,,,1,9,0,0,0,0,0,10,,,,,,,,,"275,972",-70,0,  -   ,  -   ,,,,,,,,,,
664,Sindonews,Sindo Podcast,2025,April,"113,579","111,879","1,436",48,00:00:46,21,,"1,165,982",8,"73,934","64,472","9,454","9,041",413,332,284,-598,-2,83,52,"13,401",0,0,553,"11,942","21,713","2,630","8,256","2,461",120,0,0,0,0,383,9,,0,,,,1,0,0,0,0,0,10,,,,,,,,,"276,020",48,0,  -   ,  -   ,,,,,,,,,,
665,Sindonews,Sindo Podcast,2025,May,"72,427","70,928","1,360",-28,00:01:08,12,14,"825,836",6,"39,843","34,397","5,446","5,096",350,247,275,-233,-52,69,347,"53,101",0,0,"4,937","47,546","86,446","8,387","10,307","6,847",749,5,493,0,0,512,33,,0,,,,1,0,0,0,0,0,8,,,,,,,,,"275,992",-28,"9,013","  40,630 ",  2 ,,,,,,,,,,
666,Sindonews,Sindo Podcast,2025,June,"206,534","205,354","20,860","1,402",00:06:05,20,25,"1,971,751",8,"173,855","166,277","7,578","7,427",151,"1,683",281,"1,458",194,281,"2,084","956,086",0,0,"53,121","902,432","1,640,785","202,477","8,104","172,573","4,656",8,761,0,0,"2,152",354,125,18,16,1,,2,0,0,0,0,0,0,,,,,,,,,"277,394","1,402","192,549","  974,100 ",  57 ,,,,,,,,,,
667,Sindonews,Sindo Podcast,2025,July,"68,262","65,536","4,575",47,00:04:11,20,33,"709,788",7,"51,649","42,917","8,732","8,637",95,370,323,227,3,156,223,"178,701",0,0,"8,463","168,649","306,636","40,598","7,553","34,633","2,727",0,5,0,0,692,55,,0,,,,,0,0,0,0,0,0,,,,,,,,,"277,441",47,"50,117","  164,730 ",  10 ,74.40%,25.60%,,0%,9.20%,52.70%,26.10%,5.70%,4.10%,2.20%
668,Sindonews,Sindo Podcast,2025,August,"278,721","277,104","35,187","1,466",00:07:37,23,62,"2,821,104",8,"227,129","199,510","27,619","27,530",89,"1,707",241,"1,625",98,370,"1,456","1,885,513",0,0,"116,831","1,767,810","3,214,096","295,379","10,881","222,736","6,804",0,6,0,0,"4,995",800,0,5,0,0,,,0,0,0,0,0,0,,,,,,,,,"278,968","1,466","245,085","  1,829,880 ",  108 ,80.40%,19.60%,0%,0.50%,4.40%,22.10%,21.60%,21.60%,19.60%,10.20%
669,Sindonews,Sindo Podcast,2025,September,"635,169","626,598","61,420","3,605",00:05:52,29,247,"6,960,361",7,"492,054","404,621","87,433","87,332",101,"3,967",362,"5,291",231,"1,063","3,670","3,752,517",0,0,"134,456","3,615,980","6,574,508","736,100","8,932","570,389","5,989",2,38,0,0,"9,086",952,191,57,5,38,,1,0,0,0,0,"1,452","81,635",,,,,,,,,"282,513","3,605","611,244","  3,768,390 ",  222 ,79.90%,20.10%,0%,0.70%,4.60%,22.40%,18.90%,19.80%,21.70%,12.00%
670,Sindonews,Sindo Podcast,2025,October,"312,182","303,769","38,312","1,899",00:07:33,18,303,"2,981,334",8,"237,330","159,395","77,935","77,818",117,"2,232",333,"2,867",124,697,"1,109","2,269,241",0,0,"129,352","2,136,581","3,885,502","407,670","9,531","286,173","7,470",2,25,0,0,"5,230",894,149,9,3,3,,4,0,0,0,0,343,"20,091",,,,,,,,,"284,412","1,899","263,180","  2,166,990 ",  127 ,81.40%,18.60%,0%,0.50%,3.90%,21.90%,17.10%,17.50%,22.40%,16.60%
671,Sindonews,Sindo Podcast,2025,November,"1,121,667","1,110,456","124,885","3,292",00:06:44,28,268,"11,166,393",8,"745,502","493,965","251,784","251,388",396,"3,714",422,"6,611",488,"1,258","8,660","7,262,643",0,0,"305,077","6,954,381","12,645,930","1,418,144","8,917","1,103,127","6,540",3,11,0,0,"16,328","2,064",26,13,50,150,,,0,0,0,0,"5,456","256,075",,,,,,,,,"287,704","3,292","1,093,226","  7,254,070 ",  427 ,80.80%,19.20%,0%,1.00%,4.80%,23.30%,19.10%,19.70%,20.50%,11.60%
672,Sindonews,Sindo Podcast,2025,December,"986,411","970,423","122,318","3,004",00:07:33,26,308,"9,496,645",8,"644,133","357,966","285,823","283,980","1,843","3,458",454,"7,950",456,"2,087","5,476","8,403,578",0,0,"511,995","7,885,977","14,338,264","1,277,638","11,222","958,554","8,660",0,28,0,0,"20,909","3,548",17,20,147,2,,,0,0,0,0,902,"82,819",,,,,,,,,"290,708","3,004","845,788","  7,560,070 ",  445 ,74.90%,25.00%,0%,0.90%,4.20%,22.50%,19.80%,20.40%,20.30%,11.90%
673,Sindonews,Sindo Podcast,2026,January,"659,168","646,596","83,841","2,378",00:07:46,27,373,"6,796,727",7,"476,242","293,230","182,982","180,144","2,838","2,785",407,"5,350",285,"2,101","3,217","5,049,383",0,0,"361,775","4,568,289","8,309,965","794,987","10,453","533,405","7,631",1,15,0,0,"14,924","2,604",13,13,6,1,,1,0,0,0,0,112,"17,854",,,,,,,,,"293,086","2,378","557,774","  4,344,532 ",,78.20%,21.80%,0%,0.80%,4.10%,24.90%,22.10%,20.50%,17.50%,10.20%
674,Sindonews,Sindo Podcast,2026,February,"1,203,307","1,202,779","137,699","2,707",00:06:52,13,652,"11,577,683",9,"855,434","469,695","383,710","373,836","9,874","3,244",537,"8,159",357,"2,138","5,507","7,909,331",0,0,"563,447","7,345,599","13,348,941","1,369,475","9,747","997,461","6,573",0,8,0,0,"28,386","4,058",765,230,"8,735","1,233",0,2,0,0,0,0,"1,311","191,802",,,,,,,,,"295,793","2,707","1,001,359","  6,197,533 ",,81.70%,18.30%,0.00%,0.80%,4.20%,25.10%,22.90%,20.60%,17.40%,9.00%
675,Sindonews,Sindo Podcast,2026,March,"850,322","849,267","101,444","1,728",00:07:10,8,464,"8,550,751",8,"601,970","335,149","250,939","241,710","9,229","2,173",445,"5,471",259,"1,377","2,978","5,317,873",0,0,"358,418","4,958,813","9,015,210","971,124","9,283","646,495","6,303",0,11,0,0,"16,810","3,027","1,016",237,"4,176",51,,6,0,0,0,0,362,"63,918",,,,,,,,,"297,520","1,728","627,242","  3,532,259 ",,81.50%,18.50%,0.00%,0.90%,4.70%,24.80%,22.60%,21.70%,16.90%,8.40%
676,Sindonews,Sindo Podcast,2026,April,"1,551,264","1,540,336","199,601","2,536",00:07:46,30,245,"14,630,650",8,"976,143","470,465","454,970","429,012","25,958","3,056",520,"8,448",507,"1,344","6,104","8,552,639",0,0,"626,532","7,922,889","14,374,880","1,542,953","9,316","1,206,225","5,463",1,33,0,0,"29,090","4,925",959,320,"9,012","1,071",,8,0,0,0,0,619,"155,635",,,,,,,,,"300,055","2,535","1,312,274","  7,258,269 ",,81.30%,18.70%,0.10%,1.00%,4.70%,24.80%,22.00%,20.40%,18.00%,9.30%
677,Sindonews,Sindo Podcast,2026,May,"1,240,605","1,135,498","136,878","2,160",00:07:13,13,775,"9,392,444",9,"766,023","346,383","303,561","285,346","18,215","2,693",533,"9,742",617,"1,421","3,123","5,769,036",0,0,"448,363","5,264,039","9,552,068","950,021","10,055","686,811","4,950",1,27,0,0,"22,397","3,791",988,360,"1,129",822,,4,0,0,0,0,402,"75,931",,,,,,,,,"302,217","2,160","905,383","  3,577,020 ",,80.50%,19.50%,0.00%,1.00%,5.20%,26.50%,21.20%,18.70%,16.90%,10.40%
678,Sindonews,Sindo Podcast,2026,June,"1,745,782","1,591,550","166,975","2,834",00:06:17,13,"1,039","13,088,779",9,"1,049,226","502,705","472,375","439,099","33,276","3,425",591,"10,521",811,"1,565","4,944","8,272,440",0,0,"538,817","7,695,079","13,990,693","1,392,168","10,050","1,052,680","5,155",0,28,0,0,"29,273","4,324",886,386,682,173,,,0,0,0,0,994,"152,179",,,,,,,,,"305,052","2,834","1,393,066","  6,347,970 ",,77.70%,22.30%,0.00%,1.00%,5.40%,26.40%,20.60%,18.80%,17.50%,10.40%
679,Sindonews,Sindo Podcast,2026,July,"1,943,313","1,816,947","213,807","3,252",00:07:03,16,"1,196","13,976,178",9,"1,161,978","486,343","593,030","544,662","48,368","3,848",596,"11,261",676,"1,617","4,587","10,608,908",0,0,"742,840","9,825,072","17,859,863","1,735,346","10,292","1,274,692","5,878",0,24,0,0,"35,809","5,873",987,358,480,180,,2,0,0,0,0,721,"168,062",,,,,,,,,"308,304","3,252","1,653,729","  8,718,824 ",,76.80%,23.20%,0.00%,0.90%,4.90%,24.70%,18.80%,18.70%,19.30%,
680,Sindonews,Sindo Podcast,2026,August,,,,,,,,,,,,,,,,,,,,,,,,,,,,,,,,,,,,,,,,,,,,,,,,,,,,,,,,,,,,,,,,,,,,,,,
681,Sindonews,Sindo Podcast,2026,September,,,,,,,,,,,,,,,,,,,,,,,,,,,,,,,,,,,,,,,,,,,,,,,,,,,,,,,,,,,,,,,,,,,,,,,
682,Sindonews,Sindo Podcast,2026,October,,,,,,,,,,,,,,,,,,,,,,,,,,,,,,,,,,,,,,,,,,,,,,,,,,,,,,,,,,,,,,,,,,,,,,,
683,Sindonews,Sindo Podcast,2026,November,,,,,,,,,,,,,,,,,,,,,,,,,,,,,,,,,,,,,,,,,,,,,,,,,,,,,,,,,,,,,,,,,,,,,,,
684,Sindonews,Sindo Podcast,2026,December,,,,,,,,,,,,,,,,,,,,,,,,,,,,,,,,,,,,,,,,,,,,,,,,,,,,,,,,,,,,,,,,,,,,,,,
685,Sindonews,Sindonews,2024,January,"24,918,213","24,918,213","1,211,304","53,007",00:02:55,26,"3,336","266,031,550",7,"8,677,982","3,001,295","5,676,687","5,676,687",0,"60,115","7,108","374,187","9,930","58,041","171,991","66,592,299","13,991",1,"1,744,583","64,481,226","117,494,372","15,032,920","7,816","13,775,134","2,672",0,0,0,0,"312,498","16,349",794,"3,890","4,143","2,866",1,83,0,0,0,0,83,"4,086",,,,,,,,,"1,725,174","53,007","19,677,832","  56,457,000 ","  3,321 ",,,,,,,,,,
686,Sindonews,Sindonews,2024,February,"31,962,978","31,962,978","1,619,201","74,768",00:03:02,8,"3,467","313,401,616",8,"11,217,915","3,962,411","7,266,117","7,266,117",0,"83,612","8,844","330,125","13,089","98,111","195,892","117,114,747",0,0,"2,747,743","113,898,132","207,286,584","22,091,673","9,383","19,718,126","3,664",0,0,0,0,"445,937","24,080",561,"7,408","132,859","62,824",,279,0,0,0,0,44,"2,772",,,,,,,,,"1,799,942","74,768","24,712,304","  89,097,000 ","  5,241 ",,,,,,,,,,
687,Sindonews,Sindonews,2024,March,"28,051,813","28,051,813","1,859,477","74,346",00:03:58,15,"2,846","245,608,274",7,"10,957,113","3,109,768","7,847,345","7,847,345",0,"83,364","9,018","246,003","15,149","55,062","101,372","124,739,926",0,0,"2,765,224","120,929,205","222,710,809","22,336,358","9,971","18,198,718","4,447",0,0,0,0,"343,191","27,714",273,"4,321","34,400","52,149",,3,1,0,0,0,29,"2,047",,,,,,,,,"1,874,288","74,346","23,311,682","  119,731,000 ","  7,043 ",,,,,,,,,,
688,Sindonews,Sindonews,2024,April,"29,231,651","29,231,651","1,763,321","66,136",00:03:37,21,"2,824","255,228,668",7,"11,988,134","3,297,074","8,691,060","8,691,060",0,"73,611","7,475","273,318","19,544","41,009","94,284","89,081,733",0,0,"3,317,984","84,439,672","154,638,825","15,628,027","9,895","13,012,777","3,047",0,0,0,0,"386,987","28,982",151,-839,"23,326","10,652",,7,0,0,0,0,15,"1,376",,,,,,,,,"1,940,424","66,136","22,814,651","  77,860,000 ","  4,580 ",,,,,,,,,,
689,Sindonews,Sindonews,2024,May,"26,254,446","26,254,446","1,239,393","47,860",00:02:49,31,"3,193","275,267,795",6,"11,021,145","3,023,405","7,997,740","7,997,740",0,"54,786","6,926","220,665","11,996","37,165","105,938","46,177,739","15,284",1,"2,298,792","43,002,326","78,242,491","8,327,198","9,396","7,414,780","1,759",0,0,0,0,"346,036","20,941",184,944,569,"2,711",,29,3,0,0,0,36,"2,291",,,,,,,,,"1,988,284","47,860","21,152,646","  34,204,000 ","  2,012 ",,,,,,,,,,
690,Sindonews,Sindonews,2024,June,"30,891,454","30,891,454","2,111,080","66,285",00:04:06,35,"3,249","280,415,353",7,"10,713,867","2,770,047","7,943,820","7,943,820",0,"74,472","8,187","296,259","16,656","35,195","169,558","74,369,520",0,0,"3,229,536","69,538,856","126,587,312","12,232,450","10,348","10,413,658","2,407",0,0,0,0,"352,724","29,772",193,"1,407","3,718","9,770",,8,1,0,0,0,16,"2,033",,,,,,,,,"2,054,569","66,285","23,361,634","  61,591,000 ","  3,623 ",,,,,,,,,,
691,Sindonews,Sindonews,2024,July,"28,059,857","28,059,857","1,840,919","52,196",00:03:56,25,"3,460","293,423,955",6,"9,326,067","2,173,856","7,152,211","7,152,211",0,"60,406","8,210","267,456","16,416","40,228","152,816","72,128,929","15,809",1,"2,542,883","68,046,774","124,416,849","13,966,732","8,908","12,218,209","2,571",0,0,0,0,"327,274","24,718",758,"3,372","22,504","27,764",1,429,0,0,0,0,216,"13,564",,,,,,,,,"2,106,765","52,196","20,037,382","  59,636,000 ","  3,508 ",,,,,,,,,,
692,Sindonews,Sindonews,2024,August,"24,393,004","24,393,004","1,391,953","48,522",00:03:25,22,"4,026","301,762,965",6,"9,461,659","2,200,269","7,261,390","7,261,390",0,"56,073","7,551","203,980","11,323","40,621","106,144","80,079,891","27,664",2,"2,813,461","76,594,257","139,430,146","15,606,989","8,934","13,803,066","3,283",0,0,0,0,"433,849","25,839","1,011","4,011","47,354","26,868",,8,0,0,0,2,131,"5,344",,,,,,,,,"2,155,287","48,522","18,210,004","  68,323,000 ","  4,019 ",,,,,,,,,,
693,Sindonews,Sindonews,2024,September,"22,126,681","22,126,681","2,064,728","56,879",00:05:35,25,"4,189","263,988,537",6,"8,930,366","2,122,012","6,808,354","6,808,354",0,"64,481","7,602","191,211","11,685","40,172","114,423","106,647,236","13,785",1,"5,039,766","101,248,249","184,140,598","19,380,276","9,501","16,208,935","4,820",2,43,0,0,"393,484","42,868",932,"2,254","4,177","4,879",2,969,1,0,0,3,88,"5,769",,,,,,,,,"2,212,166","56,879","17,479,761","  97,937,000 ","  5,761 ",,,,,,,,,,
694,Sindonews,Sindonews,2024,October,"27,902,152","27,902,152","1,540,736","54,278",00:03:18,23,"5,205","339,180,791",6,"10,760,126","2,779,301","7,980,825","7,980,825",0,"62,516","8,238","207,562","12,588","42,264","101,288","89,284,215",0,6,"3,694,867","85,045,932","154,718,021","17,146,536","9,023","14,829,615","3,200",46,"2,812","231,236",2,"447,430","28,838","1,005","2,185","10,835","7,896",2,"4,115",0,0,0,1,57,"3,169",,,,,,,,,"2,266,444","54,278","23,435,595","  83,810,000 ","  4,930 ",,,,,,,,,,
695,Sindonews,Sindonews,2024,November,"28,876,647","28,876,647","1,605,196","55,021",00:03:20,23,"4,627","327,362,018",6,"10,940,185","2,741,958","8,198,227","8,198,227",0,"63,279","8,258","225,993","11,842","46,484","114,522","87,080,282","13,878",35,"4,335,357","82,100,595","149,395,108","16,340,687","9,143","14,104,394","3,016",886,"153,289","2,003,281",20,"439,996","29,332",913,"1,865","10,514","6,588",1,211,2,0,0,2,28,"1,724",,,,,,,,,"2,321,465","55,021","22,768,485","  73,525,000 ","  4,325 ",,,,,,,,,,
696,Sindonews,Sindonews,2024,December,"27,660,482","27,660,482","2,018,588","57,082",00:04:22,27,"4,506","313,120,368",6,"10,742,076","2,548,922","8,193,154","8,193,154",0,"66,334","9,252","194,709","11,129","51,290","122,694","121,699,010","13,976",43,"5,627,016","115,570,227","210,213,012","21,034,695","9,994","17,743,126","4,400",502,"85,596","2,350,148",32,"434,092","38,588",950,"2,463",834,"6,417",2,864,0,0,0,6,40,"1,671",,,,,,,,,"2,378,547","57,082","22,681,046","  109,939,000 ","  6,467 ",,,,,,,,,,
697,Sindonews,Sindonews,2025,January,"26,799,395","26,799,395","1,987,811","53,660",00:04:27,19,"4,177","296,480,708",7,"10,820,980","2,528,791","8,292,189","8,292,189",0,"63,389","9,729","192,279","10,544","48,323","116,642","91,793,191","34,845",29,"5,966,404","85,438,087","155,614,481","16,202,887","9,604","14,117,387","3,425",702,"91,754","1,690,530",29,"465,420","42,128",952,"3,138","2,448","7,046",1,17,0,0,1,9,20,"1,320",,,,,,,,,"2,432,207","53,660","22,288,182","  77,926,640 ","  4,584 ",,,,,,,,,,
698,Sindonews,Sindonews,2025,February,"29,986,961","29,986,961","2,328,003","57,441",00:04:39,21,"3,839","313,582,599",7,"10,931,886","2,478,182","8,453,704","8,453,704",0,"67,067","9,626","203,565","12,062","46,373","226,829","124,052,916","27,905",65,"8,162,267","115,184,624","209,526,787","21,411,758","9,786","18,209,356","4,137","3,456","429,105","5,072,383",43,"531,006","49,707",865,"2,761","1,430","11,072",,7,0,0,2,7,16,"1,020",,,,,,,,,"2,489,648","57,441","25,198,294","  113,109,330 ","  6,653 ",,,,,,,,,,
699,Sindonews,Sindonews,2025,March,"26,663,920","26,636,314","2,266,816","52,082",00:05:06,23,"3,694","267,663,691",7,"10,285,918","2,314,113","7,964,223","5,455,800","2,508,423","64,508","12,426","187,527","10,391","48,800","132,490","150,048,339","13,819",193,"6,633,127","140,235,468","254,973,570","23,379,836","10,906","18,904,671","5,633","11,997","665,780","16,787,074",177,"489,661","48,389",894,"2,366","3,546","14,381",,22,0,0,0,1,9,861,,,,,,,,,"2,541,730","52,082","21,432,119","  130,587,880 ","  7,682 ",,,,,,,,,,
700,Sindonews,Sindonews,2025,April,"24,322,237","22,989,852","1,943,857","48,948",00:05:04,23,"2,925","256,945,122",6,"9,286,490","1,973,277","7,326,447","3,260,084","4,066,363","58,346","9,398","157,692","10,986","32,543","124,149","97,500,215","13,866",199,"5,148,715","91,422,314","166,260,661","18,160,441","9,155","15,688,796","4,241","10,739","748,987","13,752,711",171,"378,366","35,357",888,"1,782","1,822","3,247",,20,1,0,0,0,13,790,,,,,,,,,"2,590,678","48,948","19,837,260","  86,831,920 ","  5,108 ",,,,,,,,,,
701,Sindonews,Sindonews,2025,May,"28,918,820","27,190,271","2,271,507","54,079",00:05:00,23,"2,127","279,072,824",7,"10,157,746","2,156,322","8,001,424","3,712,369","4,289,055","63,530","9,451","195,297","13,474","41,278","159,470","107,912,154","43,147",408,"5,692,128","100,374,856","182,533,469","20,623,874","8,851","17,363,749","3,969","22,418","1,366,435","27,478,179",332,"432,417","42,236",947,"1,124","14,004","2,351",1,21,0,0,0,1,12,772,,,,,,,,,"2,644,757","54,079","17,554,932","  72,660,040 ","  4,274 ",,,,,,,,,,
702,Sindonews,Sindonews,2025,June,"21,539,920","20,200,604","1,726,270","40,539",00:05:07,19,971,"194,202,412",7,"8,364,120","1,721,108","6,643,012","2,966,166","3,676,846","48,658","8,119","148,995","10,825","35,733","88,081","93,994,465",0,234,"5,078,033","87,776,905","159,697,987","16,666,775","9,582","13,341,108","4,653","17,668","1,866,671","12,619,064",193,"357,088","34,769",881,494,"11,120","3,313",,13,0,0,0,1,12,636,,,,,,,,,"2,685,296","40,539","15,264,816","  78,575,700 ","  4,622 ",,,,,,,,,,
703,Sindonews,Sindonews,2025,July,"25,640,707","24,955,942","2,198,670","44,251",00:05:17,25,"1,290","239,568,916",7,"8,883,567","1,790,839","7,092,728","3,102,776","3,989,952","53,074","8,823","160,916","10,126","31,779","123,438","119,370,525",0,410,"5,805,896","112,176,664","203,976,145","21,201,206","9,621","17,089,576","4,783","23,082","1,216,043","25,341,519",364,"406,222","41,954","1,073",602,846,"3,973",1,494,3,0,0,0,116,"8,108",,,,,,,,,"2,729,547","44,251","20,923,633","  107,334,090 ","  6,314 ",76.40%,23.50%,,1.00%,6.80%,26.10%,21.10%,19.10%,16.80%,9.10%
704,Sindonews,Sindonews,2025,August,"28,103,138","26,937,064","2,067,988","48,344",00:04:36,26,"1,584","298,666,412",6,"10,341,661","2,426,295","7,915,366","3,695,572","4,219,794","56,323","7,979","200,373","11,168","43,168","139,371","136,229,712","6,226",204,"7,566,471","126,642,977","230,389,157","22,044,687","10,451","17,536,698","5,057","10,347","861,831","13,493,065",181,"571,663","53,191","1,087","1,542","2,307","17,813",2,"5,551",2,0,0,0,"2,808","39,987",,,,,,,,,"2,783,954","48,344","21,189,091","  112,672,770 ","  6,628 ",70.90%,29.00%,0.10%,1.00%,6.70%,27.10%,22.20%,18.80%,15.50%,8.70%
705,Sindonews,Sindonews,2025,September,"24,564,024","23,567,887","1,865,877","42,199",00:04:44,15,"1,865","243,908,972",7,"9,432,569","1,977,593","7,454,976","3,391,727","4,063,249","50,138","7,939","186,634","7,878","46,737","101,438","136,484,144","37,796",245,"8,700,288","126,768,944","230,553,933","21,749,557","10,600","15,743,110","5,791","8,240","632,484","12,743,820",197,"574,662","59,318","1,089","2,511","3,230","5,326",33,"131,022",0,0,91,"7,524","25,315","1,605,536",,,,,,,,,"2,819,613","42,198","17,818,273","  100,262,260 ","  5,898 ",72.30%,27.70%,0.10%,1.10%,6.60%,27.90%,22.70%,18.70%,14.80%,8.30%
706,Sindonews,Sindonews,2025,October,"24,628,143","23,047,606","1,572,558","35,958",00:04:05,20,"2,396","226,480,359",7,"8,618,994","1,747,881","6,871,113","2,915,619","3,955,494","44,143","8,185","204,172","8,283","48,565","117,516","105,750,278","29,439",98,"5,686,503","99,171,216","181,058,058","19,340,946","9,361","14,509,709","4,588","5,280","792,818","6,355,791",98,"481,632","41,015","1,290","3,833","27,335","45,877",41,"760,591",0,0,44,"1,607","19,887","1,776,582",,,,,,,,,"2,855,572","35,958","19,905,131","  88,321,800 ","  5,195 ",74.40%,25.50%,0.10%,1.10%,6.10%,27.00%,22.30%,18.70%,15.70%,9.10%
707,Sindonews,Sindonews,2025,November,"28,038,788","25,844,757","1,921,182","26,786",00:04:27,21,"2,272","246,091,325",7,"9,509,680","2,156,249","7,358,208","3,157,878","4,200,330","34,765","7,979","225,473","10,784","47,681","137,238","132,533,774","30,655",65,"7,410,410","124,060,200","225,658,205","22,567,166","9,999","16,774,874","5,128","4,596","1,281,019","7,263,962",62,"562,186","50,793","1,122","2,710","18,669","9,731",80,"205,326",0,0,3,194,"30,258","2,411,926",,,,,,,,,"2,882,358","26,786","22,074,433","  110,537,060 ","  6,502 ",75.90%,24.00%,0.10%,1.10%,6.10%,26.50%,21.40%,19.20%,16.40%,9.20%
708,Sindonews,Sindonews,2025,December,"28,392,594","25,996,315","1,764,734","22,386",00:04:04,16,"2,421","235,667,456",7,"9,867,801","2,501,191","7,362,935","3,342,150","4,020,785","29,836","7,450","231,116","10,845","50,020","98,423","131,900,992",0,97,"7,596,093","122,782,968","224,316,224","21,115,966","10,623","15,720,766","5,074","7,707","1,824,770","9,018,724",105,"651,257","53,919","1,245","2,794","42,661","13,669",67,"131,794",0,0,4,74,"12,149","1,095,866",,,,,,,,,"2,904,740","22,382","21,287,580","  107,644,000 ","  6,332 ",70.10%,29.80%,0.10%,1.20%,6.20%,26.70%,21.60%,19.50%,15.90%,8.90%
709,Sindonews,Sindonews,2026,January,"23,121,939","21,008,079","1,487,517","16,586",00:04:14,19,"2,705","189,477,686",7,"8,130,867","1,786,290","6,338,797","2,686,263","3,652,534","23,454","6,868","176,007","9,510","46,845","87,519","87,689,212",0,72,"6,034,202","78,228,707","142,491,304","15,128,725","9,419","11,534,500","4,076","4,710","669,792","3,770,636",71,"496,663","44,655","1,115","2,819","4,405","13,717",50,"43,481",0,0,2,82,"8,031","1,028,233",,,,,,,,,"2,921,325","16,581","17,830,633","  64,967,411 ",,73.20%,26.60%,0.10%,1.10%,5.60%,25.80%,20.90%,19.00%,16.90%,10.70%
710,Sindonews,Sindonews,2026,February,"25,680,853","24,107,372","1,965,519","18,689",00:04:53,25,"2,628","215,927,725",7,"8,839,554","1,842,263","6,965,355","2,875,570","4,089,785","26,681","7,992","191,485","8,776","74,300","119,685","129,313,588",0,46,"8,970,844","119,653,335","217,256,355","22,283,038","9,750","16,142,876","5,362","3,444","458,541","1,967,096",42,"593,932","62,627",686,"2,458","69,554","14,682",55,"290,948",0,0,0,46,"24,055","3,345,428",,,,,,,,,"2,940,019","18,688","20,833,877","  107,678,399 ",,74.30%,25.60%,0.10%,1.10%,5.50%,26.00%,21.50%,19.20%,16.80%,10.00%
711,Sindonews,Sindonews,2026,March,"74,908,596","72,260,512","5,667,798","60,962",00:04:42,24,"2,857","560,822,034",9,"18,496,432","5,851,725","12,016,985","6,096,195","5,920,790","75,943","14,981","598,615","23,411","92,352","269,206","371,339,257",0,99,"16,900,929","352,941,500","641,528,700","68,009,059","9,433","48,557,704","5,206","5,277","670,648","6,489,773",88,"1,528,143","143,783","1,023","4,282","16,635","24,008",99,"183,573",0,0,0,51,"75,729","13,035,220",,,,,,,,,"3,000,973","60,962","67,814,129","  339,109,771 ",,76.50%,23.40%,0.10%,1.40%,6.30%,27.40%,23.50%,20.30%,14.00%,6.90%
712,Sindonews,Sindonews,2026,April,"58,833,719","56,408,926","4,733,346","35,810",00:05:02,30,"1,660","433,667,516",9,"13,200,835","2,686,542","9,858,483","5,072,230","4,786,253","48,558","12,748","450,591","20,223","64,755","214,760","241,450,440",0,104,"12,870,125","227,295,895","412,224,695","44,504,671","9,263","34,467,059","4,136","5,415","911,597","9,989,775",68,"1,089,903","105,647","1,004","1,862","25,234","7,098",71,"145,751",0,0,2,85,"76,957","10,747,372",,,,,,,,,"3,036,789","35,811","50,085,840","  210,380,623 ",,77.40%,22.50%,0.10%,1.40%,6.10%,27.00%,22.20%,19.90%,15.30%,8.20%
713,Sindonews,Sindonews,2026,May,"46,442,763","44,145,727","3,736,710","26,001",00:05:04,22,"2,887","333,697,145",9,"11,063,584","2,334,397","8,404,202","4,204,328","4,199,874","35,895","9,894","324,795","15,776","61,313","145,169","212,297,116","17,584",83,"10,876,525","200,162,350","363,052,829","36,122,214","10,051","27,317,582","4,830","5,632","842,781","5,266,341",73,"933,780","91,452","1,057","2,150","12,176","3,952",50,"110,601",0,0,0,30,"37,882","7,840,874",,,,,,,,,"3,062,793","26,001","35,754,963","  158,396,103 ",,75.30%,24.60%,0.10%,1.50%,6.60%,27.40%,20.90%,18.80%,15.60%,9.30%
714,Sindonews,SINDOnews,2026,June,"47,623,084","45,020,981","3,470,327","27,548",00:04:37,22,"2,921","329,900,091",9,"11,634,392","2,438,750","8,647,123","4,031,854","4,615,269","38,119","10,571","347,735","20,336","59,936","191,364","224,016,963","6,982",35,"10,484,384","211,989,302","385,074,658","37,234,540","10,342","28,287,239","5,011","2,865","779,367","1,614,979",29,"963,333","85,852",913,"2,101","2,629","4,938",55,"58,500",0,0,1,20,"35,283","6,962,197",,,,,,,,,"3,090,341","27,548","38,772,688","  183,439,785 ",,75.10%,24.80%,0.10%,1.30%,6.00%,26.70%,20.80%,18.90%,16.50%,9.80%
715,Sindonews,SINDOnews,2026,July,"45,018,557","42,215,773","3,342,829","24,712",00:04:44,20,"3,155","326,733,020",8,"11,536,410","2,114,180","8,608,750","3,652,592","4,956,158","34,182","9,470","284,473","12,682","54,379","173,375","217,748,563",0,34,"11,452,148","205,109,203","372,478,699","35,232,706","10,572","27,192,595","5,170","2,439","756,653","1,793,277",31,"948,231","89,493","1,043","2,560","4,200","8,232",33,"42,545",0,0,0,40,"28,915","5,770,021",,,,,,,,,"3,115,055","24,712","36,229,803","  176,967,342 ",,75.90%,24.00%,0.10%,1.10%,5.40%,25.50%,19.80%,18.50%,18.00%,
716,Sindonews,SINDOnews,2026,August,,,,,,,,,,,,,,,,,,,,,,,,,,,,,,,,,,,,,,,,,,,,,,,,,,,,,,,,,,,,,,,,,,,,,,,
717,Sindonews,SINDOnews,2026,September,,,,,,,,,,,,,,,,,,,,,,,,,,,,,,,,,,,,,,,,,,,,,,,,,,,,,,,,,,,,,,,,,,,,,,,
718,Sindonews,SINDOnews,2026,October,,,,,,,,,,,,,,,,,,,,,,,,,,,,,,,,,,,,,,,,,,,,,,,,,,,,,,,,,,,,,,,,,,,,,,,
719,Sindonews,SINDOnews,2026,November,,,,,,,,,,,,,,,,,,,,,,,,,,,,,,,,,,,,,,,,,,,,,,,,,,,,,,,,,,,,,,,,,,,,,,,
720,Sindonews,SINDOnews,2026,December,,,,,,,,,,,,,,,,,,,,,,,,,,,,,,,,,,,,,,,,,,,,,,,,,,,,,,,,,,,,,,,,,,,,,,,